x,y,z,diff_x,diff_y,diff_z,d_x,d_y,d_z,d_n,di_x,di_y,di_z
75,0.000001,75,75,0.000001,75,0.000000E+0,0.000000E+0,0.000000E+0,0,0,0,0
72,0.000001,75,72,0.000001,75,0.000000E+0,0.000000E+0,0.000000E+0,0,0,0,0
69,0.000001,75,69,0.000001,75,0.000000E+0,0.000000E+0,0.000000E+0,0,0,0,0
66,0.000001,75,66,0.000001,75,0.000000E+0,0.000000E+0,0.000000E+0,0,0,0,0
63,0.000001,75,63,0.000001,75,0.000000E+0,0.000000E+0,0.000000E+0,0,0,0,0
60,0.000001,75,60,0.000001,75,0.000000E+0,0.000000E+0,0.000000E+0,0,0,0,0
57,0.000001,75,57,0.000001,75,0.000000E+0,0.000000E+0,0.000000E+0,0,0,0,0
54,0.000001,75,54,0.000001,75,0.000000E+0,0.000000E+0,0.000000E+0,0,0,0,0
51,0.000001,75,51,0.000001,75,0.000000E+0,0.000000E+0,0.000000E+0,0,0,0,0
48,0.000001,75,48,0.000001,75,0.000000E+0,0.000000E+0,0.000000E+0,0,0,0,0
45,0.000001,75,45,0.000001,75,0.000000E+0,0.000000E+0,0.000000E+0,0,0,0,0
42,0.000001,75,42,0.000001,75,0.000000E+0,0.000000E+0,0.000000E+0,0,0,0,0
39,0.000001,75,39,0.000001,75,0.000000E+0,0.000000E+0,0.000000E+0,0,0,0,0
36,0.000001,75,36,0.000001,75,0.000000E+0,0.000000E+0,0.000000E+0,0,0,0,0
33,0.000001,75,33,0.000001,75,0.000000E+0,0.000000E+0,0.000000E+0,0,0,0,0
30,0.000001,75,30,0.000001,75,0.000000E+0,0.000000E+0,0.000000E+0,0,0,0,0
27,0.000001,75,27,0.000001,75,0.000000E+0,0.000000E+0,0.000000E+0,0,0,0,0
24,0.000001,75,24,0.000001,75,0.000000E+0,0.000000E+0,0.000000E+0,0,0,0,0
21,0.000001,75,21,0.000001,75,0.000000E+0,0.000000E+0,0.000000E+0,0,0,0,0
18,0.000001,75,18,0.000001,75,0.000000E+0,0.000000E+0,0.000000E+0,0,0,0,0
15,0.000001,75,15,0.000001,75,0.000000E+0,0.000000E+0,0.000000E+0,0,0,0,0
12,0.000001,75,12,0.000001,75,0.000000E+0,0.000000E+0,0.000000E+0,0,0,0,0
9,0.000001,75,9,0.000001,75,0.000000E+0,0.000000E+0,0.000000E+0,0,0,0,0
6,0.000001,75,6,0.000001,75,0.000000E+0,0.000000E+0,0.000000E+0,0,0,0,0
3,0.000001,75,3,0.000001,75,0.000000E+0,0.000000E+0,0.000000E+0,0,0,0,0
0,0.000001,75,0.000000,0.000001,75,6.538160E-35,0.000000E+0,0.000000E+0,0.00,0.00,0,0
-3,0.000001,75,-3,0.000001,75,0.000000E+0,0.000000E+0,0.000000E+0,0,0,0,0
-6,0.000001,75,-6,0.000001,75,0.000000E+0,0.000000E+0,0.000000E+0,0,0,0,0
-9,0.000001,75,-9,0.000001,75,0.000000E+0,0.000000E+0,0.000000E+0,0,0,0,0
-12,0.000001,75,-12,0.000001,75,0.000000E+0,0.000000E+0,0.000000E+0,0,0,0,0
-15,0.000001,75,-15,0.000001,75,0.000000E+0,0.000000E+0,0.000000E+0,0,0,0,0
-18,0.000001,75,-18,0.000001,75,0.000000E+0,0.000000E+0,0.000000E+0,0,0,0,0
-21,0.000001,75,-21,0.000001,75,0.000000E+0,0.000000E+0,0.000000E+0,0,0,0,0
-24,0.000001,75,-24,0.000001,75,0.000000E+0,0.000000E+0,0.000000E+0,0,0,0,0
-27,0.000001,75,-27,0.000001,75,0.000000E+0,0.000000E+0,0.000000E+0,0,0,0,0
-30,0.000001,75,-30,0.000001,75,0.000000E+0,0.000000E+0,0.000000E+0,0,0,0,0
-33,0.000001,75,-33,0.000001,75,0.000000E+0,0.000000E+0,0.000000E+0,0,0,0,0
-36,0.000001,75,-36,0.000001,75,0.000000E+0,0.000000E+0,0.000000E+0,0,0,0,0
-39,0.000001,75,-39,0.000001,75,0.000000E+0,0.000000E+0,0.000000E+0,0,0,0,0
-42,0.000001,75,-42,0.000001,75,0.000000E+0,0.000000E+0,0.000000E+0,0,0,0,0
-45,0.000001,75,-45,0.000001,75,0.000000E+0,0.000000E+0,0.000000E+0,0,0,0,0
-48,0.000001,75,-48,0.000001,75,0.000000E+0,0.000000E+0,0.000000E+0,0,0,0,0
-51,0.000001,75,-51,0.000001,75,0.000000E+0,0.000000E+0,0.000000E+0,0,0,0,0
-54,0.000001,75,-54,0.000001,75,0.000000E+0,0.000000E+0,0.000000E+0,0,0,0,0
-57,0.000001,75,-57,0.000001,75,0.000000E+0,0.000000E+0,0.000000E+0,0,0,0,0
-60,0.000001,75,-60,0.000001,75,0.000000E+0,0.000000E+0,0.000000E+0,0,0,0,0
-63,0.000001,75,-63,0.000001,75,0.000000E+0,0.000000E+0,0.000000E+0,0,0,0,0
-66,0.000001,75,-66,0.000001,75,0.000000E+0,0.000000E+0,0.000000E+0,0,0,0,0
-69,0.000001,75,-69,0.000001,75,0.000000E+0,0.000000E+0,0.000000E+0,0,0,0,0
-72,0.000001,75,-72,0.000001,75,0.000000E+0,0.000000E+0,0.000000E+0,0,0,0,0
-75,0.000001,75,-75,0.000001,75,0.000000E+0,0.000000E+0,0.000000E+0,0,0,0,0
75,0.000001,72,75,0.000001,72,0.000000E+0,0.000000E+0,0.000000E+0,0,0,0,0
72.00,-0.000295,72.00,72.00,-0.000266,72.00,0.000000E+0,-2.905800E-5,0.000000E+0,0.00,0,0.00,0
69.00,-0.000031,72.00,69.00,0.000073,72.00,-1.000000E-4,-1.047619E-4,-1.000000E-4,0.00,0.00,0.00,0.00
66.00,-0.000074,72.00,66.00,0.000163,72.00,-2.000000E-4,-2.369103E-4,-1.000000E-4,0.00,0.00,0.00,0.00
63.00,-0.000576,72.00,63.00,-0.000163,72.00,-2.000000E-4,-4.129890E-4,-2.000000E-4,0.00,0.00,0.00,0.00
60.00,-0.001314,72.00,60.00,-0.000695,72.00,-2.000000E-4,-6.191160E-4,-1.000000E-4,0.00,0.00,0.00,0.00
57.00,-0.002566,72.00,57.00,-0.001720,72.00,-3.000000E-4,-8.468300E-4,-1.000000E-4,0.00,0.00,0.00,0.00
54.00,-0.003426,72.00,54.00,-0.002339,72.00,-3.000000E-4,-1.086850E-3,-2.000000E-4,0.00,0.00,0.00,0.00
51.00,-0.005017,72.00,51.00,-0.003681,72.00,-3.000000E-4,-1.336060E-3,-2.000000E-4,0.00,0.00,0.00,0.00
48.00,-0.006352,72.00,48.00,-0.004759,72.00,-4.000000E-4,-1.593710E-3,-2.000000E-4,0.00,0.00,0.00,0.00
45.00,-0.008063,72.00,45.00,-0.006199,72.00,-5.000000E-4,-1.863960E-3,-2.000000E-4,0.00,0.00,0.00,0.00
42.00,-0.010344,72.00,42.00,-0.008191,72.00,-4.000000E-4,-2.152420E-3,-2.000000E-4,0.00,0.00,0.00,0.00
39.00,-0.013003,72.00,39.00,-0.010531,72.00,-5.000000E-4,-2.472500E-3,-3.000000E-4,0.00,0.00,0.00,0.00
36.00,-0.015815,72.00,36.00,-0.012997,72.00,-6.000000E-4,-2.817400E-3,-3.000000E-4,0.00,0.00,0.00,0.00
33.00,-0.019028,72.00,33.00,-0.015857,72.00,-6.000000E-4,-3.171100E-3,-3.000000E-4,0.00,0.00,0.00,0.00
30.00,-0.022084,72.00,30.00,-0.018556,72.00,-6.000000E-4,-3.527600E-3,-4.000000E-4,0.00,0.00,0.00,0.00
27.00,-0.025267,72.00,27.00,-0.021371,72.00,-7.000000E-4,-3.896100E-3,-3.000000E-4,0.00,0.00,0.00,0.00
24.00,-0.028706,72.00,24.00,-0.024433,72.00,-8.000000E-4,-4.273500E-3,-5.000000E-4,0.00,0.00,0.00,0.00
21.00,-0.032216,72.00,21.00,-0.027561,72.00,-8.000000E-4,-4.655400E-3,-5.000000E-4,0.00,0.00,0.00,0.00
18.00,-0.035412,72.00,18.00,-0.030372,72.00,-8.000000E-4,-5.039900E-3,-5.000000E-4,0.01,0.00,0.01,0.00
15.00,-0.038304,72.00,15.00,-0.032887,72.00,-8.000000E-4,-5.417000E-3,-5.000000E-4,0.01,0.00,0.01,0.00
12.00,-0.041466,71.99,12.00,-0.035682,72.00,-9.000000E-4,-5.783600E-3,-6.000000E-4,0.01,0.00,0.01,0.00
9.00,-0.043519,71.99,9.00,-0.037381,71.99,-8.500000E-4,-6.138200E-3,-7.000000E-4,0.01,0.00,0.01,0.00
6.00,-0.045000,71.99,6.00,-0.038526,71.99,-8.500000E-4,-6.473800E-3,-7.000000E-4,0.01,0.00,0.01,0.00
3.00,-0.046495,71.99,3.00,-0.039706,71.99,-8.500000E-4,-6.788900E-3,-7.000000E-4,0.01,0.00,0.01,0.00
-0.000754,-0.047351,71.99,0.000066,-0.040274,71.99,-8.201649E-4,-7.077000E-3,-8.000000E-4,0.01,0.00,0.01,0.00
-3.00,-0.047034,71.99,-3.00,-0.039701,71.99,-7.900000E-4,-7.332500E-3,-8.000000E-4,0.01,0.00,0.01,0.00
-6.00,-0.046619,71.99,-6.00,-0.039072,71.99,-7.400000E-4,-7.546400E-3,-9.000000E-4,0.01,0.00,0.01,0.00
-9.00,-0.045125,71.99,-9.00,-0.037410,71.99,-6.800000E-4,-7.715200E-3,-9.000000E-4,0.01,0.00,0.01,0.00
-12.00,-0.043545,71.99,-12.00,-0.035715,72.00,-6.000000E-4,-7.829500E-3,-9.000000E-4,0.01,0.00,0.01,0.00
-15,-0.040985,71.99,-15.00,-0.033100,72.00,-5.000000E-4,-7.885000E-3,-1.000000E-3,0.01,0.00,0.01,0.00
-18.00,-0.038606,72.00,-18.00,-0.030729,72.00,-4.000000E-4,-7.877200E-3,-9.000000E-4,0.01,0.00,0.01,0.00
-21.00,-0.035503,72.00,-21.00,-0.027702,72.00,-4.000000E-4,-7.800400E-3,-9.000000E-4,0.01,0.00,0.01,0.00
-24.00,-0.032727,72.00,-24.00,-0.025065,72.00,-3.000000E-4,-7.661900E-3,-9.000000E-4,0.01,0.00,0.01,0.00
-27.00,-0.029811,72.00,-27.00,-0.022353,72.00,-2.000000E-4,-7.457900E-3,-8.000000E-4,0.01,0.00,0.01,0.00
-30.00,-0.026338,72.00,-30.00,-0.019151,72.00,-1.000000E-4,-7.187800E-3,-9.000000E-4,0.01,0.00,0.01,0.00
-33.00,-0.022979,72.00,-33.00,-0.016136,72.00,-1.000000E-4,-6.842500E-3,-8.000000E-4,0.01,0.00,0.01,0.00
-36.00,-0.020046,72.00,-36.00,-0.013632,72.00,0.000000E+0,-6.413900E-3,-8.000000E-4,0.01,0,0.01,0.00
-39.00,-0.016640,72.00,-39.00,-0.010726,72.00,1.000000E-4,-5.914600E-3,-6.000000E-4,0.01,0.00,0.01,0.00
-42.00,-0.013949,72.00,-42.00,-0.008584,72.00,1.000000E-4,-5.364590E-3,-7.000000E-4,0.01,0.00,0.01,0.00
-45.00,-0.011293,72.00,-45.00,-0.006515,72.00,2.000000E-4,-4.777890E-3,-5.000000E-4,0.00,0.00,0.00,0.00
-48.00,-0.009413,72.00,-48.00,-0.005257,72.00,2.000000E-4,-4.155680E-3,-5.000000E-4,0.00,0.00,0.00,0.00
-51.00,-0.007061,72.00,-51.00,-0.003552,72.00,2.000000E-4,-3.508720E-3,-5.000000E-4,0.00,0.00,0.00,0.00
-54.00,-0.005487,72.00,-54.00,-0.002636,72.00,3.000000E-4,-2.850860E-3,-4.000000E-4,0.00,0.00,0.00,0.00
-57.00,-0.003850,72.00,-57.00,-0.001651,72.00,3.000000E-4,-2.199010E-3,-3.000000E-4,0.00,0.00,0.00,0.00
-60.00,-0.002508,72.00,-60.00,-0.000931,72.00,2.000000E-4,-1.576992E-3,-3.000000E-4,0.00,0.00,0.00,0.00
-63.00,-0.001152,72.00,-63.00,-0.000136,72.00,2.000000E-4,-1.015612E-3,-2.000000E-4,0.00,0.00,0.00,0.00
-66.00,-0.000418,72.00,-66.00,0.000130,72.00,2.000000E-4,-5.484110E-4,-2.000000E-4,0.00,0.00,0.00,0.00
-69.00,-0.000213,72.00,-69.00,0.000002,72.00,2.000000E-4,-2.149461E-4,-2.000000E-4,0.00,0.00,0.00,0.00
-72.00,-0.000275,72.00,-72.00,-0.000228,72.00,1.000000E-4,-4.718100E-5,-1.000000E-4,0.00,0.00,0.00,0.00
-75,0.000001,72,-75,0.000001,72,0.000000E+0,0.000000E+0,0.000000E+0,0,0,0,0
75,0.000001,69,75,0.000001,69,0.000000E+0,0.000000E+0,0.000000E+0,0,0,0,0
72.00,0.000215,69.00,72.00,0.000320,69.00,-1.000000E-4,-1.049910E-4,-1.000000E-4,0.00,0.00,0.00,0.00
69.00,-0.000278,69.00,69.00,0.000103,69.00,-2.000000E-4,-3.809210E-4,-1.000000E-4,0.00,0.00,0.00,0.00
66.00,-0.001523,69.00,66.00,-0.000662,69.00,-3.000000E-4,-8.614940E-4,-2.000000E-4,0.00,0.00,0.00,0.00
63.00,-0.003623,69.00,63.00,-0.002114,69.00,-3.000000E-4,-1.509090E-3,-2.000000E-4,0.00,0.00,0.00,0.00
60.00,-0.006189,69.00,60.00,-0.003910,69.00,-5.000000E-4,-2.279820E-3,-2.000000E-4,0.00,0.00,0.00,0.00
57.00,-0.010084,69.00,57.00,-0.006948,69.00,-5.000000E-4,-3.135420E-3,-3.000000E-4,0.00,0.00,0.00,0.00
54.00,-0.013900,69.00,54.00,-0.009849,69.00,-6.000000E-4,-4.051230E-3,-3.000000E-4,0.00,0.00,0.00,0.00
51.00,-0.019038,69.00,51.00,-0.014027,69.00,-6.000000E-4,-5.011100E-3,-3.000000E-4,0.01,0.00,0.01,0.00
48.00,-0.024565,69.00,48.00,-0.018552,69.00,-8.000000E-4,-6.013400E-3,-3.000000E-4,0.01,0.00,0.01,0.00
45.00,-0.030816,69.00,45.00,-0.023756,69.00,-9.000000E-4,-7.060600E-3,-4.000000E-4,0.01,0.00,0.01,0.00
42.00,-0.038092,69.00,42.00,-0.029924,69.00,-1.000000E-3,-8.168100E-3,-4.000000E-4,0.01,0.00,0.01,0.00
39.00,-0.046477,69.00,39.00,-0.037143,69.00,-1.000000E-3,-9.334900E-3,-4.000000E-4,0.01,0.00,0.01,0.00
36.00,-0.056179,69.00,36.00,-0.045616,69.00,-1.100000E-3,-1.056330E-2,-5.000000E-4,0.01,0.00,0.01,0.00
33.00,-0.066402,69.00,33.00,-0.054557,69.00,-1.200000E-3,-1.184440E-2,-5.000000E-4,0.01,0.00,0.01,0.00
30.00,-0.076893,69.00,30.00,-0.063728,69.00,-1.300000E-3,-1.316510E-2,-5.000000E-4,0.01,0.00,0.01,0.00
27.00,-0.087435,69.00,27.00,-0.072922,69.00,-1.300000E-3,-1.451250E-2,-6.000000E-4,0.01,0.00,0.01,0.00
24.00,-0.098296,69.00,24.00,-0.082417,69.00,-1.400000E-3,-1.587850E-2,-6.000000E-4,0.02,0.00,0.02,0.00
21.00,-0.108726,69.00,21.00,-0.091472,69.00,-1.500000E-3,-1.725400E-2,-7.000000E-4,0.02,0.00,0.02,0.00
18.00,-0.118655,69.00,18.00,-0.100035,69.00,-1.500000E-3,-1.862000E-2,-7.000000E-4,0.02,0.00,0.02,0.00
15.00,-0.128064,68.99,15.00,-0.108092,69.00,-1.600000E-3,-1.997200E-2,-8.000000E-4,0.02,0.00,0.02,0.00
12.00,-0.136462,68.99,12.00,-0.115170,69.00,-1.700000E-3,-2.129200E-2,-8.000000E-4,0.02,0.00,0.02,0.00
9.00,-0.143012,68.99,9.00,-0.120442,69.00,-1.620000E-3,-2.257000E-2,-8.000000E-4,0.02,0.00,0.02,0.00
6.00,-0.148683,68.99,6.00,-0.124890,69.00,-1.630000E-3,-2.379300E-2,-9.000000E-4,0.02,0.00,0.02,0.00
3.00,-0.152395,68.99,3.00,-0.127454,68.99,-1.610000E-3,-2.494100E-2,-1.000000E-3,0.03,0.00,0.02,0.00
-0.001490,-0.154387,68.99,0.000092,-0.128390,68.99,-1.581657E-3,-2.599700E-2,-1.100000E-3,0.03,0.00,0.03,0.00
-3.00,-0.154403,68.99,-3.00,-0.127468,68.99,-1.510000E-3,-2.693500E-2,-1.100000E-3,0.03,0.00,0.03,0.00
-6.00,-0.152867,68.99,-6.00,-0.125134,69.00,-1.440000E-3,-2.773300E-2,-1.300000E-3,0.03,0.00,0.03,0.00
-9.00,-0.149489,68.99,-9.00,-0.121122,69.00,-1.340000E-3,-2.836700E-2,-1.300000E-3,0.03,0.00,0.03,0.00
-12.00,-0.144476,68.99,-12.00,-0.115662,69.00,-1.300000E-3,-2.881400E-2,-1.300000E-3,0.03,0.00,0.03,0.00
-15.00,-0.137964,68.99,-15.00,-0.108908,69.00,-1.100000E-3,-2.905600E-2,-1.400000E-3,0.03,0.00,0.03,0.00
-18.00,-0.130115,68.99,-18.00,-0.101039,69.00,-1.000000E-3,-2.907600E-2,-1.400000E-3,0.03,0.00,0.03,0.00
-21.00,-0.121567,69.00,-21.00,-0.092706,69.00,-8.000000E-4,-2.886060E-2,-1.500000E-3,0.03,0.00,0.03,0.00
-24.00,-0.112159,69.00,-24.00,-0.083760,69.00,-6.000000E-4,-2.839930E-2,-1.500000E-3,0.03,0.00,0.03,0.00
-27,-0.102317,69.00,-27.00,-0.074631,69.00,-5.000000E-4,-2.768580E-2,-1.400000E-3,0.03,0.00,0.03,0.00
-30.00,-0.092047,69.00,-30.00,-0.065338,69.00,-3.000000E-4,-2.670990E-2,-1.400000E-3,0.03,0.00,0.03,0.00
-33.00,-0.081542,69.00,-33.00,-0.056080,69.00,-2.000000E-4,-2.546180E-2,-1.300000E-3,0.03,0.00,0.03,0.00
-36.00,-0.071113,69.00,-36.00,-0.047169,69.00,0.000000E+0,-2.394430E-2,-1.300000E-3,0.02,0,0.02,0.00
-39.00,-0.061337,69.00,-39.00,-0.039166,69.00,1.000000E-4,-2.217170E-2,-1.200000E-3,0.02,0.00,0.02,0.00
-42.00,-0.051679,69.00,-42.00,-0.031504,69.00,3.000000E-4,-2.017440E-2,-1.100000E-3,0.02,0.00,0.02,0.00
-45.00,-0.042960,69.00,-45.00,-0.024973,69.00,3.000000E-4,-1.798690E-2,-1.100000E-3,0.02,0.00,0.02,0.00
-48.00,-0.035245,69.00,-48.00,-0.019588,69.00,4.000000E-4,-1.565700E-2,-1.000000E-3,0.02,0.00,0.02,0.00
-51.00,-0.028378,69.00,-51.00,-0.015150,69.00,4.000000E-4,-1.322820E-2,-9.000000E-4,0.01,0.00,0.01,0.00
-54.00,-0.021356,69.00,-54.00,-0.010596,69.00,4.000000E-4,-1.075950E-2,-7.000000E-4,0.01,0.00,0.01,0.00
-57.00,-0.015654,69.00,-57.00,-0.007332,69.00,4.000000E-4,-8.321740E-3,-6.000000E-4,0.01,0.00,0.01,0.00
-60.00,-0.010305,69.00,-60.00,-0.004303,69.00,4.000000E-4,-6.002070E-3,-6.000000E-4,0.01,0.00,0.01,0.00
-63.00,-0.006197,69.00,-63.00,-0.002290,69.00,4.000000E-4,-3.907450E-3,-4.000000E-4,0.00,0.00,0.00,0.00
-66.00,-0.003173,69.00,-66.00,-0.001010,69.00,4.000000E-4,-2.163620E-3,-4.000000E-4,0.00,0.00,0.00,0.00
-69.00,-0.001039,69.00,-69.00,-0.000137,69.00,2.000000E-4,-9.017410E-4,-3.000000E-4,0.00,0.00,0.00,0.00
-72.00,-0.000181,69.00,-72.00,0.000034,69.00,1.000000E-4,-2.147567E-4,-2.000000E-4,0.00,0.00,0.00,0.00
-75,0.000001,69,-75,0.000001,69,0.000000E+0,0.000000E+0,0.000000E+0,0,0,0,0
75,0.000001,66,75,0.000001,66,0.000000E+0,0.000000E+0,0.000000E+0,0,0,0,0
72.00,-0.000320,66.00,72.00,-0.000082,66.00,-2.000000E-4,-2.376894E-4,-2.000000E-4,0.00,0.00,0.00,0.00
69.00,-0.001481,66.00,69.00,-0.000619,66.00,-3.000000E-4,-8.619730E-4,-2.000000E-4,0.00,0.00,0.00,0.00
66.00,-0.004397,66.00,66.00,-0.002519,66.00,-4.000000E-4,-1.877850E-3,-3.000000E-4,0.00,0.00,0.00,0.00
63.00,-0.008636,66.00,63.00,-0.005416,66.00,-5.000000E-4,-3.219870E-3,-3.000000E-4,0.00,0.00,0.00,0.00
60.00,-0.014834,66.00,60.00,-0.010027,66.00,-7.000000E-4,-4.807000E-3,-3.000000E-4,0.00,0.00,0.00,0.00
57.00,-0.022507,66.00,57.00,-0.015935,66.00,-7.000000E-4,-6.571300E-3,-3.000000E-4,0.01,0.00,0.01,0.00
54.00,-0.031161,66.00,54.00,-0.022701,66.00,-9.000000E-4,-8.460400E-3,-4.000000E-4,0.01,0.00,0.01,0.00
51.00,-0.041338,66.00,51.00,-0.030890,66.00,-9.000000E-4,-1.044720E-2,-4.000000E-4,0.01,0.00,0.01,0.00
48.00,-0.052807,66.00,48.00,-0.040287,66.00,-1.100000E-3,-1.251950E-2,-4.000000E-4,0.01,0.00,0.01,0.00
45.00,-0.065595,66.00,45.00,-0.050911,66.00,-1.200000E-3,-1.468390E-2,-4.000000E-4,0.01,0.00,0.01,0.00
42.00,-0.079905,66.00,42.00,-0.062958,66.00,-1.300000E-3,-1.694660E-2,-4.000000E-4,0.02,0.00,0.02,0.00
39.00,-0.095740,66.00,39.00,-0.076419,66.00,-1.500000E-3,-1.932100E-2,-5.000000E-4,0.02,0.00,0.02,0.00
36.00,-0.112789,66.00,36.00,-0.090986,66.00,-1.500000E-3,-2.180310E-2,-5.000000E-4,0.02,0.00,0.02,0.00
33.00,-0.130844,66.00,33.00,-0.106459,66.00,-1.600000E-3,-2.438500E-2,-5.000000E-4,0.02,0.00,0.02,0.00
30.00,-0.149625,66.00,30.00,-0.122578,66.00,-1.800000E-3,-2.704700E-2,-6.000000E-4,0.03,0.00,0.03,0.00
27.00,-0.168587,66.00,27.00,-0.138821,66.00,-1.900000E-3,-2.976600E-2,-5.000000E-4,0.03,0.00,0.03,0.00
24.00,-0.187448,66.00,24.00,-0.154926,66.00,-2.000000E-3,-3.252200E-2,-6.000000E-4,0.03,0.00,0.03,0.00
21.00,-0.205645,66.00,21,-0.170356,66.00,-2.100000E-3,-3.528900E-2,-6.000000E-4,0.04,0.00,0.04,0.00
18.00,-0.222805,66.00,18,-0.184758,66.00,-2.100000E-3,-3.804700E-2,-6.000000E-4,0.04,0.00,0.04,0.00
15.00,-0.238509,66.00,15.00,-0.197741,66.00,-2.200000E-3,-4.076800E-2,-6.000000E-4,0.04,0.00,0.04,0.00
12.00,-0.252640,66.00,12.00,-0.209204,66.00,-2.300000E-3,-4.343600E-2,-6.000000E-4,0.04,0.00,0.04,0.00
9.00,-0.264542,66.00,9.00,-0.218519,66.00,-2.290000E-3,-4.602300E-2,-7.000000E-4,0.05,0.00,0.05,0.00
6.00,-0.273618,66.00,6.00,-0.225116,66.00,-2.300000E-3,-4.850200E-2,-8.000000E-4,0.05,0.00,0.05,0.00
3.00,-0.280235,66.00,3.00,-0.229397,66.00,-2.310000E-3,-5.083800E-2,-9.000000E-4,0.05,0.00,0.05,0.00
-0.002239,-0.284041,66.00,0.000026,-0.231056,66.00,-2.264506E-3,-5.298500E-2,-1.000000E-3,0.05,0.00,0.05,0.00
-3.00,-0.284780,66.00,-3.00,-0.229877,66.00,-2.220000E-3,-5.490300E-2,-1.000000E-3,0.05,0.00,0.05,0.00
-6.00,-0.282639,66.00,-6.00,-0.226095,66.00,-2.120000E-3,-5.654400E-2,-1.200000E-3,0.06,0.00,0.06,0.00
-9.00,-0.277282,66.00,-9,-0.219423,66.00,-2.010000E-3,-5.785900E-2,-1.300000E-3,0.06,0.00,0.06,0.00
-12.00,-0.269479,66.00,-12.00,-0.210672,66.00,-1.800000E-3,-5.880700E-2,-1.400000E-3,0.06,0.00,0.06,0.00
-15.00,-0.258988,66.00,-15,-0.199643,66.00,-1.700000E-3,-5.934500E-2,-1.500000E-3,0.06,0.00,0.06,0.00
-18.00,-0.246520,66.00,-18,-0.187076,66.00,-1.500000E-3,-5.944400E-2,-1.600000E-3,0.06,0.00,0.06,0.00
-21.00,-0.232071,66.00,-21.00,-0.172997,66.00,-1.300000E-3,-5.907400E-2,-1.700000E-3,0.06,0.00,0.06,0.00
-24.00,-0.215949,66.00,-24.00,-0.157737,66.00,-1.000000E-3,-5.821200E-2,-1.800000E-3,0.06,0.00,0.06,0.00
-27.00,-0.198813,66.00,-27.00,-0.141982,66.00,-8.000000E-4,-5.683100E-2,-1.700000E-3,0.06,0.00,0.06,0.00
-30.00,-0.180915,66.00,-30.00,-0.126003,66.00,-6.000000E-4,-5.491200E-2,-1.700000E-3,0.05,0.00,0.05,0.00
-33,-0.162472,66.00,-33.00,-0.110026,66.00,-4.000000E-4,-5.244600E-2,-1.700000E-3,0.05,0.00,0.05,0.00
-36.00,-0.143785,66.00,-36.00,-0.094357,66.00,-1.000000E-4,-4.942830E-2,-1.700000E-3,0.05,0.00,0.05,0.00
-39.00,-0.125476,66.00,-39.00,-0.079588,66.00,0.000000E+0,-4.588830E-2,-1.600000E-3,0.05,0,0.05,0.00
-42.00,-0.107795,66.00,-42.00,-0.065927,66.00,1.000000E-4,-4.186820E-2,-1.600000E-3,0.04,0.00,0.04,0.00
-45.00,-0.090855,66.00,-45.00,-0.053412,66.00,3.000000E-4,-3.744260E-2,-1.400000E-3,0.04,0.00,0.04,0.00
-48.00,-0.075418,66.00,-48.00,-0.042725,66.00,4.000000E-4,-3.269270E-2,-1.300000E-3,0.03,0.00,0.03,0.00
-51.00,-0.060525,66.00,-51.00,-0.032802,66.00,4.000000E-4,-2.772310E-2,-1.200000E-3,0.03,0.00,0.03,0.00
-54.00,-0.046895,66.00,-54.00,-0.024238,66.00,6.000000E-4,-2.265680E-2,-1.100000E-3,0.02,0.00,0.02,0.00
-57.00,-0.034727,66.00,-57.00,-0.017083,66.00,5.000000E-4,-1.764350E-2,-9.000000E-4,0.02,0.00,0.02,0.00
-60.00,-0.023886,66.00,-60.00,-0.011023,66.00,5.000000E-4,-1.286300E-2,-9.000000E-4,0.01,0.00,0.01,0.00
-63.00,-0.014754,66.00,-63.00,-0.006225,66.00,5.000000E-4,-8.528720E-3,-7.000000E-4,0.01,0.00,0.01,0.00
-66.00,-0.007472,66.00,-66.00,-0.002592,66.00,4.000000E-4,-4.880370E-3,-6.000000E-4,0.00,0.00,0.00,0.00
-69.00,-0.003148,66.00,-69.00,-0.000987,66.00,3.000000E-4,-2.161364E-3,-4.000000E-4,0.00,0.00,0.00,0.00
-72.00,-0.000473,66.00,-72.00,0.000074,66.00,2.000000E-4,-5.471994E-4,-3.000000E-4,0.00,0.00,0.00,0.00
-75,0.000001,66,-75,0.000001,66,0.000000E+0,0.000000E+0,0.000000E+0,0,0,0,0
75,0.000001,63,75,0.000001,63,0.000000E+0,0.000000E+0,0.000000E+0,0,0,0,0
72.00,-0.000652,63.00,72.00,-0.000239,63.00,-2.000000E-4,-4.133120E-4,-1.000000E-4,0.00,0.00,0.00,0.00
69.00,-0.003494,63.00,69.00,-0.001989,63.00,-3.000000E-4,-1.505220E-3,-2.000000E-4,0.00,0.00,0.00,0.00
66.00,-0.008942,63.00,66.00,-0.005733,63.00,-4.000000E-4,-3.208910E-3,-3.000000E-4,0.00,0.00,0.00,0.00
63.00,-0.016695,63.00,63.00,-0.011286,63.00,-6.000000E-4,-5.409000E-3,-3.000000E-4,0.01,0.00,0.01,0.00
60.00,-0.026981,63.00,60.00,-0.018993,63.00,-8.000000E-4,-7.988000E-3,-4.000000E-4,0.01,0.00,0.01,0.00
57.00,-0.039587,63.00,57.00,-0.028746,63.00,-9.000000E-4,-1.084140E-2,-4.000000E-4,0.01,0.00,0.01,0.00
54.00,-0.054355,63.00,54.00,-0.040459,63.00,-1.100000E-3,-1.389620E-2,-4.000000E-4,0.01,0.00,0.01,0.00
51.00,-0.071092,63.00,51.00,-0.053988,63.00,-1.200000E-3,-1.710360E-2,-4.000000E-4,0.02,0.00,0.02,0.00
48.00,-0.089729,63.00,48.00,-0.069282,63.00,-1.300000E-3,-2.044700E-2,-4.000000E-4,0.02,0.00,0.02,0.00
45.00,-0.110323,63.00,45.00,-0.086398,63.00,-1.500000E-3,-2.392480E-2,-4.000000E-4,0.02,0.00,0.02,0.00
42.00,-0.132595,63.00,42.00,-0.105041,63.00,-1.600000E-3,-2.755400E-2,-4.000000E-4,0.03,0.00,0.03,0.00
39.00,-0.156864,63.00,39.00,-0.125522,63.00,-1.800000E-3,-3.134200E-2,-4.000000E-4,0.03,0.00,0.03,0.00
36.00,-0.182392,63.00,36.00,-0.147096,63.00,-1.900000E-3,-3.529600E-2,-4.000000E-4,0.04,0.00,0.04,0.00
33.00,-0.209264,63.00,33.00,-0.169864,63.00,-2.000000E-3,-3.940000E-2,-4.000000E-4,0.04,0.00,0.04,0.00
30.00,-0.236791,63.00,30,-0.193159,63.00,-2.200000E-3,-4.363200E-2,-4.000000E-4,0.04,0.00,0.04,0.00
27.00,-0.264415,63.00,27.00,-0.216453,63.00,-2.300000E-3,-4.796200E-2,-4.000000E-4,0.05,0.00,0.05,0.00
24.00,-0.291833,63.00,24.00,-0.239482,63.00,-2.400000E-3,-5.235100E-2,-3.000000E-4,0.05,0.00,0.05,0.00
21.00,-0.318025,63.00,21.00,-0.261259,63.00,-2.500000E-3,-5.676600E-2,-3.000000E-4,0.06,0.00,0.06,0.00
18.00,-0.342935,63.00,18.00,-0.281771,63.00,-2.600000E-3,-6.116400E-2,-3.000000E-4,0.06,0.00,0.06,0.00
15.00,-0.365491,63.00,15.00,-0.299971,63.00,-2.700000E-3,-6.552000E-2,-2.000000E-4,0.07,0.00,0.07,0.00
12.00,-0.385482,63.00,12.00,-0.315689,63.00,-2.800000E-3,-6.979300E-2,-2.000000E-4,0.07,0.00,0.07,0.00
9.00,-0.402361,63.00,9.00,-0.328410,63.00,-2.850000E-3,-7.395100E-2,-2.000000E-4,0.07,0.00,0.07,0.00
6.00,-0.416025,63.00,6.00,-0.338086,63.00,-2.910000E-3,-7.793900E-2,-3.000000E-4,0.08,0.00,0.08,0.00
3.00,-0.425695,63.00,3.00,-0.343994,63.00,-2.910000E-3,-8.170100E-2,-4.000000E-4,0.08,0.00,0.08,0.00
-0.002841,-0.431547,63.00,0.000074,-0.346372,63.00,-2.914983E-3,-8.517500E-2,-4.000000E-4,0.09,0.00,0.09,0.00
-3.00,-0.432905,63.00,-3.00,-0.344619,63.00,-2.860000E-3,-8.828600E-2,-5.000000E-4,0.09,0.00,0.09,0.00
-6.00,-0.430403,63.00,-6.00,-0.339444,63.00,-2.790000E-3,-9.095900E-2,-7.000000E-4,0.09,0.00,0.09,0.00
-9.00,-0.423620,63.00,-9.00,-0.330500,63.00,-2.670000E-3,-9.312000E-2,-8.000000E-4,0.09,0.00,0.09,0.00
-12.00,-0.413183,63.00,-12.00,-0.318485,63.00,-2.500000E-3,-9.469800E-2,-1.000000E-3,0.09,0.00,0.09,0.00
-15.00,-0.399040,63.00,-15.00,-0.303400,63.00,-2.300000E-3,-9.564000E-2,-1.200000E-3,0.10,0.00,0.10,0.00
-18.00,-0.381472,63.00,-18.00,-0.285590,63.00,-2.100000E-3,-9.588200E-2,-1.300000E-3,0.10,0.00,0.10,0.00
-21.00,-0.361244,63.00,-21.00,-0.265864,63.00,-1.900000E-3,-9.538000E-2,-1.500000E-3,0.10,0.00,0.10,0.00
-24.00,-0.338371,63.00,-24.00,-0.244279,63.00,-1.600000E-3,-9.409200E-2,-1.600000E-3,0.09,0.00,0.09,0.00
-27.00,-0.313737,63.00,-27.00,-0.221761,63.00,-1.300000E-3,-9.197600E-2,-1.700000E-3,0.09,0.00,0.09,0.00
-30.00,-0.287685,63.00,-30,-0.198682,63.00,-1.000000E-3,-8.900300E-2,-1.700000E-3,0.09,0.00,0.09,0.00
-33.00,-0.260461,63.00,-33.00,-0.175318,63.00,-7.000000E-4,-8.514300E-2,-1.800000E-3,0.09,0.00,0.09,0.00
-36.00,-0.233071,63.00,-36.00,-0.152666,63.00,-5.000000E-4,-8.040500E-2,-1.800000E-3,0.08,0.00,0.08,0.00
-39.00,-0.205621,63.00,-39.00,-0.130805,63.00,-2.000000E-4,-7.481600E-2,-1.800000E-3,0.07,0.00,0.07,0.00
-42.00,-0.178466,63.00,-42.00,-0.110021,63.00,0.000000E+0,-6.844500E-2,-1.700000E-3,0.07,0,0.07,0.00
-45.00,-0.152107,63.00,-45.00,-0.090719,63.00,1.000000E-4,-6.138780E-2,-1.600000E-3,0.06,0.00,0.06,0.00
-48.00,-0.126934,63.00,-48.00,-0.073156,63.00,3.000000E-4,-5.377850E-2,-1.600000E-3,0.05,0.00,0.05,0.00
-51.00,-0.102940,63.00,-51.00,-0.057161,63.00,5.000000E-4,-4.577940E-2,-1.500000E-3,0.05,0.00,0.05,0.00
-54.00,-0.080869,63.00,-54.00,-0.043274,63.00,5.000000E-4,-3.759450E-2,-1.300000E-3,0.04,0.00,0.04,0.00
-57.00,-0.060349,63.00,-57.00,-0.030883,63.00,6.000000E-4,-2.946590E-2,-1.200000E-3,0.03,0.00,0.03,0.00
-60.00,-0.042181,63.00,-60.00,-0.020497,63.00,6.000000E-4,-2.168380E-2,-1.000000E-3,0.02,0.00,0.02,0.00
-63.00,-0.026885,63.00,-63.00,-0.012303,63.00,5.000000E-4,-1.458210E-2,-9.000000E-4,0.01,0.00,0.01,0.00
-66.00,-0.014692,63.00,-66.00,-0.006160,63.00,4.000000E-4,-8.531280E-3,-7.000000E-4,0.01,0.00,0.01,0.00
-69.00,-0.005894,63.00,-69.00,-0.001990,63.00,3.000000E-4,-3.903750E-3,-5.000000E-4,0.00,0.00,0.00,0.00
-72.00,-0.001494,63.00,-72.00,-0.000481,63.00,2.000000E-4,-1.013343E-3,-2.000000E-4,0.00,0.00,0.00,0.00
-75,0.000001,63,-75,0.000001,63,0.000000E+0,0.000000E+0,0.000000E+0,0,0,0,0
75,0.000001,60,75,0.000001,60,0.000000E+0,0.000000E+0,0.000000E+0,0,0,0,0
72.00,-0.001663,60.00,72.00,-0.001048,60.00,-1.000000E-4,-6.152100E-4,-1.000000E-4,0.00,0.00,0.00,0.00
69.00,-0.006526,60.00,69.00,-0.004270,60.00,-4.000000E-4,-2.256310E-3,-3.000000E-4,0.00,0.00,0.00,0.00
66.00,-0.014663,60.00,66.00,-0.009912,60.00,-6.000000E-4,-4.751300E-3,-3.000000E-4,0.00,0.00,0.00,0.00
63.00,-0.027035,60.00,63.00,-0.019114,60.00,-8.000000E-4,-7.921100E-3,-3.000000E-4,0.01,0.00,0.01,0.00
60.00,-0.042663,60.00,60.00,-0.031064,60.00,-9.000000E-4,-1.159870E-2,-4.000000E-4,0.01,0.00,0.01,0.00
57.00,-0.061359,60.00,57.00,-0.045710,60.00,-1.000000E-3,-1.564920E-2,-4.000000E-4,0.02,0.00,0.02,0.00
54.00,-0.082880,60.00,54.00,-0.062910,60.00,-1.200000E-3,-1.996980E-2,-4.000000E-4,0.02,0.00,0.02,0.00
51.00,-0.107096,60.00,51.00,-0.082595,60.00,-1.400000E-3,-2.450090E-2,-4.000000E-4,0.02,0.00,0.02,0.00
48.00,-0.133958,60.00,48.00,-0.104749,60.00,-1.600000E-3,-2.920900E-2,-4.000000E-4,0.03,0.00,0.03,0.00
45.00,-0.163147,60.00,45.00,-0.129045,60.00,-1.800000E-3,-3.410200E-2,-3.000000E-4,0.03,0.00,0.03,0.00
42.00,-0.194511,60.00,42.00,-0.155326,60.00,-1.900000E-3,-3.918500E-2,-4.000000E-4,0.04,0.00,0.04,0.00
39.00,-0.227945,60.00,39.00,-0.183462,60.00,-2.000000E-3,-4.448300E-2,-3.000000E-4,0.04,0.00,0.04,0.00
36.00,-0.262884,60.00,36.00,-0.212889,60.00,-2.100000E-3,-4.999500E-2,-2.000000E-4,0.05,0.00,0.05,0.00
33.00,-0.299166,60.00,33.00,-0.243449,60.00,-2.300000E-3,-5.571700E-2,-2.000000E-4,0.06,0.00,0.06,0.00
30.00,-0.336314,60.00,30.00,-0.274696,60.00,-2.400000E-3,-6.161800E-2,-1.000000E-4,0.06,0.00,0.06,0.00
27.00,-0.373229,60.00,27.00,-0.305566,60.00,-2.600000E-3,-6.766300E-2,0.000000E+0,0.07,0.00,0.07,0
24.00,-0.409697,60.00,24.00,-0.335894,60.00,-2.800000E-3,-7.380300E-2,1.000000E-4,0.07,0.00,0.07,0.00
21.00,-0.444844,60.00,21.00,-0.364861,60.00,-2.900000E-3,-7.998300E-2,2.000000E-4,0.08,0.00,0.08,0.00
18.00,-0.477630,60.00,18.00,-0.391465,60.00,-3.000000E-3,-8.616500E-2,3.000000E-4,0.09,0.00,0.09,0.00
15.00,-0.507774,60.00,15.00,-0.415482,60.00,-3.200000E-3,-9.229200E-2,3.000000E-4,0.09,0.00,0.09,0.00
12.00,-0.534371,60.00,12.00,-0.436044,60.00,-3.200000E-3,-9.832700E-2,4.000000E-4,0.10,0.00,0.10,0.00
9.00,-0.556885,60.00,9.00,-0.452680,60.00,-3.330000E-3,-1.042050E-1,5.000000E-4,0.10,0.00,0.10,0.00
6.00,-0.575010,60.00,6.00,-0.465150,60.00,-3.390000E-3,-1.098600E-1,4.000000E-4,0.11,0.00,0.11,0.00
3.00,-0.588269,60.00,3.00,-0.473057,60.00,-3.470000E-3,-1.152120E-1,4.000000E-4,0.12,0.00,0.12,0.00
-0.003518,-0.596302,60.00,-0.000041,-0.476136,60.00,-3.477047E-3,-1.201660E-1,4.000000E-4,0.12,0.00,0.12,0.00
-3.00,-0.598844,60.00,-3.00,-0.474222,60.00,-3.490000E-3,-1.246220E-1,3.000000E-4,0.12,0.00,0.12,0.00
-6.00,-0.596057,60.00,-6.00,-0.467584,60.00,-3.420000E-3,-1.284730E-1,1.000000E-4,0.13,0.00,0.13,0.00
-9.00,-0.587809,60.00,-9.00,-0.456197,60.00,-3.350000E-3,-1.316120E-1,-1.000000E-4,0.13,0.00,0.13,0.00
-12.00,-0.574437,60.00,-12.00,-0.440484,60.00,-3.200000E-3,-1.339530E-1,-3.000000E-4,0.13,0.00,0.13,0.00
-15.00,-0.556367,60.00,-15.00,-0.420969,60.00,-3.000000E-3,-1.353980E-1,-5.000000E-4,0.14,0.00,0.14,0.00
-18.00,-0.533641,60.00,-18.00,-0.397763,60.00,-2.800000E-3,-1.358780E-1,-8.000000E-4,0.14,0.00,0.14,0.00
-21.00,-0.507114,60.00,-21.00,-0.371797,60.00,-2.600000E-3,-1.353170E-1,-1.000000E-3,0.14,0.00,0.14,0.00
-24.00,-0.477117,60.00,-24.00,-0.343470,60.00,-2.300000E-3,-1.336470E-1,-1.200000E-3,0.13,0.00,0.13,0.00
-27.00,-0.444626,60.00,-27.00,-0.313809,60.00,-2.000000E-3,-1.308170E-1,-1.400000E-3,0.13,0.00,0.13,0.00
-30.00,-0.409686,60.00,-30.00,-0.282915,60.00,-1.600000E-3,-1.267710E-1,-1.500000E-3,0.13,0.00,0.13,0.00
-33.00,-0.373484,60.00,-33.00,-0.251998,60.00,-1.200000E-3,-1.214860E-1,-1.700000E-3,0.12,0.00,0.12,0.00
-36.00,-0.336047,60.00,-36,-0.221099,60.00,-9.000000E-4,-1.149480E-1,-1.800000E-3,0.11,0.00,0.11,0.00
-39.00,-0.298460,60.00,-39.00,-0.191258,60.00,-6.000000E-4,-1.072020E-1,-1.800000E-3,0.11,0.00,0.11,0.00
-42,-0.260875,60.00,-42.00,-0.162556,60.00,-4.000000E-4,-9.831900E-2,-1.900000E-3,0.10,0.00,0.10,0.00
-45.00,-0.224053,60.00,-45.00,-0.135621,60.00,-1.000000E-4,-8.843200E-2,-1.800000E-3,0.09,0.00,0.09,0.00
-48.00,-0.188519,60.00,-48.00,-0.110805,60.00,1.000000E-4,-7.771400E-2,-1.700000E-3,0.08,0.00,0.08,0.00
-51.00,-0.154207,60.00,-51.00,-0.087811,60.00,4.000000E-4,-6.639560E-2,-1.600000E-3,0.07,0.00,0.07,0.00
-54.00,-0.121839,60.00,-54.00,-0.067078,60.00,4.000000E-4,-5.476100E-2,-1.600000E-3,0.05,0.00,0.05,0.00
-57.00,-0.092132,60.00,-57.00,-0.048973,60.00,6.000000E-4,-4.315880E-2,-1.400000E-3,0.04,0.00,0.04,0.00
-60.00,-0.065071,60.00,-60.00,-0.033076,60.00,6.000000E-4,-3.199440E-2,-1.300000E-3,0.03,0.00,0.03,0.00
-63.00,-0.042448,60.00,-63.00,-0.020712,60.00,6.000000E-4,-2.173590E-2,-1.000000E-3,0.02,0.00,0.02,0.00
-66.00,-0.023830,60.00,-66.00,-0.010934,60.00,5.000000E-4,-1.289560E-2,-8.000000E-4,0.01,0.00,0.01,0.00
-69.00,-0.010642,60.00,-69.00,-0.004634,60.00,4.000000E-4,-6.007780E-3,-5.000000E-4,0.01,0.00,0.01,0.00
-72.00,-0.002494,60.00,-72.00,-0.000919,60.00,2.000000E-4,-1.575545E-3,-3.000000E-4,0.00,0.00,0.00,0.00
-75,0.000001,60,-75,0.000001,60,0.000000E+0,0.000000E+0,0.000000E+0,0,0,0,0
75,0.000001,57,75,0.000001,57,0.000000E+0,0.000000E+0,0.000000E+0,0,0,0,0
72.00,-0.002294,57.00,72.00,-0.001463,57.00,-2.000000E-4,-8.308500E-4,-2.000000E-4,0.00,0.00,0.00,0.00
69.00,-0.009922,57.00,69.00,-0.006860,57.00,-4.000000E-4,-3.061970E-3,-2.000000E-4,0.00,0.00,0.00,0.00
66.00,-0.022153,57.00,66.00,-0.015746,57.00,-6.000000E-4,-6.406400E-3,-3.000000E-4,0.01,0.00,0.01,0.00
63.00,-0.039636,57.00,63.00,-0.029033,57.00,-8.000000E-4,-1.060250E-2,-4.000000E-4,0.01,0.00,0.01,0.00
60.00,-0.061272,57.00,60.00,-0.045839,57.00,-1.000000E-3,-1.543220E-2,-4.000000E-4,0.02,0.00,0.02,0.00
57.00,-0.086967,57.00,57.00,-0.066248,57.00,-1.200000E-3,-2.071980E-2,-4.000000E-4,0.02,0.00,0.02,0.00
54.00,-0.116186,57.00,54.00,-0.089845,57.00,-1.400000E-3,-2.634140E-2,-3.000000E-4,0.03,0.00,0.03,0.00
51.00,-0.148896,57.00,51.00,-0.116678,57.00,-1.600000E-3,-3.221800E-2,-3.000000E-4,0.03,0.00,0.03,0.00
48.00,-0.184580,57.00,48.00,-0.146264,57.00,-1.700000E-3,-3.831600E-2,-3.000000E-4,0.04,0.00,0.04,0.00
45.00,-0.223198,57.00,45.00,-0.178569,57.00,-1.900000E-3,-4.462900E-2,-3.000000E-4,0.04,0.00,0.04,0.00
42.00,-0.264171,57.00,42.00,-0.212995,57.00,-2.100000E-3,-5.117600E-2,-1.000000E-4,0.05,0.00,0.05,0.00
39.00,-0.307719,57.00,39,-0.249748,57.00,-2.200000E-3,-5.797100E-2,-1.000000E-4,0.06,0.00,0.06,0.00
36.00,-0.353006,57.00,36.00,-0.287967,57.00,-2.400000E-3,-6.503900E-2,0.000000E+0,0.07,0.00,0.07,0
33.00,-0.399805,57,33.00,-0.327443,57.00,-2.500000E-3,-7.236200E-2,2.000000E-4,0.07,0.00,0.07,0.00
30.00,-0.447071,57.00,30.00,-0.367148,57.00,-2.600000E-3,-7.992300E-2,3.000000E-4,0.08,0.00,0.08,0.00
27.00,-0.494207,57.00,27.00,-0.406533,57.00,-2.800000E-3,-8.767400E-2,5.000000E-4,0.09,0.00,0.09,0.00
24.00,-0.540355,57.00,24.00,-0.444792,57.00,-3.000000E-3,-9.556300E-2,6.000000E-4,0.10,0.00,0.10,0.00
21.00,-0.585001,57.00,21.00,-0.481470,57.00,-3.100000E-3,-1.035310E-1,8.000000E-4,0.10,0.00,0.10,0.00
18.00,-0.626571,57.00,18.00,-0.515056,57.00,-3.300000E-3,-1.115150E-1,1.000000E-3,0.11,0.00,0.11,0.00
15.00,-0.664929,57.00,15.00,-0.545462,57.00,-3.300000E-3,-1.194670E-1,1.200000E-3,0.12,0.00,0.12,0.00
12.00,-0.698855,57.00,12.00,-0.571541,57.00,-3.600000E-3,-1.273140E-1,1.300000E-3,0.13,0.00,0.13,0.00
9.00,-0.727817,57.01,9.00,-0.592826,57.00,-3.670000E-3,-1.349910E-1,1.400000E-3,0.14,0.00,0.13,0.00
6.00,-0.751082,57.01,6.00,-0.608686,57.00,-3.820000E-3,-1.423960E-1,1.500000E-3,0.14,0.00,0.14,0.00
3.00,-0.768053,57.01,3.00,-0.618629,57.00,-3.910000E-3,-1.494240E-1,1.500000E-3,0.15,0.00,0.15,0.00
-0.003957,-0.778615,57.01,0.000064,-0.622658,57.00,-4.020200E-3,-1.559570E-1,1.500000E-3,0.16,0.00,0.16,0.00
-3.00,-0.782267,57.01,-3.00,-0.620405,57.00,-4.050000E-3,-1.618620E-1,1.300000E-3,0.16,0.00,0.16,0.00
-6.00,-0.779133,57.01,-6.00,-0.612129,57.00,-4.080000E-3,-1.670040E-1,1.200000E-3,0.17,0.00,0.17,0.00
-9.01,-0.769208,57.01,-9.00,-0.597958,57.00,-4.020000E-3,-1.712500E-1,9.000000E-4,0.17,0.00,0.17,0.00
-12.01,-0.752799,57.00,-12.00,-0.578332,57.00,-3.900000E-3,-1.744670E-1,6.000000E-4,0.17,0.00,0.17,0.00
-15.01,-0.730189,57.00,-15.00,-0.553638,57.00,-3.800000E-3,-1.765510E-1,3.000000E-4,0.18,0.00,0.18,0.00
-18.01,-0.701959,57.00,-18.00,-0.524569,57.00,-3.600000E-3,-1.773900E-1,1.000000E-4,0.18,0.00,0.18,0.00
-21.00,-0.668635,57.00,-21.00,-0.491747,57.00,-3.300000E-3,-1.768880E-1,-3.000000E-4,0.18,0.00,0.18,0.00
-24.00,-0.631057,57.00,-24.00,-0.456098,57.00,-3.000000E-3,-1.749590E-1,-6.000000E-4,0.17,0.00,0.17,0.00
-27.00,-0.589703,57,-27.00,-0.418190,57.00,-2.700000E-3,-1.715130E-1,-9.000000E-4,0.17,0.00,0.17,0.00
-30.00,-0.545413,57.00,-30.00,-0.378920,57.00,-2.300000E-3,-1.664930E-1,-1.100000E-3,0.17,0.00,0.17,0.00
-33.00,-0.499051,57.00,-33.00,-0.339208,57.00,-1.900000E-3,-1.598430E-1,-1.400000E-3,0.16,0.00,0.16,0.00
-36.00,-0.451000,57.00,-36.00,-0.299442,57.00,-1.500000E-3,-1.515580E-1,-1.600000E-3,0.15,0.00,0.15,0.00
-39.00,-0.402443,57.00,-39.00,-0.260779,57.00,-1.200000E-3,-1.416640E-1,-1.700000E-3,0.14,0.00,0.14,0.00
-42.00,-0.353774,57.00,-42.00,-0.223521,57.00,-8.000000E-4,-1.302530E-1,-1.700000E-3,0.13,0.00,0.13,0.00
-45.00,-0.305330,57.00,-45.00,-0.187857,57.00,-5.000000E-4,-1.174730E-1,-1.900000E-3,0.12,0.00,0.12,0.00
-48.00,-0.258123,57.00,-48.00,-0.154580,57.00,-2.000000E-4,-1.035430E-1,-1.800000E-3,0.10,0.00,0.10,0.00
-51.00,-0.212609,57.00,-51.00,-0.123851,57.00,1.000000E-4,-8.875800E-2,-1.800000E-3,0.09,0.00,0.09,0.00
-54.00,-0.169573,57.00,-54.00,-0.096085,57.00,3.000000E-4,-7.348760E-2,-1.700000E-3,0.07,0.00,0.07,0.00
-57.00,-0.129014,57.00,-57.00,-0.070830,57.00,4.000000E-4,-5.818420E-2,-1.600000E-3,0.06,0.00,0.06,0.00
-60.00,-0.092693,57.00,-60.00,-0.049312,57.00,5.000000E-4,-4.338070E-2,-1.400000E-3,0.04,0.00,0.04,0.00
-63.00,-0.061107,57.00,-63.00,-0.031423,57.00,5.000000E-4,-2.968470E-2,-1.200000E-3,0.03,0.00,0.03,0.00
-66.00,-0.034942,57.00,-66.00,-0.017170,57.00,5.000000E-4,-1.777210E-2,-1.000000E-3,0.02,0.00,0.02,0.00
-69.00,-0.015747,57.00,-69.00,-0.007382,57.00,3.000000E-4,-8.364620E-3,-7.000000E-4,0.01,0.00,0.01,0.00
-72.00,-0.003932,57.00,-72.00,-0.001727,57.00,2.000000E-4,-2.205010E-3,-4.000000E-4,0.00,0.00,0.00,0.00
-75,0.000001,57,-75,0.000001,57,0.000000E+0,0.000000E+0,0.000000E+0,0,0,0,0
75,0.000001,54,75,0.000001,54,0.000000E+0,0.000000E+0,0.000000E+0,0,0,0,0
72.00,-0.003343,54.00,72.00,-0.002296,54.00,-2.000000E-4,-1.046090E-3,-2.000000E-4,0.00,0.00,0.00,0.00
69.00,-0.013820,54.00,69.00,-0.009940,54.00,-4.000000E-4,-3.879620E-3,-3.000000E-4,0.00,0.00,0.00,0.00
66.00,-0.031353,54.00,66.00,-0.023266,54.00,-7.000000E-4,-8.087700E-3,-3.000000E-4,0.01,0.00,0.01,0.00
63.00,-0.054177,54.00,63.00,-0.040854,54.00,-9.000000E-4,-1.332290E-2,-3.000000E-4,0.01,0.00,0.01,0.00
60.00,-0.082497,54.00,60.00,-0.063191,54.00,-1.100000E-3,-1.930520E-2,-4.000000E-4,0.02,0.00,0.02,0.00
57.00,-0.115985,54.00,57.00,-0.090163,54.00,-1.300000E-3,-2.582240E-2,-4.000000E-4,0.03,0.00,0.03,0.00
54.00,-0.153670,54.00,54.00,-0.120948,54.00,-1.500000E-3,-3.272200E-2,-3.000000E-4,0.03,0.00,0.03,0.00
51.00,-0.195531,54.00,51.00,-0.155616,54.00,-1.600000E-3,-3.991500E-2,-3.000000E-4,0.04,0.00,0.04,0.00
48.00,-0.240746,54.00,48.00,-0.193392,54.00,-1.800000E-3,-4.735400E-2,-2.000000E-4,0.05,0.00,0.05,0.00
45.00,-0.289330,54.00,45.00,-0.234295,54.00,-2.000000E-3,-5.503500E-2,-1.000000E-4,0.06,0.00,0.06,0.00
42.00,-0.341137,54.00,42.00,-0.278170,54.00,-2.100000E-3,-6.296700E-2,1.000000E-4,0.06,0.00,0.06,0.00
39.00,-0.395377,54.00,39.00,-0.324186,54,-2.300000E-3,-7.119100E-2,2.000000E-4,0.07,0.00,0.07,0.00
36.00,-0.452021,54.00,36.00,-0.372314,54.00,-2.400000E-3,-7.970700E-2,3.000000E-4,0.08,0.00,0.08,0.00
33.00,-0.509747,54.00,33.00,-0.421209,54.00,-2.600000E-3,-8.853800E-2,6.000000E-4,0.09,0.00,0.09,0.00
30.00,-0.568420,54.00,30.00,-0.470774,54.00,-2.800000E-3,-9.764600E-2,8.000000E-4,0.10,0.00,0.10,0.00
27.00,-0.626709,54.00,27.00,-0.519703,54.00,-2.900000E-3,-1.070060E-1,1.100000E-3,0.11,0.00,0.11,0.00
24.00,-0.683835,54.00,24.00,-0.567286,54.00,-3.000000E-3,-1.165490E-1,1.300000E-3,0.12,0.00,0.12,0.00
21.00,-0.738874,54.01,21.00,-0.612654,54.00,-3.300000E-3,-1.262200E-1,1.600000E-3,0.13,0.00,0.13,0.00
18.00,-0.790495,54.01,18.00,-0.654537,54.01,-3.300000E-3,-1.359580E-1,1.800000E-3,0.14,0.00,0.14,0.00
15.00,-0.837828,54.01,15.00,-0.692133,54.01,-3.600000E-3,-1.456950E-1,2.100000E-3,0.15,0.00,0.15,0.00
12.00,-0.879995,54.01,12.00,-0.724636,54.01,-3.700000E-3,-1.553590E-1,2.400000E-3,0.16,0.00,0.16,0.00
9.00,-0.915836,54.01,9.00,-0.751007,54.01,-3.950000E-3,-1.648290E-1,2.600000E-3,0.16,0.00,0.16,0.00
6.00,-0.944811,54.01,6.00,-0.770809,54.01,-4.100000E-3,-1.740020E-1,2.800000E-3,0.17,0.00,0.17,0.00
3.00,-0.966115,54.01,3.00,-0.783376,54.01,-4.310000E-3,-1.827390E-1,2.700000E-3,0.18,0.00,0.18,0.00
-0.004557,-0.979292,54.01,-0.000111,-0.788388,54.01,-4.445355E-3,-1.909040E-1,2.700000E-3,0.19,0.00,0.19,0.00
-3.01,-0.984168,54.01,-3.00,-0.785838,54.01,-4.600000E-3,-1.983300E-1,2.600000E-3,0.20,0.00,0.20,0.00
-6.01,-0.980519,54.01,-6.00,-0.775660,54.01,-4.660000E-3,-2.048590E-1,2.500000E-3,0.20,0.00,0.20,0.00
-9.01,-0.968566,54.01,-9.00,-0.758251,54.01,-4.730000E-3,-2.103150E-1,2.200000E-3,0.21,0.00,0.21,0.00
-12.01,-0.948531,54.01,-12.00,-0.733987,54.01,-4.600000E-3,-2.145440E-1,1.800000E-3,0.21,0.00,0.21,0.00
-15.01,-0.920882,54.01,-15.00,-0.703486,54.01,-4.600000E-3,-2.173960E-1,1.400000E-3,0.22,0.00,0.22,0.00
-18.01,-0.886305,54.01,-18.00,-0.667550,54.01,-4.500000E-3,-2.187550E-1,1.000000E-3,0.22,0.00,0.22,0.00
-21.01,-0.845449,54.01,-21.00,-0.626958,54.00,-4.200000E-3,-2.184910E-1,6.000000E-4,0.22,0.00,0.22,0.00
-24.01,-0.799106,54.00,-24.00,-0.582630,54.00,-3.900000E-3,-2.164760E-1,1.000000E-4,0.22,0.00,0.22,0.00
-27.01,-0.748250,54.00,-27.00,-0.535637,54.00,-3.500000E-3,-2.126130E-1,-3.000000E-4,0.21,0.00,0.21,0.00
-30.00,-0.693636,54.00,-30.00,-0.486846,54.00,-3.200000E-3,-2.067900E-1,-6.000000E-4,0.21,0.00,0.21,0.00
-33.00,-0.636341,54.00,-33.00,-0.437389,54.00,-2.800000E-3,-1.989520E-1,-1.000000E-3,0.20,0.00,0.20,0.00
-36.00,-0.576724,54.00,-36.00,-0.387667,54.00,-2.400000E-3,-1.890570E-1,-1.200000E-3,0.19,0.00,0.19,0.00
-39.00,-0.516258,54.00,-39.00,-0.339120,54.00,-1.800000E-3,-1.771380E-1,-1.400000E-3,0.18,0.00,0.18,0.00
-42.00,-0.455275,54.00,-42.00,-0.291996,54.00,-1.400000E-3,-1.632790E-1,-1.600000E-3,0.16,0.00,0.16,0.00
-45.00,-0.394609,54.00,-45.00,-0.246956,54.00,-1.000000E-3,-1.476530E-1,-1.800000E-3,0.15,0.00,0.15,0.00
-48.00,-0.335183,54.00,-48.00,-0.204665,54.00,-5.000000E-4,-1.305180E-1,-1.800000E-3,0.13,0.00,0.13,0.00
-51.00,-0.277322,54.00,-51.00,-0.165096,54.00,-2.000000E-4,-1.122260E-1,-1.900000E-3,0.11,0.00,0.11,0.00
-54.00,-0.222370,54.00,-54.00,-0.129134,54.00,0.000000E+0,-9.323600E-2,-1.800000E-3,0.09,0,0.09,0.00
-57.00,-0.170900,54.00,-57.00,-0.096793,54.00,3.000000E-4,-7.410690E-2,-1.800000E-3,0.07,0.00,0.07,0.00
-60.00,-0.123733,54.00,-60.00,-0.068232,54.00,5.000000E-4,-5.550130E-2,-1.600000E-3,0.06,0.00,0.06,0.00
-63.00,-0.082145,54.00,-63.00,-0.043965,54.00,6.000000E-4,-3.817990E-2,-1.300000E-3,0.04,0.00,0.04,0.00
-66.00,-0.047874,54.00,-66.00,-0.024877,54.00,6.000000E-4,-2.299630E-2,-1.100000E-3,0.02,0.00,0.02,0.00
-69.00,-0.021835,54.00,-69.00,-0.010943,54.00,4.000000E-4,-1.089170E-2,-7.000000E-4,0.01,0.00,0.01,0.00
-72.00,-0.005542,54.00,-72.00,-0.002666,54.00,3.000000E-4,-2.876230E-3,-4.000000E-4,0.00,0.00,0.00,0.00
-75,0.000001,54,-75,0.000001,54,0.000000E+0,0.000000E+0,0.000000E+0,0,0,0,0
75,0.000001,51,75,0.000001,51,0.000000E+0,0.000000E+0,0.000000E+0,0,0,0,0
72.00,-0.004584,51.00,72.00,-0.003331,51.00,-3.000000E-4,-1.252430E-3,-1.000000E-4,0.00,0.00,0.00,0.00
69.00,-0.018782,51.00,69.00,-0.014107,51.00,-5.000000E-4,-4.675100E-3,-2.000000E-4,0.00,0.00,0.00,0.00
66.00,-0.040648,51.00,66.00,-0.030920,51.00,-7.000000E-4,-9.728500E-3,-3.000000E-4,0.01,0.00,0.01,0.00
63.00,-0.070445,51.00,63.00,-0.054471,51.00,-9.000000E-4,-1.597460E-2,-3.000000E-4,0.02,0.00,0.02,0.00
60.00,-0.106375,51.00,60.00,-0.083302,51.00,-1.200000E-3,-2.307270E-2,-3.000000E-4,0.02,0.00,0.02,0.00
57.00,-0.148025,51.00,57.00,-0.117257,51.00,-1.300000E-3,-3.076800E-2,-3.000000E-4,0.03,0.00,0.03,0.00
54.00,-0.194714,51.00,54.00,-0.155830,51.00,-1.500000E-3,-3.888400E-2,-3.000000E-4,0.04,0.00,0.04,0.00
51.00,-0.246141,51.00,51.00,-0.198832,51.00,-1.700000E-3,-4.730900E-2,-2.000000E-4,0.05,0.00,0.05,0.00
48.00,-0.301915,51.00,48.00,-0.245917,51.00,-1.800000E-3,-5.599800E-2,-1.000000E-4,0.06,0.00,0.06,0.00
45.00,-0.361290,51,45.00,-0.296361,51,-2.000000E-3,-6.492900E-2,0.000000E+0,0.06,0.00,0.06,0
42.00,-0.424358,51.00,42.00,-0.350227,51.00,-2.100000E-3,-7.413100E-2,3.000000E-4,0.07,0.00,0.07,0.00
39.00,-0.490534,51.00,39.00,-0.406914,51.00,-2.300000E-3,-8.362000E-2,5.000000E-4,0.08,0.00,0.08,0.00
36.00,-0.559001,51.00,36.00,-0.465558,51.00,-2.400000E-3,-9.344300E-2,7.000000E-4,0.09,0.00,0.09,0.00
33.00,-0.629216,51.00,33.00,-0.525628,51.00,-2.600000E-3,-1.035880E-1,1.000000E-3,0.10,0.00,0.10,0.00
30.00,-0.700172,51.00,30.00,-0.586097,51.00,-2.700000E-3,-1.140750E-1,1.300000E-3,0.11,0.00,0.11,0.00
27.00,-0.770741,51.01,27.00,-0.645892,51.00,-2.900000E-3,-1.248490E-1,1.600000E-3,0.12,0.00,0.12,0.00
24.00,-0.840076,51.01,24.00,-0.704197,51.01,-3.100000E-3,-1.358790E-1,1.900000E-3,0.14,0.00,0.14,0.00
21.00,-0.906704,51.01,21.00,-0.759611,51.01,-3.200000E-3,-1.470930E-1,2.400000E-3,0.15,0.00,0.15,0.00
18,-0.969725,51.01,18.00,-0.811287,51.01,-3.400000E-3,-1.584380E-1,2.700000E-3,0.16,0.00,0.16,0.00
15.00,-1.03,51.01,15.00,-0.857660,51.01,-3.600000E-3,-1.698500E-1,3.200000E-3,0.17,0.00,0.17,0.00
12.00,-1.08,51.02,12.00,-0.897692,51.01,-3.800000E-3,-1.812080E-1,3.500000E-3,0.18,0.00,0.18,0.00
9.00,-1.12,51.02,9.00,-0.930458,51.01,-4.040000E-3,-1.923920E-1,3.800000E-3,0.19,0.00,0.19,0.00
6.00,-1.16,51.02,6.00,-0.954958,51.01,-4.360000E-3,-2.032720E-1,4.000000E-3,0.20,0.00,0.20,0.00
3.00,-1.18,51.02,3.00,-0.970739,51.01,-4.560000E-3,-2.137110E-1,4.200000E-3,0.21,0.00,0.21,0.00
-0.004785,-1.20,51.02,0.000055,-0.977125,51.02,-4.840117E-3,-2.235150E-1,4.200000E-3,0.22,0.00,0.22,0.00
-3.01,-1.21,51.02,-3.00,-0.974008,51.02,-5.030000E-3,-2.325020E-1,4.100000E-3,0.23,0.01,0.23,0.00
-6.01,-1.20,51.02,-6.00,-0.961683,51.01,-5.240000E-3,-2.404770E-1,3.800000E-3,0.24,0.01,0.24,0.00
-9.01,-1.19,51.02,-9.00,-0.940280,51.01,-5.360000E-3,-2.472800E-1,3.500000E-3,0.25,0.01,0.25,0.00
-12.01,-1.16,51.02,-12.00,-0.910441,51.01,-5.500000E-3,-2.526790E-1,3.100000E-3,0.25,0.01,0.25,0.00
-15.01,-1.13,51.01,-15.00,-0.873070,51.01,-5.400000E-3,-2.565000E-1,2.600000E-3,0.26,0.01,0.26,0.00
-18.01,-1.09,51.01,-18.00,-0.828803,51.01,-5.300000E-3,-2.585870E-1,2.100000E-3,0.26,0.01,0.26,0.00
-21.01,-1.04,51.01,-21.00,-0.778972,51.01,-5.200000E-3,-2.587980E-1,1.500000E-3,0.26,0.01,0.26,0.00
-24.01,-0.981707,51.01,-24.00,-0.724732,51.01,-4.900000E-3,-2.569750E-1,1.000000E-3,0.26,0.00,0.26,0.00
-27.01,-0.920013,51.01,-27.00,-0.667068,51.01,-4.600000E-3,-2.529450E-1,4.000000E-4,0.25,0.00,0.25,0.00
-30.01,-0.854078,51.00,-30.00,-0.607481,51.00,-4.200000E-3,-2.465970E-1,0.000000E+0,0.25,0.00,0.25,0
-33.01,-0.784506,51.00,-33.00,-0.546692,51.00,-3.700000E-3,-2.378140E-1,-5.000000E-4,0.24,0.00,0.24,0.00
-36.01,-0.712552,51.00,-36.00,-0.485999,51.00,-3.300000E-3,-2.265530E-1,-8.000000E-4,0.23,0.00,0.23,0.00
-39.00,-0.639072,51,-39.00,-0.426267,51.00,-2.700000E-3,-2.128050E-1,-1.200000E-3,0.21,0.00,0.21,0.00
-42.00,-0.565068,51.00,-42.00,-0.368399,51.00,-2.200000E-3,-1.966690E-1,-1.500000E-3,0.20,0.00,0.20,0.00
-45.00,-0.491165,51.00,-45.00,-0.312841,51.00,-1.600000E-3,-1.783240E-1,-1.600000E-3,0.18,0.00,0.18,0.00
-48.00,-0.418545,51.00,-48.00,-0.260478,51.00,-1.200000E-3,-1.580670E-1,-1.800000E-3,0.16,0.00,0.16,0.00
-51.00,-0.347969,51.00,-51.00,-0.211660,51.00,-7.000000E-4,-1.363090E-1,-1.900000E-3,0.14,0.00,0.14,0.00
-54.00,-0.280277,51.00,-54.00,-0.166684,51.00,-3.000000E-4,-1.135930E-1,-1.900000E-3,0.11,0.00,0.11,0.00
-57.00,-0.216561,51.00,-57.00,-0.125972,51.00,1.000000E-4,-9.058900E-2,-1.800000E-3,0.09,0.00,0.09,0.00
-60.00,-0.158041,51.00,-60.00,-0.089946,51.00,4.000000E-4,-6.809480E-2,-1.700000E-3,0.07,0.00,0.07,0.00
-63.00,-0.106320,51.00,-63.00,-0.059289,51.00,5.000000E-4,-4.703150E-2,-1.500000E-3,0.05,0.00,0.05,0.00
-66.00,-0.062482,51.00,-66.00,-0.034032,51.00,5.000000E-4,-2.844980E-2,-1.200000E-3,0.03,0.00,0.03,0.00
-69.00,-0.028772,51.00,-69.00,-0.015244,51.00,4.000000E-4,-1.352800E-2,-9.000000E-4,0.01,0.00,0.01,0.00
-72.00,-0.007362,51.00,-72.00,-0.003789,51.00,3.000000E-4,-3.573530E-3,-4.000000E-4,0.00,0.00,0.00,0.00
-75,0.000001,51,-75,0.000001,51,0.000000E+0,0.000000E+0,0.000000E+0,0,0,0,0
75,0.000001,48,75,0.000001,48,0.000000E+0,0.000000E+0,0.000000E+0,0,0,0,0
72.00,-0.006308,48.00,72.00,-0.004864,48.00,-2.000000E-4,-1.444030E-3,-1.000000E-4,0.00,0.00,0.00,0.00
69.00,-0.024099,48.00,69.00,-0.018674,48.00,-5.000000E-4,-5.425700E-3,-2.000000E-4,0.01,0.00,0.01,0.00
66.00,-0.052281,48.00,66.00,-0.041001,48.00,-8.000000E-4,-1.127980E-2,-3.000000E-4,0.01,0.00,0.01,0.00
63.00,-0.088482,48.00,63.00,-0.070002,48.00,-1.000000E-3,-1.847950E-2,-3.000000E-4,0.02,0.00,0.02,0.00
60.00,-0.132426,48.00,60.00,-0.105804,48.00,-1.200000E-3,-2.662200E-2,-2.000000E-4,0.03,0.00,0.03,0.00
57.00,-0.182886,48.00,57.00,-0.147475,48.00,-1.400000E-3,-3.541100E-2,-2.000000E-4,0.04,0.00,0.04,0.00
54.00,-0.239361,48.00,54.00,-0.194719,48.00,-1.600000E-3,-4.464200E-2,-1.000000E-4,0.04,0.00,0.04,0.00
51.00,-0.300518,48.00,51.00,-0.246327,48.00,-1.700000E-3,-5.419100E-2,0.000000E+0,0.05,0.00,0.05,0
48.00,-0.367395,48.00,48.00,-0.303407,48.00,-1.800000E-3,-6.398800E-2,1.000000E-4,0.06,0.00,0.06,0.00
45.00,-0.438286,48.00,45.00,-0.364260,48.00,-1.900000E-3,-7.402600E-2,3.000000E-4,0.07,0.00,0.07,0.00
42.00,-0.513715,48.00,42.00,-0.429406,48.00,-2.100000E-3,-8.430900E-2,5.000000E-4,0.08,0.00,0.08,0.00
39.00,-0.592470,48.00,39.00,-0.497581,48.00,-2.200000E-3,-9.488900E-2,8.000000E-4,0.09,0.00,0.09,0.00
36.00,-0.674005,48.00,36.00,-0.568227,48.00,-2.400000E-3,-1.057780E-1,1.100000E-3,0.11,0.00,0.11,0.00
33.00,-0.757554,48.01,33.00,-0.640521,48.00,-2.500000E-3,-1.170330E-1,1.400000E-3,0.12,0.00,0.12,0.00
30.00,-0.842253,48.01,30.00,-0.713621,48.01,-2.600000E-3,-1.286320E-1,1.800000E-3,0.13,0.00,0.13,0.00
27.00,-0.926734,48.01,27.00,-0.786142,48.01,-2.800000E-3,-1.405920E-1,2.200000E-3,0.14,0.00,0.14,0.00
24.00,-1.01,48.01,24.00,-0.857077,48.01,-2.900000E-3,-1.528530E-1,2.700000E-3,0.15,0.00,0.15,0.00
21.00,-1.09,48.02,21.01,-0.924699,48.01,-3.100000E-3,-1.653810E-1,3.200000E-3,0.17,0.00,0.17,0.00
18.00,-1.17,48.02,18.01,-0.988021,48.01,-3.300000E-3,-1.781190E-1,3.700000E-3,0.18,0.00,0.18,0.00
15.00,-1.24,48.02,15.00,-1.04,48.02,-3.500000E-3,-1.909600E-1,4.200000E-3,0.19,0.00,0.19,0.00
12.00,-1.30,48.02,12.00,-1.09,48.02,-3.800000E-3,-2.038400E-1,4.600000E-3,0.20,0.00,0.20,0.00
9.00,-1.35,48.03,9.00,-1.14,48.02,-4.120000E-3,-2.165900E-1,5.000000E-3,0.22,0.00,0.22,0.01
6.00,-1.39,48.03,6.00,-1.17,48.02,-4.370000E-3,-2.291200E-1,5.300000E-3,0.23,0.00,0.23,0.01
3.00,-1.43,48.03,3.00,-1.19,48.02,-4.760000E-3,-2.411800E-1,5.500000E-3,0.24,0.00,0.24,0.01
-0.005241,-1.45,48.03,-0.000181,-1.19,48.02,-5.060382E-3,-2.526100E-1,5.600000E-3,0.25,0.01,0.25,0.01
-3.01,-1.45,48.03,-3.00,-1.19,48.02,-5.430000E-3,-2.631600E-1,5.500000E-3,0.26,0.01,0.26,0.01
-6.01,-1.45,48.03,-6.00,-1.17,48.02,-5.710000E-3,-2.726400E-1,5.300000E-3,0.27,0.01,0.27,0.01
-9.01,-1.43,48.03,-9.00,-1.15,48.02,-5.990000E-3,-2.808400E-1,4.900000E-3,0.28,0.01,0.28,0.00
-12.01,-1.40,48.02,-12.00,-1.11,48.02,-6.200000E-3,-2.875900E-1,4.400000E-3,0.29,0.01,0.29,0.00
-15.01,-1.36,48.02,-15.00,-1.07,48.02,-6.300000E-3,-2.926400E-1,3.800000E-3,0.29,0.01,0.29,0.00
-18.01,-1.31,48.02,-18.01,-1.01,48.02,-6.300000E-3,-2.957600E-1,3.200000E-3,0.30,0.01,0.30,0.00
-21.01,-1.25,48.02,-21.01,-0.950123,48.01,-6.200000E-3,-2.967670E-1,2.500000E-3,0.30,0.01,0.30,0.00
-24.01,-1.18,48.01,-24.01,-0.883768,48.01,-6.100000E-3,-2.954520E-1,1.900000E-3,0.30,0.01,0.30,0.00
-27.01,-1.11,48.01,-27.00,-0.813614,48.01,-5.700000E-3,-2.916260E-1,1.300000E-3,0.29,0.01,0.29,0.00
-30.01,-1.03,48.01,-30.00,-0.741049,48.01,-5.300000E-3,-2.850810E-1,7.000000E-4,0.29,0.01,0.29,0.00
-33.01,-0.943300,48.01,-33.00,-0.667599,48.00,-4.900000E-3,-2.757010E-1,1.000000E-4,0.28,0.00,0.28,0.00
-36.01,-0.857636,48.00,-36.00,-0.594273,48.00,-4.300000E-3,-2.633630E-1,-4.000000E-4,0.26,0.00,0.26,0.00
-39.01,-0.770204,48.00,-39.00,-0.522135,48.00,-3.700000E-3,-2.480690E-1,-8.000000E-4,0.25,0.00,0.25,0.00
-42.00,-0.682168,48.00,-42.00,-0.452285,48.00,-3.100000E-3,-2.298830E-1,-1.100000E-3,0.23,0.00,0.23,0.00
-45.00,-0.594344,48.00,-45.00,-0.385336,48.00,-2.400000E-3,-2.090080E-1,-1.400000E-3,0.21,0.00,0.21,0.00
-48.00,-0.507738,48.00,-48.00,-0.321968,48.00,-1.800000E-3,-1.857700E-1,-1.700000E-3,0.19,0.00,0.19,0.00
-51.00,-0.423482,48.00,-51.00,-0.262838,48.00,-1.200000E-3,-1.606440E-1,-1.900000E-3,0.16,0.00,0.16,0.00
-54.00,-0.342466,48.00,-54.00,-0.208214,48.00,-6.000000E-4,-1.342520E-1,-1.900000E-3,0.13,0.00,0.13,0.00
-57.00,-0.265877,48.00,-57.00,-0.158496,48.00,-1.000000E-4,-1.073810E-1,-1.900000E-3,0.11,0.00,0.11,0.00
-60.00,-0.195362,48.00,-60.00,-0.114397,48.00,1.000000E-4,-8.096500E-2,-1.800000E-3,0.08,0.00,0.08,0.00
-63.00,-0.132398,48.00,-63.00,-0.076295,48.00,4.000000E-4,-5.610320E-2,-1.600000E-3,0.06,0.00,0.06,0.00
-66.00,-0.078640,48.00,-66.00,-0.044590,48.00,5.000000E-4,-3.405030E-2,-1.300000E-3,0.03,0.00,0.03,0.00
-69.00,-0.037068,48.00,-69.00,-0.020828,48.00,5.000000E-4,-1.623950E-2,-1.000000E-3,0.02,0.00,0.02,0.00
-72.00,-0.009740,48.00,-72.00,-0.005453,48.00,3.000000E-4,-4.286590E-3,-5.000000E-4,0.00,0.00,0.00,0.00
-75,0.000001,48,-75,0.000001,48,0.000000E+0,0.000000E+0,0.000000E+0,0,0,0,0
75,0.000001,45,75,0.000001,45,0.000000E+0,0.000000E+0,0.000000E+0,0,0,0,0
72.00,-0.007994,45.00,72.00,-0.006375,45.00,-3.000000E-4,-1.618710E-3,-1.000000E-4,0.00,0.00,0.00,0.00
69.00,-0.030419,45.00,69.00,-0.024302,45.00,-6.000000E-4,-6.116700E-3,-2.000000E-4,0.01,0.00,0.01,0.00
66.00,-0.064722,45.00,66.00,-0.052015,45.00,-8.000000E-4,-1.270730E-2,-3.000000E-4,0.01,0.00,0.01,0.00
63.00,-0.108290,45.00,63.00,-0.087513,45.00,-1.000000E-3,-2.077670E-2,-3.000000E-4,0.02,0.00,0.02,0.00
60.00,-0.160723,45.00,60.00,-0.130855,45.00,-1.200000E-3,-2.986800E-2,-2.000000E-4,0.03,0.00,0.03,0.00
57.00,-0.220122,45.00,57.00,-0.180479,45.00,-1.400000E-3,-3.964300E-2,-1.000000E-4,0.04,0.00,0.04,0.00
54.00,-0.286284,45.00,54.00,-0.236416,45.00,-1.600000E-3,-4.986800E-2,0.000000E+0,0.05,0.00,0.05,0
51.00,-0.358775,45.00,51.00,-0.298384,45.00,-1.700000E-3,-6.039100E-2,1.000000E-4,0.06,0.00,0.06,0.00
48.00,-0.436757,45.00,48.00,-0.365613,45.00,-1.700000E-3,-7.114400E-2,3.000000E-4,0.07,0.00,0.07,0.00
45.00,-0.520163,45.00,45.00,-0.438069,45.00,-1.900000E-3,-8.209400E-2,5.000000E-4,0.08,0.00,0.08,0.00
42.00,-0.608314,45.00,42.00,-0.515044,45.00,-2.000000E-3,-9.327000E-2,8.000000E-4,0.09,0.00,0.09,0.00
39.00,-0.700754,45.00,39.00,-0.596066,45.00,-2.000000E-3,-1.046880E-1,1.200000E-3,0.10,0.00,0.10,0.00
36.00,-0.796727,45.01,36.00,-0.680303,45.00,-2.200000E-3,-1.164240E-1,1.400000E-3,0.12,0.00,0.12,0.00
33.00,-0.895104,45.01,33.00,-0.766623,45.01,-2.200000E-3,-1.284810E-1,1.900000E-3,0.13,0.00,0.13,0.00
30.00,-1.00,45.01,30.01,-0.854321,45.01,-2.400000E-3,-1.409350E-1,2.300000E-3,0.14,0.00,0.14,0.00
27.00,-1.10,45.01,27.01,-0.941748,45.01,-2.500000E-3,-1.537520E-1,2.800000E-3,0.15,0.00,0.15,0.00
24.00,-1.19,45.02,24.01,-1.03,45.01,-2.600000E-3,-1.669700E-1,3.400000E-3,0.17,0.00,0.17,0.00
21.00,-1.29,45.02,21.01,-1.11,45.02,-2.700000E-3,-1.805000E-1,3.900000E-3,0.18,0.00,0.18,0.00
18.00,-1.38,45.03,18.01,-1.19,45.02,-3.000000E-3,-1.943400E-1,4.500000E-3,0.19,0.00,0.19,0.00
15.00,-1.47,45.03,15.01,-1.26,45.02,-3.300000E-3,-2.083700E-1,5.200000E-3,0.21,0.00,0.21,0.01
12.00,-1.54,45.03,12.01,-1.32,45.03,-3.600000E-3,-2.225000E-1,5.700000E-3,0.22,0.00,0.22,0.01
9.00,-1.61,45.04,9.00,-1.37,45.03,-3.880000E-3,-2.366200E-1,6.200000E-3,0.24,0.00,0.24,0.01
6.00,-1.66,45.04,6.00,-1.41,45.03,-4.340000E-3,-2.505400E-1,6.500000E-3,0.25,0.00,0.25,0.01
3.00,-1.70,45.04,3.00,-1.43,45.03,-4.710000E-3,-2.640900E-1,6.900000E-3,0.26,0.00,0.26,0.01
-0.005130,-1.72,45.04,0.000083,-1.44,45.03,-5.213780E-3,-2.770300E-1,6.900000E-3,0.28,0.01,0.28,0.01
-3.01,-1.73,45.04,-3.00,-1.44,45.03,-5.620000E-3,-2.891700E-1,6.900000E-3,0.29,0.01,0.29,0.01
-6.01,-1.72,45.04,-6.00,-1.42,45.03,-6.130000E-3,-3.002300E-1,6.600000E-3,0.30,0.01,0.30,0.01
-9.01,-1.70,45.04,-9.01,-1.39,45.03,-6.490000E-3,-3.100300E-1,6.300000E-3,0.31,0.01,0.31,0.01
-12.01,-1.66,45.03,-12.01,-1.34,45.03,-7.000000E-3,-3.183000E-1,5.800000E-3,0.32,0.01,0.32,0.01
-15.01,-1.61,45.03,-15.01,-1.28,45.03,-7.200000E-3,-3.248400E-1,5.100000E-3,0.32,0.01,0.32,0.01
-18.01,-1.55,45.03,-18.01,-1.22,45.02,-7.300000E-3,-3.293600E-1,4.400000E-3,0.33,0.01,0.33,0.00
-21.02,-1.47,45.02,-21.01,-1.14,45.02,-7.400000E-3,-3.315500E-1,3.600000E-3,0.33,0.01,0.33,0.00
-24.01,-1.39,45.02,-24.01,-1.06,45.02,-7.200000E-3,-3.311800E-1,2.800000E-3,0.33,0.01,0.33,0.00
-27.01,-1.30,45.01,-27.01,-0.976776,45.01,-6.900000E-3,-3.279540E-1,2.100000E-3,0.33,0.01,0.33,0.00
-30.01,-1.21,45.01,-30.01,-0.889147,45.01,-6.500000E-3,-3.216530E-1,1.300000E-3,0.32,0.01,0.32,0.00
-33.01,-1.11,45.01,-33.01,-0.800669,45.01,-6.100000E-3,-3.120610E-1,7.000000E-4,0.31,0.01,0.31,0.00
-36.01,-1.01,45.01,-36.00,-0.712850,45.01,-5.400000E-3,-2.990300E-1,1.000000E-4,0.30,0.01,0.30,0.00
-39.01,-0.909262,45.00,-39.00,-0.626761,45.00,-4.900000E-3,-2.825010E-1,-4.000000E-4,0.28,0.00,0.28,0.00
-42.01,-0.806292,45.00,-42.00,-0.543745,45.00,-4.100000E-3,-2.625470E-1,-9.000000E-4,0.26,0.00,0.26,0.00
-45.00,-0.703555,45.00,-45.00,-0.464190,45.00,-3.300000E-3,-2.393650E-1,-1.200000E-3,0.24,0.00,0.24,0.00
-48.00,-0.602121,45.00,-48.00,-0.388795,45.00,-2.500000E-3,-2.133260E-1,-1.600000E-3,0.21,0.00,0.21,0.00
-51.00,-0.503506,45.00,-51.00,-0.318544,45.00,-1.800000E-3,-1.849620E-1,-1.800000E-3,0.18,0.00,0.18,0.00
-54.00,-0.408589,45.00,-54.00,-0.253601,45.00,-1.100000E-3,-1.549880E-1,-2.000000E-3,0.16,0.00,0.15,0.00
-57.00,-0.318641,45.00,-57.00,-0.194345,45.00,-5.000000E-4,-1.242960E-1,-1.900000E-3,0.12,0.00,0.12,0.00
-60.00,-0.235488,45.00,-60.00,-0.141513,45.00,0.000000E+0,-9.397500E-2,-1.800000E-3,0.09,0,0.09,0.00
-63.00,-0.160793,45.00,-63.00,-0.095496,45.00,3.000000E-4,-6.529730E-2,-1.700000E-3,0.07,0.00,0.07,0.00
-66.00,-0.096721,45.00,-66.00,-0.056977,45.00,5.000000E-4,-3.974350E-2,-1.400000E-3,0.04,0.00,0.04,0.00
-69.00,-0.045782,45.00,-69.00,-0.026779,45.00,5.000000E-4,-1.900240E-2,-1.000000E-3,0.02,0.00,0.02,0.00
-72.00,-0.012297,45.00,-72.00,-0.007278,45.00,3.000000E-4,-5.018420E-3,-5.000000E-4,0.01,0.00,0.01,0.00
-75,0.000001,45,-75,0.000001,45,0.000000E+0,0.000000E+0,0.000000E+0,0,0,0,0
75,0.000001,42,75,0.000001,42,0.000000E+0,0.000000E+0,0.000000E+0,0,0,0,0
72.00,-0.010416,42.00,72.00,-0.008636,42.00,-3.000000E-4,-1.779860E-3,-1.000000E-4,0.00,0.00,0.00,0.00
69.00,-0.037544,42.00,69.00,-0.030801,42.00,-6.000000E-4,-6.742900E-3,-1.000000E-4,0.01,0.00,0.01,0.00
66.00,-0.078627,42.00,66.00,-0.064642,42.00,-9.000000E-4,-1.398550E-2,-2.000000E-4,0.01,0.00,0.01,0.00
63.00,-0.129786,42.00,63.00,-0.106960,42.00,-1.100000E-3,-2.282600E-2,-2.000000E-4,0.02,0.00,0.02,0.00
60.00,-0.190650,42.00,60.00,-0.157896,42.00,-1.200000E-3,-3.275400E-2,-1.000000E-4,0.03,0.00,0.03,0.00
57.00,-0.259682,42.00,57.00,-0.216295,42.00,-1.400000E-3,-4.338700E-2,0.000000E+0,0.04,0.00,0.04,0
54.00,-0.336240,42.00,54,-0.281781,42.00,-1.500000E-3,-5.445900E-2,1.000000E-4,0.05,0.00,0.05,0.00
51.00,-0.419656,42.00,51.00,-0.353851,42.00,-1.600000E-3,-6.580500E-2,2.000000E-4,0.07,0.00,0.07,0.00
48.00,-0.509726,42.00,48.00,-0.432399,42.00,-1.700000E-3,-7.732700E-2,5.000000E-4,0.08,0.00,0.08,0.00
45.00,-0.606045,42.00,45.00,-0.517043,42.00,-1.700000E-3,-8.900200E-2,8.000000E-4,0.09,0.00,0.09,0.00
42.00,-0.707962,42.00,42.00,-0.607132,42.00,-1.800000E-3,-1.008300E-1,1.000000E-3,0.10,0.00,0.10,0.00
39.00,-0.815174,42.01,39.00,-0.702308,42.00,-1.900000E-3,-1.128660E-1,1.400000E-3,0.11,0.00,0.11,0.00
36.00,-0.926836,42.01,36.01,-0.801701,42.01,-1.900000E-3,-1.251350E-1,1.900000E-3,0.13,0.00,0.13,0.00
33.01,-1.04,42.01,33.01,-0.904205,42.01,-1.900000E-3,-1.377350E-1,2.200000E-3,0.14,0.00,0.14,0.00
30.01,-1.16,42.01,30.01,-1.01,42.01,-2.000000E-3,-1.506900E-1,2.700000E-3,0.15,0.00,0.15,0.00
27.01,-1.28,42.02,27.01,-1.11,42.02,-2.100000E-3,-1.640700E-1,3.300000E-3,0.16,0.00,0.16,0.00
24.01,-1.40,42.02,24.01,-1.22,42.02,-2.300000E-3,-1.778600E-1,4.000000E-3,0.18,0.00,0.18,0.00
21.01,-1.51,42.03,21.01,-1.32,42.02,-2.300000E-3,-1.921000E-1,4.700000E-3,0.19,0.00,0.19,0.00
18.01,-1.62,42.03,18.01,-1.41,42.03,-2.600000E-3,-2.066700E-1,5.300000E-3,0.21,0.00,0.21,0.01
15.01,-1.72,42.04,15.01,-1.50,42.03,-2.800000E-3,-2.215200E-1,6.000000E-3,0.22,0.00,0.22,0.01
12.01,-1.81,42.05,12.01,-1.58,42.04,-3.100000E-3,-2.365700E-1,6.600000E-3,0.24,0.00,0.24,0.01
9.00,-1.89,42.05,9.01,-1.64,42.04,-3.520000E-3,-2.516400E-1,7.100000E-3,0.25,0.00,0.25,0.01
6.00,-1.95,42.05,6.01,-1.69,42.05,-3.940000E-3,-2.666200E-1,7.700000E-3,0.27,0.00,0.27,0.01
3.00,-2.00,42.06,3.00,-1.72,42.05,-4.540000E-3,-2.813500E-1,7.800000E-3,0.28,0.00,0.28,0.01
-0.005301,-2.03,42.06,-0.000233,-1.73,42.05,-5.067940E-3,-2.956700E-1,8.200000E-3,0.30,0.01,0.30,0.01
-3.01,-2.04,42.06,-3.00,-1.73,42.05,-5.780000E-3,-3.093300E-1,8.000000E-3,0.31,0.01,0.31,0.01
-6.01,-2.02,42.06,-6.01,-1.70,42.05,-6.320000E-3,-3.221300E-1,7.900000E-3,0.32,0.01,0.32,0.01
-9.01,-2.00,42.05,-9.01,-1.66,42.04,-7.030000E-3,-3.337500E-1,7.400000E-3,0.33,0.01,0.33,0.01
-12.02,-1.95,42.05,-12.01,-1.61,42.04,-7.500000E-3,-3.439100E-1,6.900000E-3,0.34,0.01,0.34,0.01
-15.02,-1.89,42.04,-15.01,-1.53,42.04,-8.100000E-3,-3.523300E-1,6.200000E-3,0.35,0.01,0.35,0.01
-18.02,-1.81,42.04,-18.01,-1.45,42.03,-8.300000E-3,-3.586700E-1,5.400000E-3,0.36,0.01,0.36,0.01
-21.02,-1.72,42.03,-21.01,-1.36,42.03,-8.500000E-3,-3.625700E-1,4.600000E-3,0.36,0.01,0.36,0.00
-24.02,-1.62,42.03,-24.01,-1.26,42.02,-8.500000E-3,-3.636100E-1,3.600000E-3,0.36,0.01,0.36,0.00
-27.02,-1.52,42.02,-27.01,-1.16,42.02,-8.300000E-3,-3.615100E-1,2.800000E-3,0.36,0.01,0.36,0.00
-30.02,-1.41,42.02,-30.01,-1.05,42.01,-8.000000E-3,-3.559200E-1,2.100000E-3,0.36,0.01,0.36,0.00
-33.02,-1.29,42.01,-33.01,-0.946581,42.01,-7.400000E-3,-3.465790E-1,1.200000E-3,0.35,0.01,0.35,0.00
-36.01,-1.18,42.01,-36.01,-0.842003,42.01,-6.900000E-3,-3.332370E-1,6.000000E-4,0.33,0.01,0.33,0.00
-39.01,-1.06,42.01,-39.01,-0.740202,42.01,-6.100000E-3,-3.158480E-1,0.000000E+0,0.32,0.01,0.32,0
-42.01,-0.936578,42.00,-42.00,-0.642162,42.00,-5.300000E-3,-2.944160E-1,-6.000000E-4,0.29,0.01,0.29,0.00
-45.01,-0.817956,42.00,-45.00,-0.548777,42.00,-4.400000E-3,-2.691790E-1,-1.000000E-3,0.27,0.00,0.27,0.00
-48.01,-0.701360,42.00,-48.00,-0.460827,42.00,-3.500000E-3,-2.405330E-1,-1.400000E-3,0.24,0.00,0.24,0.00
-51.00,-0.587761,42.00,-51.00,-0.378678,42.00,-2.600000E-3,-2.090830E-1,-1.700000E-3,0.21,0.00,0.21,0.00
-54.00,-0.478462,42.00,-54,-0.302832,42.00,-1.700000E-3,-1.756300E-1,-1.900000E-3,0.18,0.00,0.18,0.00
-57.00,-0.374659,42.00,-57.00,-0.233462,42.00,-9.000000E-4,-1.411970E-1,-1.900000E-3,0.14,0.00,0.14,0.00
-60.00,-0.278208,42.00,-60.00,-0.171195,42.00,-2.000000E-4,-1.070130E-1,-1.900000E-3,0.11,0.00,0.11,0.00
-63.00,-0.191366,42.00,-63.00,-0.116822,42.00,2.000000E-4,-7.454400E-2,-1.700000E-3,0.07,0.00,0.07,0.00
-66.00,-0.115926,42.00,-66.00,-0.070439,42.00,5.000000E-4,-4.548700E-2,-1.500000E-3,0.05,0.00,0.05,0.00
-69.00,-0.055945,42.00,-69.00,-0.034138,42.00,6.000000E-4,-2.180620E-2,-1.000000E-3,0.02,0.00,0.02,0.00
-72.00,-0.015080,42.00,-72.00,-0.009312,42.00,4.000000E-4,-5.768190E-3,-6.000000E-4,0.01,0.00,0.01,0.00
-75,0.000001,42,-75,0.000001,42,0.000000E+0,0.000000E+0,0.000000E+0,0,0,0,0
75,0.000000,39,75,0.000000,39,0.000000E+0,0.000000E+0,0.000000E+0,0,0,0,0
72.00,-0.012451,39.00,72.00,-0.010518,39.00,-3.000000E-4,-1.933400E-3,0.000000E+0,0.00,0.00,0.00,0
69.00,-0.045538,39.00,69.00,-0.038246,39.00,-6.000000E-4,-7.292200E-3,-1.000000E-4,0.01,0.00,0.01,0.00
66.00,-0.093342,39.00,66.00,-0.078244,39.00,-9.000000E-4,-1.509790E-2,-1.000000E-4,0.02,0.00,0.02,0.00
63.00,-0.152884,39.00,63.00,-0.128282,39.00,-1.100000E-3,-2.460200E-2,-1.000000E-4,0.02,0.00,0.02,0.00
60.00,-0.222568,39.00,60.00,-0.187327,39.00,-1.200000E-3,-3.524100E-2,0.000000E+0,0.04,0.00,0.04,0
57.00,-0.300966,39,57.00,-0.254371,39,-1.300000E-3,-4.659500E-2,0.000000E+0,0.05,0.00,0.05,0
54.00,-0.388108,39.00,54.00,-0.329741,39.00,-1.400000E-3,-5.836700E-2,3.000000E-4,0.06,0.00,0.06,0.00
51.00,-0.483059,39.00,51.00,-0.412695,39.00,-1.500000E-3,-7.036400E-2,4.000000E-4,0.07,0.00,0.07,0.00
48.00,-0.585627,39.00,48.00,-0.503148,39.00,-1.500000E-3,-8.247900E-2,7.000000E-4,0.08,0.00,0.08,0.00
45.00,-0.695539,39.00,45.00,-0.600878,39.00,-1.500000E-3,-9.466100E-2,1.000000E-3,0.09,0.00,0.09,0.00
42.00,-0.812139,39.01,42.00,-0.705208,39.00,-1.600000E-3,-1.069310E-1,1.300000E-3,0.11,0.00,0.11,0.00
39.01,-0.935472,39.01,39.01,-0.816171,39.01,-1.600000E-3,-1.193010E-1,1.600000E-3,0.12,0.00,0.12,0.00
36.01,-1.06,39.01,36.01,-0.932496,39.01,-1.600000E-3,-1.318640E-1,2.100000E-3,0.13,0.00,0.13,0.00
33.01,-1.20,39.02,33.01,-1.05,39.01,-1.600000E-3,-1.446600E-1,2.600000E-3,0.14,0.00,0.14,0.00
30.01,-1.34,39.02,30.01,-1.18,39.02,-1.700000E-3,-1.578200E-1,3.200000E-3,0.16,0.00,0.16,0.00
27.01,-1.47,39.03,27.01,-1.30,39.02,-1.600000E-3,-1.713800E-1,3.800000E-3,0.17,0.00,0.17,0.00
24.01,-1.61,39.03,24.02,-1.43,39.03,-1.700000E-3,-1.854200E-1,4.500000E-3,0.19,0.00,0.19,0.00
21.01,-1.75,39.04,21.02,-1.55,39.03,-1.700000E-3,-1.999200E-1,5.200000E-3,0.20,0.00,0.20,0.01
18.01,-1.88,39.05,18.02,-1.67,39.04,-1.900000E-3,-2.148000E-1,5.800000E-3,0.21,0.00,0.21,0.01
15.01,-2.01,39.06,15.02,-1.78,39.05,-2.100000E-3,-2.300300E-1,6.600000E-3,0.23,0.00,0.23,0.01
12.01,-2.12,39.06,12.01,-1.88,39.06,-2.500000E-3,-2.454700E-1,7.200000E-3,0.25,0.00,0.25,0.01
9.01,-2.22,39.07,9.01,-1.96,39.06,-2.830000E-3,-2.610800E-1,7.900000E-3,0.26,0.00,0.26,0.01
6.00,-2.30,39.08,6.01,-2.02,39.07,-3.370000E-3,-2.767400E-1,8.200000E-3,0.28,0.00,0.28,0.01
3.00,-2.35,39.08,3.00,-2.06,39.07,-3.950000E-3,-2.923400E-1,8.800000E-3,0.29,0.00,0.29,0.01
-0.005198,-2.38,39.08,-0.000431,-2.07,39.07,-4.766728E-3,-3.078000E-1,8.700000E-3,0.31,0.00,0.31,0.01
-3.01,-2.39,39.08,-3.00,-2.07,39.07,-5.470000E-3,-3.229600E-1,8.900000E-3,0.32,0.01,0.32,0.01
-6.01,-2.37,39.08,-6.01,-2.04,39.07,-6.460000E-3,-3.375500E-1,8.600000E-3,0.34,0.01,0.34,0.01
-9.02,-2.33,39.07,-9.01,-1.98,39.06,-7.190000E-3,-3.512700E-1,8.400000E-3,0.35,0.01,0.35,0.01
-12.02,-2.27,39.07,-12.01,-1.91,39.06,-8.100000E-3,-3.637000E-1,7.800000E-3,0.36,0.01,0.36,0.01
-15.02,-2.20,39.06,-15.02,-1.82,39.05,-8.700000E-3,-3.744700E-1,7.200000E-3,0.37,0.01,0.37,0.01
-18.03,-2.10,39.05,-18.02,-1.72,39.04,-9.300000E-3,-3.832000E-1,6.300000E-3,0.38,0.01,0.38,0.01
-21.03,-1.99,39.04,-21.02,-1.60,39.04,-9.700000E-3,-3.893500E-1,5.300000E-3,0.39,0.01,0.39,0.01
-24.03,-1.88,39.03,-24.02,-1.48,39.03,-9.900000E-3,-3.924600E-1,4.400000E-3,0.39,0.01,0.39,0.00
-27.02,-1.75,39.03,-27.01,-1.36,39.02,-9.800000E-3,-3.920300E-1,3.500000E-3,0.39,0.01,0.39,0.00
-30.02,-1.62,39.02,-30.01,-1.23,39.02,-9.500000E-3,-3.877000E-1,2.600000E-3,0.39,0.01,0.39,0.00
-33.02,-1.48,39.02,-33.01,-1.11,39.01,-9.000000E-3,-3.790700E-1,1.800000E-3,0.38,0.01,0.38,0.00
-36.02,-1.35,39.01,-36.01,-0.981723,39.01,-8.400000E-3,-3.658870E-1,1.000000E-3,0.37,0.01,0.37,0.00
-39.01,-1.21,39.01,-39.01,-0.862115,39.01,-7.600000E-3,-3.479650E-1,3.000000E-4,0.35,0.01,0.35,0.00
-42.01,-1.07,39.01,-42.01,-0.747501,39.01,-6.600000E-3,-3.253790E-1,-3.000000E-4,0.33,0.01,0.33,0.00
-45.01,-0.937589,39.00,-45.00,-0.639263,39.00,-5.600000E-3,-2.983260E-1,-7.000000E-4,0.30,0.01,0.30,0.00
-48.01,-0.804704,39.00,-48.00,-0.537433,39.00,-4.500000E-3,-2.672710E-1,-1.200000E-3,0.27,0.00,0.27,0.00
-51.00,-0.675483,39.00,-51.00,-0.442601,39.00,-3.400000E-3,-2.328820E-1,-1.600000E-3,0.23,0.00,0.23,0.00
-54.00,-0.551250,39.00,-54.00,-0.355179,39.00,-2.400000E-3,-1.960710E-1,-1.800000E-3,0.20,0.00,0.20,0.00
-57.00,-0.433268,39.00,-57.00,-0.275292,39.00,-1.400000E-3,-1.579760E-1,-1.900000E-3,0.16,0.00,0.16,0.00
-60.00,-0.323395,39.00,-60.00,-0.203396,39.00,-6.000000E-4,-1.199990E-1,-1.900000E-3,0.12,0.00,0.12,0.00
-63.00,-0.224137,39.00,-63.00,-0.140361,39.00,1.000000E-4,-8.377600E-2,-1.800000E-3,0.08,0.00,0.08,0.00
-66.00,-0.137423,39.00,-66.00,-0.086180,39.00,5.000000E-4,-5.124270E-2,-1.500000E-3,0.05,0.00,0.05,0.00
-69.00,-0.067411,39.00,-69.00,-0.042783,39.00,6.000000E-4,-2.462780E-2,-1.200000E-3,0.02,0.00,0.02,0.00
-72.00,-0.018484,39.00,-72.00,-0.011945,39.00,4.000000E-4,-6.538200E-3,-6.000000E-4,0.01,0.00,0.01,0.00
-75,0.000000,39,-75,0.000000,39,0.000000E+0,0.000000E+0,0.000000E+0,0,0,0,0
75,0.000000,36,75,0.000000,36,0.000000E+0,0.000000E+0,0.000000E+0,0,0,0,0
72.00,-0.015370,36.00,72.00,-0.013298,36.00,-3.000000E-4,-2.071900E-3,-1.000000E-4,0.00,0.00,0.00,0.00
69.00,-0.054893,36.00,69.00,-0.047133,36.00,-7.000000E-4,-7.760800E-3,-1.000000E-4,0.01,0.00,0.01,0.00
66.00,-0.109540,36.00,66.00,-0.093505,36.00,-9.000000E-4,-1.603500E-2,-1.000000E-4,0.02,0.00,0.02,0.00
63.00,-0.176852,36.00,63.00,-0.150762,36.00,-1.000000E-3,-2.609000E-2,-1.000000E-4,0.03,0.00,0.03,0.00
60.00,-0.255624,36.00,60.00,-0.218309,36.00,-1.200000E-3,-3.731500E-2,1.000000E-4,0.04,0.00,0.04,0.00
57.00,-0.343897,36.00,57.00,-0.294644,36.00,-1.300000E-3,-4.925300E-2,2.000000E-4,0.05,0.00,0.05,0.00
54.00,-0.441761,36.00,54.00,-0.380189,36.00,-1.300000E-3,-6.157200E-2,3.000000E-4,0.06,0.00,0.06,0.00
51.00,-0.548477,36.00,51.00,-0.474419,36.00,-1.300000E-3,-7.405800E-2,6.000000E-4,0.07,0.00,0.07,0.00
48.00,-0.663917,36.00,48.00,-0.577343,36.00,-1.300000E-3,-8.657400E-2,8.000000E-4,0.09,0.00,0.09,0.00
45.00,-0.787977,36.01,45.01,-0.688899,36.00,-1.300000E-3,-9.907800E-2,1.100000E-3,0.10,0.00,0.10,0.00
42.01,-0.920419,36.01,42.01,-0.808875,36.01,-1.200000E-3,-1.115440E-1,1.500000E-3,0.11,0.00,0.11,0.00
39.01,-1.06,36.01,39.01,-0.936855,36.01,-1.200000E-3,-1.240350E-1,1.900000E-3,0.12,0.00,0.12,0.00
36.01,-1.21,36.01,36.01,-1.07,36.01,-1.200000E-3,-1.365900E-1,2.300000E-3,0.14,0.00,0.14,0.00
33.01,-1.36,36.02,33.01,-1.21,36.02,-1.200000E-3,-1.493400E-1,2.800000E-3,0.15,0.00,0.15,0.00
30.02,-1.52,36.03,30.02,-1.36,36.02,-1.100000E-3,-1.623400E-1,3.400000E-3,0.16,0.00,0.16,0.00
27.02,-1.69,36.03,27.02,-1.51,36.03,-1.100000E-3,-1.757400E-1,4.000000E-3,0.18,0.00,0.18,0.00
24.02,-1.85,36.04,24.02,-1.66,36.04,-1.000000E-3,-1.896000E-1,4.700000E-3,0.19,0.00,0.19,0.00
21.02,-2.02,36.05,21.02,-1.81,36.05,-1.000000E-3,-2.039000E-1,5.400000E-3,0.20,0.00,0.20,0.01
18.02,-2.18,36.06,18.02,-1.96,36.06,-1.100000E-3,-2.185900E-1,6.100000E-3,0.22,0.00,0.22,0.01
15.02,-2.34,36.07,15.02,-2.10,36.07,-1.300000E-3,-2.335800E-1,6.700000E-3,0.23,0.00,0.23,0.01
12.02,-2.48,36.09,12.02,-2.23,36.08,-1.500000E-3,-2.489300E-1,7.500000E-3,0.25,0.00,0.25,0.01
9.01,-2.60,36.10,9.02,-2.34,36.09,-1.830000E-3,-2.645300E-1,7.800000E-3,0.26,0.00,0.26,0.01
6.01,-2.70,36.10,6.01,-2.42,36.09,-2.350000E-3,-2.804100E-1,8.600000E-3,0.28,0.00,0.28,0.01
3.00,-2.76,36.11,3.00,-2.47,36.10,-3.090000E-3,-2.966600E-1,8.600000E-3,0.30,0.00,0.30,0.01
-0.006684,-2.80,36.11,-0.002834,-2.49,36.10,-3.850760E-3,-3.130900E-1,9.100000E-3,0.31,0.00,0.31,0.01
-3.01,-2.81,36.11,-3.01,-2.48,36.10,-5.000000E-3,-3.297100E-1,9.000000E-3,0.33,0.00,0.33,0.01
-6.02,-2.78,36.10,-6.01,-2.44,36.10,-5.920000E-3,-3.461700E-1,9.200000E-3,0.35,0.01,0.35,0.01
-9.03,-2.73,36.10,-9.02,-2.37,36.09,-7.240000E-3,-3.622100E-1,8.800000E-3,0.36,0.01,0.36,0.01
-12.03,-2.65,36.09,-12.02,-2.27,36.08,-8.200000E-3,-3.773000E-1,8.400000E-3,0.38,0.01,0.38,0.01
-15.03,-2.55,36.08,-15.02,-2.16,36.07,-9.300000E-3,-3.909400E-1,7.700000E-3,0.39,0.01,0.39,0.01
-18.04,-2.43,36.07,-18.03,-2.02,36.06,-1.020000E-2,-4.026100E-1,6.900000E-3,0.40,0.01,0.40,0.01
-21.04,-2.29,36.06,-21.02,-1.88,36.05,-1.080000E-2,-4.116900E-1,6.000000E-3,0.41,0.01,0.41,0.01
-24.03,-2.15,36.05,-24.02,-1.73,36.04,-1.130000E-2,-4.175500E-1,5.000000E-3,0.42,0.01,0.42,0.01
-27.03,-2.00,36.04,-27.02,-1.58,36.03,-1.130000E-2,-4.195100E-1,4.000000E-3,0.42,0.01,0.42,0.00
-30.03,-1.84,36.03,-30.02,-1.43,36.02,-1.120000E-2,-4.169800E-1,3.100000E-3,0.42,0.01,0.42,0.00
-33.03,-1.69,36.02,-33.02,-1.28,36.02,-1.080000E-2,-4.096100E-1,2.200000E-3,0.41,0.01,0.41,0.00
-36.02,-1.53,36.02,-36.01,-1.13,36.01,-1.020000E-2,-3.969600E-1,1.500000E-3,0.40,0.01,0.40,0.00
-39.02,-1.37,36.01,-39.01,-0.992106,36.01,-9.300000E-3,-3.789040E-1,7.000000E-4,0.38,0.01,0.38,0.00
-42.02,-1.21,36.01,-42.01,-0.859415,36.01,-8.200000E-3,-3.554050E-1,1.000000E-4,0.36,0.01,0.36,0.00
-45.01,-1.06,36.00,-45.01,-0.734640,36.00,-6.900000E-3,-3.267700E-1,-5.000000E-4,0.33,0.01,0.33,0.00
-48.01,-0.911280,36.00,-48.00,-0.617810,36.00,-5.700000E-3,-2.934700E-1,-1.000000E-3,0.29,0.01,0.29,0.00
-51.01,-0.766217,36.00,-51.00,-0.509931,36.00,-4.400000E-3,-2.562860E-1,-1.400000E-3,0.26,0.00,0.26,0.00
-54.00,-0.626570,36.00,-54.00,-0.410354,36.00,-3.200000E-3,-2.162160E-1,-1.700000E-3,0.22,0.00,0.22,0.00
-57.00,-0.494126,36.00,-57,-0.319570,36.00,-1.900000E-3,-1.745560E-1,-1.800000E-3,0.17,0.00,0.17,0.00
-60.00,-0.370475,36.00,-60.00,-0.237628,36,-9.000000E-4,-1.328470E-1,-1.900000E-3,0.13,0.00,0.13,0.00
-63.00,-0.258298,36.00,-63.00,-0.165362,36.00,-2.000000E-4,-9.293600E-2,-1.800000E-3,0.09,0.00,0.09,0.00
-66.00,-0.159989,36.00,-66.00,-0.103025,36.00,4.000000E-4,-5.696400E-2,-1.500000E-3,0.06,0.00,0.06,0.00
-69.00,-0.079433,36.00,-69.00,-0.051988,36.00,6.000000E-4,-2.744480E-2,-1.200000E-3,0.03,0.00,0.03,0.00
-72.00,-0.022167,36.00,-72.00,-0.014856,36.00,4.000000E-4,-7.310900E-3,-6.000000E-4,0.01,0.00,0.01,0.00
-75,0.000000,36,-75,0.000000,36,0.000000E+0,0.000000E+0,0.000000E+0,0,0,0,0
75,0.000000,33,75,0.000000,33,0.000000E+0,0.000000E+0,0.000000E+0,0,0,0,0
72.00,-0.018748,33.00,72.00,-0.016566,33.00,-4.000000E-4,-2.181900E-3,-1.000000E-4,0.00,0.00,0.00,0.00
69.00,-0.064383,33.00,69.00,-0.056238,33.00,-6.000000E-4,-8.144600E-3,0.000000E+0,0.01,0.00,0.01,0
66.00,-0.126397,33.00,66.00,-0.109598,33.00,-9.000000E-4,-1.679900E-2,0.000000E+0,0.02,0.00,0.02,0
63.00,-0.202133,33.00,63.00,-0.174836,33.00,-1.000000E-3,-2.729700E-2,1.000000E-4,0.03,0.00,0.03,0.00
60.00,-0.289708,33.00,60.00,-0.250724,33,-1.100000E-3,-3.898400E-2,1.000000E-4,0.04,0.00,0.04,0.00
57.00,-0.387706,33.00,57.00,-0.336336,33.00,-1.100000E-3,-5.137000E-2,3.000000E-4,0.05,0.00,0.05,0.00
54.00,-0.496218,33.00,54.00,-0.432126,33.00,-1.200000E-3,-6.409200E-2,5.000000E-4,0.06,0.00,0.06,0.00
51.00,-0.615032,33.00,51.00,-0.538127,33.00,-1.100000E-3,-7.690500E-2,7.000000E-4,0.08,0.00,0.08,0.00
48.00,-0.743689,33.00,48.00,-0.654027,33.00,-1.000000E-3,-8.966200E-2,1.000000E-3,0.09,0.00,0.09,0.00
45.01,-0.882658,33.01,45.01,-0.780376,33.01,-9.000000E-4,-1.022820E-1,1.300000E-3,0.10,0.00,0.10,0.00
42.01,-1.03,33.01,42.01,-0.916990,33.01,-9.000000E-4,-1.147700E-1,1.600000E-3,0.11,0.00,0.11,0.00
39.01,-1.19,33.01,39.01,-1.06,33.01,-8.000000E-4,-1.271200E-1,2.100000E-3,0.13,0.00,0.13,0.00
36.02,-1.36,33.02,36.02,-1.22,33.01,-6.000000E-4,-1.394600E-1,2.500000E-3,0.14,0.00,0.14,0.00
33.02,-1.54,33.02,33.02,-1.39,33.02,-5.000000E-4,-1.518400E-1,3.000000E-3,0.15,0.00,0.15,0.00
30.02,-1.72,33.03,30.02,-1.56,33.03,-5.000000E-4,-1.644300E-1,3.500000E-3,0.16,0.00,0.16,0.00
27.03,-1.92,33.04,27.03,-1.74,33.04,-2.000000E-4,-1.773300E-1,4.100000E-3,0.18,0.00,0.18,0.00
24.03,-2.12,33.05,24.03,-1.93,33.05,-3.000000E-4,-1.905800E-1,4.700000E-3,0.19,0.00,0.19,0.00
21.03,-2.32,33.07,21.03,-2.11,33.06,-1.000000E-4,-2.041600E-1,5.400000E-3,0.20,0.00,0.20,0.01
18.03,-2.52,33.08,18.03,-2.30,33.08,-1.000000E-4,-2.180700E-1,6.000000E-3,0.22,0.00,0.22,0.01
15.03,-2.72,33.10,15.03,-2.49,33.09,-1.000000E-4,-2.324300E-1,6.500000E-3,0.23,0.00,0.23,0.01
12.03,-2.90,33.12,12.03,-2.66,33.11,-1.000000E-4,-2.471500E-1,6.900000E-3,0.25,0.00,0.25,0.01
9.02,-3.06,33.13,9.02,-2.80,33.13,-4.900000E-4,-2.624400E-1,7.600000E-3,0.26,0.00,0.26,0.01
6.01,-3.18,33.15,6.01,-2.90,33.14,-8.700000E-4,-2.785200E-1,7.800000E-3,0.28,0.00,0.28,0.01
3.00,-3.27,33.15,3.00,-2.97,33.14,-1.550000E-3,-2.951200E-1,8.600000E-3,0.30,0.00,0.30,0.01
-0.008867,-3.31,33.15,-0.006268,-3.00,33.15,-2.598960E-3,-3.126000E-1,8.600000E-3,0.31,0.00,0.31,0.01
-3.02,-3.32,33.15,-3.02,-2.99,33.14,-3.570000E-3,-3.304400E-1,9.000000E-3,0.33,0.00,0.33,0.01
-6.03,-3.28,33.15,-6.02,-2.93,33.14,-5.130000E-3,-3.487500E-1,8.900000E-3,0.35,0.01,0.35,0.01
-9.04,-3.20,33.13,-9.03,-2.83,33.13,-6.380000E-3,-3.670000E-1,8.800000E-3,0.37,0.01,0.37,0.01
-12.04,-3.09,33.12,-12.04,-2.71,33.11,-8.100000E-3,-3.848600E-1,8.400000E-3,0.39,0.01,0.38,0.01
-15.05,-2.96,33.10,-15.04,-2.55,33.10,-9.400000E-3,-4.017300E-1,7.900000E-3,0.40,0.01,0.40,0.01
-18.05,-2.80,33.09,-18.04,-2.38,33.08,-1.080000E-2,-4.168300E-1,7.100000E-3,0.42,0.01,0.42,0.01
-21.05,-2.63,33.07,-21.04,-2.20,33.07,-1.200000E-2,-4.295300E-1,6.200000E-3,0.43,0.01,0.43,0.01
-24.05,-2.45,33.06,-24.03,-2.01,33.05,-1.260000E-2,-4.388400E-1,5.200000E-3,0.44,0.01,0.44,0.01
-27.04,-2.27,33.05,-27.03,-1.82,33.04,-1.300000E-2,-4.438900E-1,4.300000E-3,0.44,0.01,0.44,0.00
-30.04,-2.08,33.04,-30.03,-1.64,33.03,-1.300000E-2,-4.439300E-1,3.400000E-3,0.44,0.01,0.44,0.00
-33.03,-1.90,33.03,-33.02,-1.46,33.02,-1.270000E-2,-4.382800E-1,2.600000E-3,0.44,0.01,0.44,0.00
-36.03,-1.72,33.02,-36.02,-1.29,33.02,-1.200000E-2,-4.266300E-1,1.800000E-3,0.43,0.01,0.43,0.00
-39.03,-1.54,33.01,-39.01,-1.13,33.01,-1.110000E-2,-4.087100E-1,1.000000E-3,0.41,0.01,0.41,0.00
-42.02,-1.36,33.01,-42.01,-0.976863,33.01,-9.900000E-3,-3.845870E-1,4.000000E-4,0.38,0.01,0.38,0.00
-45.02,-1.19,33.01,-45.01,-0.834063,33.01,-8.500000E-3,-3.545170E-1,-2.000000E-4,0.35,0.01,0.35,0.00
-48.01,-1.02,33.00,-48.01,-0.701609,33.00,-7.100000E-3,-3.191210E-1,-8.000000E-4,0.32,0.01,0.32,0.00
-51.01,-0.858870,33.00,-51.00,-0.579643,33.00,-5.500000E-3,-2.792270E-1,-1.200000E-3,0.28,0.01,0.28,0.00
-54.01,-0.703530,33,-54.00,-0.467526,33.00,-4.000000E-3,-2.360040E-1,-1.500000E-3,0.24,0.00,0.24,0.00
-57.00,-0.556469,33.00,-57.00,-0.365623,33.00,-2.600000E-3,-1.908460E-1,-1.800000E-3,0.19,0.00,0.19,0.00
-60.00,-0.419118,33.00,-60.00,-0.273625,33.00,-1.400000E-3,-1.454930E-1,-1.900000E-3,0.15,0.00,0.15,0.00
-63.00,-0.294009,33.00,-63.00,-0.192055,33.00,-3.000000E-4,-1.019540E-1,-1.800000E-3,0.10,0.00,0.10,0.00
-66.00,-0.183660,33.00,-66.00,-0.121050,33.00,3.000000E-4,-6.261000E-2,-1.500000E-3,0.06,0.00,0.06,0.00
-69.00,-0.092385,33.00,-69.00,-0.062155,33.00,6.000000E-4,-3.022990E-2,-1.200000E-3,0.03,0.00,0.03,0.00
-72.00,-0.026146,33.00,-72.00,-0.018078,33.00,5.000000E-4,-8.067800E-3,-6.000000E-4,0.01,0.00,0.01,0.00
-75,0.000000,33,-75,0.000000,33,0.000000E+0,0.000000E+0,0.000000E+0,0,0,0,0
75,0.000000,30,75,0.000000,30,0.000000E+0,0.000000E+0,0.000000E+0,0,0,0,0
72.00,-0.021603,30.00,72.00,-0.019341,30.00,-3.000000E-4,-2.261800E-3,0.000000E+0,0.00,0.00,0.00,0
69.00,-0.074151,30.00,69.00,-0.065703,30.00,-6.000000E-4,-8.447700E-3,0.000000E+0,0.01,0.00,0.01,0
66.00,-0.144131,30.00,66.00,-0.126731,30.00,-8.000000E-4,-1.740000E-2,0.000000E+0,0.02,0.00,0.02,0
63.00,-0.227778,30.00,63.00,-0.199540,30.00,-1.000000E-3,-2.823800E-2,1.000000E-4,0.03,0.00,0.03,0.00
60.00,-0.324054,30.00,60.00,-0.283780,30.00,-1.100000E-3,-4.027400E-2,2.000000E-4,0.04,0.00,0.04,0.00
57.00,-0.431863,30.00,57.00,-0.378883,30.00,-1.000000E-3,-5.298000E-2,4.000000E-4,0.05,0.00,0.05,0.00
54.00,-0.551251,30.00,54.00,-0.485281,30.00,-1.000000E-3,-6.597000E-2,5.000000E-4,0.07,0.00,0.07,0.00
51.00,-0.681920,30.00,51.00,-0.602950,30.00,-9.000000E-4,-7.897000E-2,8.000000E-4,0.08,0.00,0.08,0.00
48.01,-0.824192,30.01,48.01,-0.732385,30.00,-8.000000E-4,-9.180700E-2,1.100000E-3,0.09,0.00,0.09,0.00
45.01,-0.978584,30.01,45.01,-0.874192,30.01,-6.000000E-4,-1.043920E-1,1.400000E-3,0.10,0.00,0.10,0.00
42.01,-1.15,30.01,42.01,-1.03,30.01,-5.000000E-4,-1.167000E-1,1.800000E-3,0.12,0.00,0.12,0.00
39.02,-1.32,30.01,39.02,-1.20,30.01,-3.000000E-4,-1.287600E-1,2.200000E-3,0.13,0.00,0.13,0.00
36.02,-1.52,30.02,36.02,-1.38,30.02,0.000000E+0,-1.406300E-1,2.600000E-3,0.14,0,0.14,0.00
33.03,-1.72,30.03,33.03,-1.57,30.02,1.000000E-4,-1.524600E-1,3.000000E-3,0.15,0.00,0.15,0.00
30.03,-1.94,30.04,30.03,-1.77,30.03,3.000000E-4,-1.643500E-1,3.500000E-3,0.16,0.00,0.16,0.00
27.04,-2.17,30.05,27.04,-1.99,30.05,4.000000E-4,-1.764400E-1,4.000000E-3,0.18,0.00,0.18,0.00
24.04,-2.41,30.07,24.04,-2.22,30.06,8.000000E-4,-1.886400E-1,4.600000E-3,0.19,0.00,0.19,0.00
21.05,-2.66,30.09,21.05,-2.46,30.08,1.000000E-3,-2.011800E-1,5.000000E-3,0.20,0.00,0.20,0.00
18.05,-2.92,30.11,18.05,-2.71,30.10,1.200000E-3,-2.141500E-1,5.500000E-3,0.21,0.00,0.21,0.01
15.05,-3.18,30.14,15.04,-2.95,30.13,1.500000E-3,-2.274000E-1,5.600000E-3,0.23,0.00,0.23,0.01
12.04,-3.42,30.16,12.04,-3.18,30.16,1.500000E-3,-2.415500E-1,6.200000E-3,0.24,0.00,0.24,0.01
9.03,-3.63,30.19,9.03,-3.37,30.18,1.600000E-3,-2.565500E-1,6.200000E-3,0.26,0.00,0.26,0.01
6.02,-3.79,30.21,6.02,-3.52,30.20,1.210000E-3,-2.724500E-1,7.000000E-3,0.27,0.00,0.27,0.01
3.00,-3.91,30.22,3.00,-3.62,30.21,6.500000E-4,-2.897300E-1,7.100000E-3,0.29,0.00,0.29,0.01
-0.016691,-3.96,30.22,-0.016586,-3.65,30.21,-1.053000E-4,-3.075800E-1,7.700000E-3,0.31,0.00,0.31,0.01
-3.03,-3.95,30.22,-3.03,-3.63,30.21,-1.580000E-3,-3.268100E-1,7.800000E-3,0.33,0.00,0.33,0.01
-6.05,-3.89,30.20,-6.04,-3.54,30.20,-2.900000E-3,-3.465100E-1,8.300000E-3,0.35,0.00,0.35,0.01
-9.06,-3.78,30.19,-9.05,-3.41,30.18,-5.060000E-3,-3.670300E-1,8.100000E-3,0.37,0.01,0.37,0.01
-12.07,-3.63,30.16,-12.06,-3.24,30.16,-6.800000E-3,-3.875000E-1,8.100000E-3,0.39,0.01,0.39,0.01
-15.07,-3.44,30.14,-15.06,-3.03,30.13,-9.000000E-3,-4.074000E-1,7.500000E-3,0.41,0.01,0.41,0.01
-18.07,-3.23,30.11,-18.06,-2.81,30.11,-1.100000E-2,-4.263100E-1,6.900000E-3,0.43,0.01,0.43,0.01
-21.07,-3.01,30.09,-21.05,-2.57,30.09,-1.250000E-2,-4.429300E-1,6.100000E-3,0.44,0.01,0.44,0.01
-24.06,-2.79,30.07,-24.05,-2.33,30.07,-1.380000E-2,-4.563500E-1,5.300000E-3,0.46,0.01,0.46,0.01
-27.06,-2.56,30.06,-27.04,-2.10,30.05,-1.460000E-2,-4.654100E-1,4.400000E-3,0.47,0.01,0.47,0.00
-30.05,-2.34,30.04,-30.04,-1.87,30.04,-1.500000E-2,-4.686800E-1,3.700000E-3,0.47,0.02,0.47,0.00
-33.05,-2.13,30.03,-33.03,-1.66,30.03,-1.480000E-2,-4.653900E-1,2.900000E-3,0.47,0.01,0.47,0.00
-36.04,-1.92,30.02,-36.02,-1.46,30.02,-1.420000E-2,-4.550600E-1,2.100000E-3,0.46,0.01,0.46,0.00
-39.03,-1.71,30.02,-39.02,-1.27,30.01,-1.310000E-2,-4.376000E-1,1.300000E-3,0.44,0.01,0.44,0.00
-42.03,-1.51,30.01,-42.01,-1.10,30.01,-1.190000E-2,-4.129700E-1,6.000000E-4,0.41,0.01,0.41,0.00
-45.02,-1.32,30.01,-45.01,-0.936817,30.01,-1.020000E-2,-3.816330E-1,1.000000E-4,0.38,0.01,0.38,0.00
-48.02,-1.13,30.00,-48.01,-0.787616,30.01,-8.500000E-3,-3.441940E-1,-6.000000E-4,0.34,0.01,0.34,0.00
-51.01,-0.952622,30.00,-51.00,-0.650938,30.00,-6.800000E-3,-3.016840E-1,-1.000000E-3,0.30,0.01,0.30,0.00
-54.01,-0.781362,30.00,-54.00,-0.526019,30.00,-5.000000E-3,-2.553430E-1,-1.500000E-3,0.26,0.01,0.26,0.00
-57.00,-0.619464,30.00,-57.00,-0.412688,30.00,-3.300000E-3,-2.067760E-1,-1.600000E-3,0.21,0.00,0.21,0.00
-60.00,-0.468385,30.00,-60.00,-0.310544,30.00,-1.800000E-3,-1.578410E-1,-1.700000E-3,0.16,0.00,0.16,0.00
-63.00,-0.330366,30.00,-63.00,-0.219600,30.00,-6.000000E-4,-1.107660E-1,-1.700000E-3,0.11,0.00,0.11,0.00
-66.00,-0.208310,30.00,-66.00,-0.140183,30.00,2.000000E-4,-6.812700E-2,-1.500000E-3,0.07,0.00,0.07,0.00
-69.00,-0.105996,30.00,-69.00,-0.073039,30.00,6.000000E-4,-3.295730E-2,-1.100000E-3,0.03,0.00,0.03,0.00
-72.00,-0.030209,30.00,-72.00,-0.021401,30.00,5.000000E-4,-8.808400E-3,-6.000000E-4,0.01,0.00,0.01,0.00
-75,0.000000,30,-75,0.000000,30,0.000000E+0,0.000000E+0,0.000000E+0,0,0,0,0
75,0.000000,27,75,0.000000,27,0.000000E+0,0.000000E+0,0.000000E+0,0,0,0,0
72.00,-0.024475,27.00,72.00,-0.022150,27.00,-4.000000E-4,-2.324800E-3,0.000000E+0,0.00,0.00,0.00,0
69.00,-0.084131,27.00,69.00,-0.075449,27.00,-6.000000E-4,-8.681800E-3,0.000000E+0,0.01,0.00,0.01,0
66.00,-0.161712,27.00,66.00,-0.143857,27.00,-8.000000E-4,-1.785500E-2,1.000000E-4,0.02,0.00,0.02,0.00
63.00,-0.253489,27.00,63.00,-0.224549,27,-9.000000E-4,-2.894000E-2,1.000000E-4,0.03,0.00,0.03,0.00
60.00,-0.358604,27.00,60.00,-0.317389,27.00,-9.000000E-4,-4.121500E-2,2.000000E-4,0.04,0.00,0.04,0.00
57.00,-0.475734,27.00,57.00,-0.421603,27.00,-9.000000E-4,-5.413100E-2,5.000000E-4,0.05,0.00,0.05,0.00
54.00,-0.605786,27.00,54.00,-0.538519,27.00,-7.000000E-4,-6.726700E-2,7.000000E-4,0.07,0.00,0.07,0.00
51.00,-0.748397,27.00,51.01,-0.668068,27.00,-7.000000E-4,-8.032900E-2,9.000000E-4,0.08,0.00,0.08,0.00
48.01,-0.904439,27.01,48.01,-0.811324,27.00,-5.000000E-4,-9.311500E-2,1.100000E-3,0.09,0.00,0.09,0.00
45.01,-1.07,27.01,45.01,-0.969163,27.01,-3.000000E-4,-1.055270E-1,1.400000E-3,0.11,0.00,0.11,0.00
42.02,-1.26,27.01,42.02,-1.14,27.01,0.000000E+0,-1.175100E-1,1.800000E-3,0.12,0,0.12,0.00
39.02,-1.46,27.02,39.02,-1.33,27.01,2.000000E-4,-1.291100E-1,2.200000E-3,0.13,0.00,0.13,0.00
36.03,-1.68,27.02,36.03,-1.54,27.02,5.000000E-4,-1.403700E-1,2.500000E-3,0.14,0.00,0.14,0.00
33.04,-1.91,27.03,33.04,-1.76,27.03,8.000000E-4,-1.514300E-1,2.900000E-3,0.15,0.00,0.15,0.00
30.05,-2.16,27.04,30.04,-2.00,27.04,1.000000E-3,-1.624200E-1,3.200000E-3,0.16,0.00,0.16,0.00
27.05,-2.44,27.06,27.05,-2.27,27.06,1.500000E-3,-1.733200E-1,3.700000E-3,0.17,0.00,0.17,0.00
24.06,-2.74,27.08,24.06,-2.55,27.08,1.800000E-3,-1.845200E-1,3.900000E-3,0.18,0.00,0.18,0.00
21.07,-3.06,27.11,21.07,-2.86,27.11,2.300000E-3,-1.958000E-1,4.300000E-3,0.20,0.00,0.20,0.00
18.07,-3.40,27.15,18.07,-3.19,27.14,2.800000E-3,-2.076100E-1,4.200000E-3,0.21,0.00,0.21,0.00
15.07,-3.73,27.19,15.07,-3.51,27.18,3.200000E-3,-2.203300E-1,4.600000E-3,0.22,0.00,0.22,0.00
12.06,-4.06,27.23,12.06,-3.83,27.23,4.000000E-3,-2.334300E-1,4.200000E-3,0.23,0.00,0.23,0.00
9.05,-4.35,27.27,9.04,-4.10,27.27,3.990000E-3,-2.479700E-1,4.800000E-3,0.25,0.00,0.25,0.00
6.02,-4.58,27.31,6.02,-4.32,27.31,4.310000E-3,-2.642600E-1,4.600000E-3,0.26,0.00,0.26,0.00
2.99,-4.74,27.33,2.99,-4.46,27.32,4.140000E-3,-2.810700E-1,5.000000E-3,0.28,0.00,0.28,0.01
-0.031705,-4.80,27.33,-0.034935,-4.50,27.32,3.230500E-3,-2.997300E-1,5.200000E-3,0.30,0.00,0.30,0.01
-3.05,-4.76,27.31,-3.05,-4.44,27.31,2.070000E-3,-3.193400E-1,6.000000E-3,0.32,0.00,0.32,0.01
-6.07,-4.66,27.30,-6.07,-4.32,27.29,0.000000E+0,-3.412000E-1,6.200000E-3,0.34,0,0.34,0.01
-9.09,-4.51,27.26,-9.09,-4.15,27.26,-1.750000E-3,-3.631500E-1,6.800000E-3,0.36,0.00,0.36,0.01
-12.10,-4.29,27.23,-12.09,-3.90,27.22,-4.800000E-3,-3.858400E-1,6.600000E-3,0.39,0.00,0.39,0.01
-15.10,-4.03,27.19,-15.10,-3.62,27.18,-7.400000E-3,-4.093300E-1,6.700000E-3,0.41,0.01,0.41,0.01
-18.10,-3.76,27.15,-18.09,-3.32,27.14,-1.010000E-2,-4.313600E-1,6.000000E-3,0.43,0.01,0.43,0.01
-21.09,-3.46,27.12,-21.08,-3.01,27.11,-1.280000E-2,-4.523200E-1,5.700000E-3,0.45,0.01,0.45,0.01
-24.09,-3.17,27.09,-24.07,-2.70,27.09,-1.470000E-2,-4.707800E-1,4.900000E-3,0.47,0.01,0.47,0.00
-27.08,-2.88,27.07,-27.06,-2.40,27.06,-1.620000E-2,-4.841800E-1,4.300000E-3,0.48,0.02,0.48,0.00
-30.07,-2.62,27.05,-30.05,-2.13,27.05,-1.690000E-2,-4.914400E-1,3.700000E-3,0.49,0.02,0.49,0.00
-33.06,-2.36,27.04,-33.04,-1.87,27.03,-1.700000E-2,-4.910500E-1,3.000000E-3,0.49,0.02,0.49,0.00
-36.05,-2.12,27.03,-36.03,-1.64,27.02,-1.640000E-2,-4.825400E-1,2.300000E-3,0.48,0.02,0.48,0.00
-39.04,-1.89,27.02,-39.03,-1.42,27.02,-1.540000E-2,-4.656500E-1,1.500000E-3,0.47,0.02,0.47,0.00
-42.03,-1.66,27.01,-42.02,-1.22,27.01,-1.400000E-2,-4.407200E-1,9.000000E-4,0.44,0.01,0.44,0.00
-45.03,-1.45,27.01,-45.01,-1.04,27.01,-1.220000E-2,-4.080900E-1,2.000000E-4,0.41,0.01,0.41,0.00
-48.02,-1.24,27.01,-48.01,-0.874609,27.01,-1.020000E-2,-3.686810E-1,-3.000000E-4,0.37,0.01,0.37,0.00
-51.01,-1.05,27.00,-51.01,-0.722875,27.00,-8.200000E-3,-3.235550E-1,-9.000000E-4,0.32,0.01,0.32,0.00
-54.01,-0.859179,27.00,-54.00,-0.585013,27.00,-6.100000E-3,-2.741660E-1,-1.300000E-3,0.27,0.01,0.27,0.00
-57.01,-0.682529,27,-57.00,-0.460294,27.00,-4.100000E-3,-2.222350E-1,-1.500000E-3,0.22,0.00,0.22,0.00
-60.00,-0.517767,27.00,-60.00,-0.347953,27.00,-2.400000E-3,-1.698140E-1,-1.700000E-3,0.17,0.00,0.17,0.00
-63.00,-0.366853,27.00,-63.00,-0.247558,27.00,-9.000000E-4,-1.192950E-1,-1.700000E-3,0.12,0.00,0.12,0.00
-66.00,-0.233069,27.00,-66.00,-0.159600,27.00,1.000000E-4,-7.346900E-2,-1.400000E-3,0.07,0.00,0.07,0.00
-69.00,-0.119739,27.00,-69.00,-0.084138,27.00,6.000000E-4,-3.560110E-2,-1.100000E-3,0.04,0.00,0.04,0.00
-72.00,-0.034117,27.00,-72.00,-0.024585,27.00,5.000000E-4,-9.531900E-3,-6.000000E-4,0.01,0.00,0.01,0.00
-75,0.000000,27,-75,0.000000,27,0.000000E+0,0.000000E+0,0.000000E+0,0,0,0,0
75,0.000000,24,75,0.000000,24,0.000000E+0,0.000000E+0,0.000000E+0,0,0,0,0
72.00,-0.028066,24.00,72.00,-0.025690,24.00,-4.000000E-4,-2.376100E-3,0.000000E+0,0.00,0.00,0.00,0
69.00,-0.094533,24.00,69.00,-0.085675,24.00,-6.000000E-4,-8.857700E-3,0.000000E+0,0.01,0.00,0.01,0
66.00,-0.179374,24.00,66.00,-0.161189,24.00,-8.000000E-4,-1.818500E-2,1.000000E-4,0.02,0.00,0.02,0.00
63.00,-0.278884,24.00,63.00,-0.249456,24,-8.000000E-4,-2.942800E-2,2.000000E-4,0.03,0.00,0.03,0.00
60.00,-0.392242,24.00,60.00,-0.350390,24.00,-8.000000E-4,-4.185200E-2,3.000000E-4,0.04,0.00,0.04,0.00
57.00,-0.518826,24.00,57.00,-0.463953,24.00,-7.000000E-4,-5.487300E-2,5.000000E-4,0.05,0.00,0.05,0.00
54.00,-0.658951,24.00,54.00,-0.590896,24.00,-6.000000E-4,-6.805500E-2,7.000000E-4,0.07,0.00,0.07,0.00
51.01,-0.813413,24.00,51.01,-0.732345,24.00,-4.000000E-4,-8.106800E-2,9.000000E-4,0.08,0.00,0.08,0.00
48.01,-0.983145,24.01,48.01,-0.889439,24.01,-1.000000E-4,-9.370600E-2,1.100000E-3,0.09,0.00,0.09,0.00
45.02,-1.17,24.01,45.02,-1.06,24.01,1.000000E-4,-1.058300E-1,1.500000E-3,0.11,0.00,0.11,0.00
42.02,-1.37,24.01,42.02,-1.26,24.01,4.000000E-4,-1.174000E-1,1.800000E-3,0.12,0.00,0.12,0.00
39.03,-1.60,24.02,39.03,-1.47,24.02,7.000000E-4,-1.284100E-1,2.000000E-3,0.13,0.00,0.13,0.00
36.04,-1.84,24.03,36.04,-1.70,24.02,1.200000E-3,-1.389500E-1,2.500000E-3,0.14,0.00,0.14,0.00
33.05,-2.11,24.04,33.05,-1.96,24.03,1.400000E-3,-1.490800E-1,2.600000E-3,0.15,0.00,0.15,0.00
30.06,-2.41,24.05,30.06,-2.25,24.05,1.900000E-3,-1.589900E-1,3.100000E-3,0.16,0.00,0.16,0.00
27.07,-2.74,24.07,27.07,-2.57,24.07,2.200000E-3,-1.688900E-1,3.000000E-3,0.17,0.00,0.17,0.00
24.09,-3.11,24.10,24.09,-2.93,24.10,3.100000E-3,-1.785600E-1,3.300000E-3,0.18,0.00,0.18,0.00
21.10,-3.51,24.14,21.09,-3.32,24.14,3.600000E-3,-1.890900E-1,3.000000E-3,0.19,0.00,0.19,0.00
18.11,-3.96,24.20,18.11,-3.76,24.20,4.600000E-3,-1.998000E-1,3.000000E-3,0.20,0.00,0.20,0.00
15.11,-4.43,24.27,15.10,-4.22,24.27,5.700000E-3,-2.114600E-1,2.400000E-3,0.21,0.01,0.21,0.00
12.10,-4.88,24.34,12.10,-4.66,24.34,6.300000E-3,-2.247500E-1,2.500000E-3,0.22,0.01,0.22,0.00
9.06,-5.32,24.42,9.06,-5.08,24.42,8.110000E-3,-2.387600E-1,1.300000E-3,0.24,0.01,0.24,0.00
6.00,-5.73,24.51,5.99,-5.47,24.51,9.430000E-3,-2.539000E-1,1.000000E-3,0.25,0.01,0.25,0.00
2.94,-6.04,24.56,2.93,-5.77,24.56,1.028000E-2,-2.710000E-1,2.000000E-4,0.27,0.01,0.27,0.00
-0.108142,-6.18,24.56,-0.118775,-5.89,24.56,1.063300E-2,-2.892000E-1,2.000000E-4,0.29,0.01,0.29,0.00
-3.13,-6.12,24.54,-3.14,-5.81,24.54,9.560000E-3,-3.108400E-1,1.100000E-3,0.31,0.01,0.31,0.00
-6.15,-5.88,24.47,-6.16,-5.55,24.47,7.340000E-3,-3.323600E-1,2.500000E-3,0.33,0.01,0.33,0.00
-9.17,-5.52,24.39,-9.17,-5.16,24.39,3.200000E-3,-3.569000E-1,3.500000E-3,0.36,0.00,0.36,0.00
-12.18,-5.16,24.31,-12.18,-4.78,24.31,-1.000000E-4,-3.834100E-1,5.200000E-3,0.38,0.00,0.38,0.01
-15.17,-4.79,24.26,-15.16,-4.38,24.25,-4.000000E-3,-4.073200E-1,4.700000E-3,0.41,0.00,0.41,0.00
-18.15,-4.38,24.20,-18.14,-3.95,24.20,-8.300000E-3,-4.332300E-1,4.800000E-3,0.43,0.01,0.43,0.00
-21.14,-3.98,24.15,-21.13,-3.52,24.14,-1.200000E-2,-4.592700E-1,4.600000E-3,0.46,0.01,0.46,0.00
-24.12,-3.60,24.11,-24.11,-3.11,24.11,-1.530000E-2,-4.821200E-1,4.400000E-3,0.48,0.02,0.48,0.00
-27.10,-3.24,24.08,-27.09,-2.74,24.08,-1.760000E-2,-5.009400E-1,3.900000E-3,0.50,0.02,0.50,0.00
-30.09,-2.91,24.06,-30.07,-2.40,24.06,-1.900000E-2,-5.124100E-1,3.500000E-3,0.51,0.02,0.51,0.00
-33.07,-2.61,24.04,-33.06,-2.09,24.04,-1.940000E-2,-5.155400E-1,2.900000E-3,0.52,0.02,0.52,0.00
-36.06,-2.33,24.03,-36.04,-1.82,24.03,-1.910000E-2,-5.090700E-1,2.300000E-3,0.51,0.02,0.51,0.00
-39.05,-2.07,24.02,-39.03,-1.57,24.02,-1.790000E-2,-4.931100E-1,1.700000E-3,0.49,0.02,0.49,0.00
-42.04,-1.82,24.01,-42.02,-1.35,24.01,-1.630000E-2,-4.677800E-1,1.000000E-3,0.47,0.02,0.47,0.00
-45.03,-1.58,24.01,-45.02,-1.15,24.01,-1.430000E-2,-4.339200E-1,5.000000E-4,0.43,0.01,0.43,0.00
-48.02,-1.35,24.01,-48.01,-0.961236,24.01,-1.210000E-2,-3.924740E-1,-2.000000E-4,0.39,0.01,0.39,0.00
-51.02,-1.14,24.00,-51.01,-0.794132,24.00,-9.700000E-3,-3.447480E-1,-6.000000E-4,0.34,0.01,0.34,0.00
-54.01,-0.935676,24.00,-54.00,-0.643340,24.00,-7.300000E-3,-2.923360E-1,-1.100000E-3,0.29,0.01,0.29,0.00
-57.01,-0.744237,24.00,-57.00,-0.507122,24.00,-5.000000E-3,-2.371150E-1,-1.400000E-3,0.24,0.00,0.24,0.00
-60.00,-0.566047,24.00,-60,-0.384743,24.00,-3.000000E-3,-1.813040E-1,-1.500000E-3,0.18,0.00,0.18,0.00
-63.00,-0.403146,24.00,-63.00,-0.275686,24.00,-1.300000E-3,-1.274600E-1,-1.500000E-3,0.13,0.00,0.13,0.00
-66.00,-0.257745,24.00,-66.00,-0.179167,24,-1.000000E-4,-7.857800E-2,-1.400000E-3,0.08,0.00,0.08,0.00
-69.00,-0.133401,24.00,-69.00,-0.095268,24.00,6.000000E-4,-3.813280E-2,-1.000000E-3,0.04,0.00,0.04,0.00
-72.00,-0.038921,24.00,-72.00,-0.028687,24.00,6.000000E-4,-1.023380E-2,-5.000000E-4,0.01,0.00,0.01,0.00
-75,0.000000,24,-75,0.000000,24,0.000000E+0,0.000000E+0,0.000000E+0,0,0,0,0
75,0.000000,21,75,0.000000,21,0.000000E+0,0.000000E+0,0.000000E+0,0,0,0,0
72.00,-0.031025,21.00,72.00,-0.028607,21.00,-3.000000E-4,-2.417900E-3,0.000000E+0,0.00,0.00,0.00,0
69.00,-0.104375,21.00,69.00,-0.095392,21.00,-6.000000E-4,-8.982900E-3,1.000000E-4,0.01,0.00,0.01,0.00
66.00,-0.196492,21.00,66.00,-0.178094,21.00,-7.000000E-4,-1.839800E-2,2.000000E-4,0.02,0.00,0.02,0.00
63.00,-0.303270,21.00,63.00,-0.273541,21.00,-8.000000E-4,-2.972900E-2,2.000000E-4,0.03,0.00,0.03,0.00
60.00,-0.424426,21.00,60.00,-0.382215,21.00,-8.000000E-4,-4.221100E-2,4.000000E-4,0.04,0.00,0.04,0.00
57.00,-0.559877,21.00,57.00,-0.504621,21.00,-6.000000E-4,-5.525600E-2,5.000000E-4,0.06,0.00,0.06,0.00
54.00,-0.709925,21.00,54.01,-0.641535,21.00,-3.000000E-4,-6.839000E-2,7.000000E-4,0.07,0.00,0.07,0.00
51.01,-0.875760,21.00,51.01,-0.794475,21.00,-1.000000E-4,-8.128500E-2,9.000000E-4,0.08,0.00,0.08,0.00
48.01,-1.06,21.01,48.01,-0.965289,21.01,2.000000E-4,-9.368100E-2,1.200000E-3,0.09,0.00,0.09,0.00
45.02,-1.26,21.01,45.02,-1.16,21.01,6.000000E-4,-1.054600E-1,1.500000E-3,0.11,0.00,0.11,0.00
42.03,-1.49,21.01,42.03,-1.37,21.01,9.000000E-4,-1.165300E-1,1.700000E-3,0.12,0.00,0.12,0.00
39.04,-1.73,21.02,39.04,-1.61,21.02,1.300000E-3,-1.268800E-1,2.000000E-3,0.13,0.00,0.13,0.00
36.05,-2.01,21.03,36.05,-1.87,21.03,1.700000E-3,-1.365300E-1,2.200000E-3,0.14,0.00,0.14,0.00
33.06,-2.31,21.04,33.06,-2.17,21.04,2.300000E-3,-1.458200E-1,2.400000E-3,0.15,0.00,0.15,0.00
30.08,-2.66,21.06,30.08,-2.51,21.06,2.600000E-3,-1.546300E-1,2.400000E-3,0.15,0.00,0.15,0.00
27.10,-3.06,21.09,27.10,-2.90,21.09,3.600000E-3,-1.633100E-1,2.500000E-3,0.16,0.00,0.16,0.00
24.12,-3.52,21.13,24.12,-3.35,21.13,4.100000E-3,-1.723600E-1,2.000000E-3,0.17,0.00,0.17,0.00
21.15,-4.04,21.19,21.14,-3.86,21.19,5.400000E-3,-1.809500E-1,2.000000E-3,0.18,0.01,0.18,0.00
18.16,-4.65,21.28,18.15,-4.46,21.28,6.500000E-3,-1.915800E-1,8.000000E-4,0.19,0.01,0.19,0.00
15.19,-5.36,21.40,15.18,-5.15,21.40,8.500000E-3,-2.027200E-1,4.000000E-4,0.20,0.01,0.20,0.00
12.13,-6.12,21.59,12.12,-5.90,21.59,1.150000E-2,-2.149700E-1,-2.400000E-3,0.22,0.01,0.21,0.00
9.08,-6.88,21.70,9.07,-6.65,21.71,1.393000E-2,-2.283800E-1,-4.000000E-3,0.23,0.01,0.23,0.00
5.98,-7.53,21.74,5.96,-7.28,21.74,1.708000E-2,-2.434700E-1,-6.100000E-3,0.24,0.02,0.24,0.01
2.85,-7.91,21.74,2.83,-7.65,21.75,2.032000E-2,-2.615700E-1,-6.600000E-3,0.26,0.02,0.26,0.01
-0.243781,-8.07,21.75,-0.266181,-7.78,21.75,2.240000E-2,-2.821000E-1,-6.000000E-3,0.28,0.02,0.28,0.01
-3.30,-8.03,21.71,-3.32,-7.73,21.71,2.312000E-2,-3.028000E-1,-4.900000E-3,0.30,0.02,0.30,0.00
-6.35,-7.77,21.66,-6.37,-7.45,21.66,2.138000E-2,-3.268700E-1,-2.900000E-3,0.33,0.02,0.33,0.00
-9.38,-7.29,21.60,-9.40,-6.94,21.60,1.752000E-2,-3.516600E-1,-4.000000E-4,0.35,0.02,0.35,0.00
-12.35,-6.59,21.50,-12.36,-6.21,21.50,9.700000E-3,-3.766700E-1,2.000000E-4,0.38,0.01,0.38,0.00
-15.30,-5.84,21.37,-15.30,-5.44,21.37,2.500000E-3,-4.055800E-1,2.600000E-3,0.41,0.00,0.41,0.00
-18.26,-5.17,21.25,-18.25,-4.74,21.25,-4.300000E-3,-4.350000E-1,3.000000E-3,0.44,0.00,0.43,0.00
-21.21,-4.59,21.18,-21.20,-4.13,21.18,-1.030000E-2,-4.638500E-1,3.400000E-3,0.46,0.01,0.46,0.00
-24.17,-4.08,21.13,-24.16,-3.59,21.13,-1.510000E-2,-4.920100E-1,3.300000E-3,0.49,0.02,0.49,0.00
-27.14,-3.63,21.09,-27.12,-3.12,21.09,-1.890000E-2,-5.156400E-1,3.200000E-3,0.52,0.02,0.52,0.00
-30.12,-3.23,21.06,-30.09,-2.70,21.06,-2.100000E-2,-5.322800E-1,3.000000E-3,0.53,0.02,0.53,0.00
-33.09,-2.87,21.05,-33.07,-2.33,21.04,-2.210000E-2,-5.389300E-1,2.700000E-3,0.54,0.02,0.54,0.00
-36.08,-2.54,21.03,-36.06,-2.01,21.03,-2.180000E-2,-5.349600E-1,2.300000E-3,0.54,0.02,0.53,0.00
-39.06,-2.25,21.02,-39.04,-1.73,21.02,-2.060000E-2,-5.198200E-1,1.600000E-3,0.52,0.02,0.52,0.00
-42.05,-1.97,21.02,-42.03,-1.47,21.01,-1.890000E-2,-4.941700E-1,1.200000E-3,0.49,0.02,0.49,0.00
-45.04,-1.71,21.01,-45.02,-1.25,21.01,-1.670000E-2,-4.589500E-1,5.000000E-4,0.46,0.02,0.46,0.00
-48.03,-1.46,21.01,-48.02,-1.05,21.01,-1.410000E-2,-4.154300E-1,0.000000E+0,0.42,0.01,0.42,0
-51.02,-1.23,21.00,-51.01,-0.863529,21.00,-1.140000E-2,-3.650910E-1,-5.000000E-4,0.37,0.01,0.37,0.00
-54.02,-1.01,21.00,-54.01,-0.699766,21.00,-8.600000E-3,-3.096840E-1,-9.000000E-4,0.31,0.01,0.31,0.00
-57.01,-0.803859,21.00,-57.00,-0.552595,21.00,-6.000000E-3,-2.512640E-1,-1.200000E-3,0.25,0.01,0.25,0.00
-60.00,-0.612714,21.00,-60.00,-0.420532,21.00,-3.600000E-3,-1.921820E-1,-1.400000E-3,0.19,0.00,0.19,0.00
-63.00,-0.437846,21.00,-63.00,-0.302668,21.00,-1.700000E-3,-1.351780E-1,-1.400000E-3,0.14,0.00,0.14,0.00
-66.00,-0.281385,21.00,-66.00,-0.197994,21.00,-3.000000E-4,-8.339100E-2,-1.300000E-3,0.08,0.00,0.08,0.00
-69.00,-0.147186,21.00,-69.00,-0.106663,21.00,5.000000E-4,-4.052300E-2,-1.000000E-3,0.04,0.00,0.04,0.00
-72.00,-0.043000,21.00,-72.00,-0.032098,21.00,7.000000E-4,-1.090150E-2,-5.000000E-4,0.01,0.00,0.01,0.00
-75,0.000000,21,-75,0.000000,21,0.000000E+0,0.000000E+0,0.000000E+0,0,0,0,0
75,0.000000,18,75,0.000000,18,0.000000E+0,0.000000E+0,0.000000E+0,0,0,0,0
72.00,-0.034114,18.00,72.00,-0.031664,18.00,-4.000000E-4,-2.450300E-3,1.000000E-4,0.00,0.00,0.00,0.00
69.00,-0.113729,18.00,69.00,-0.104677,18.00,-6.000000E-4,-9.052000E-3,1.000000E-4,0.01,0.00,0.01,0.00
66.00,-0.212874,18,66.00,-0.194370,18.00,-7.000000E-4,-1.850400E-2,2.000000E-4,0.02,0.00,0.02,0.00
63.00,-0.326310,18.00,63.00,-0.296462,18.00,-7.000000E-4,-2.984800E-2,2.000000E-4,0.03,0.00,0.03,0.00
60.00,-0.454894,18.00,60.00,-0.412571,18.00,-6.000000E-4,-4.232300E-2,3.000000E-4,0.04,0.00,0.04,0.00
57.00,-0.598274,18.00,57.00,-0.542963,18.00,-4.000000E-4,-5.531100E-2,5.000000E-4,0.06,0.00,0.06,0.00
54.01,-0.757506,18.00,54.01,-0.689163,18.00,-2.000000E-4,-6.834300E-2,7.000000E-4,0.07,0.00,0.07,0.00
51.01,-0.934122,18.00,51.01,-0.853078,18.00,1.000000E-4,-8.104400E-2,9.000000E-4,0.08,0.00,0.08,0.00
48.02,-1.13,18.01,48.02,-1.04,18.01,6.000000E-4,-9.318000E-2,1.100000E-3,0.09,0.00,0.09,0.00
45.02,-1.35,18.01,45.02,-1.24,18.01,1.000000E-3,-1.045300E-1,1.300000E-3,0.10,0.00,0.10,0.00
42.03,-1.59,18.01,42.03,-1.48,18.01,1.400000E-3,-1.150600E-1,1.500000E-3,0.12,0.00,0.12,0.00
39.05,-1.86,18.02,39.04,-1.74,18.02,1.800000E-3,-1.246600E-1,1.700000E-3,0.12,0.00,0.12,0.00
36.06,-2.17,18.03,36.06,-2.04,18.03,2.300000E-3,-1.335700E-1,1.900000E-3,0.13,0.00,0.13,0.00
33.08,-2.52,18.04,33.08,-2.38,18.04,2.900000E-3,-1.417800E-1,1.900000E-3,0.14,0.00,0.14,0.00
30.10,-2.92,18.07,30.10,-2.77,18.06,3.800000E-3,-1.499100E-1,2.000000E-3,0.15,0.00,0.15,0.00
27.13,-3.40,18.10,27.13,-3.24,18.10,4.300000E-3,-1.575100E-1,1.500000E-3,0.16,0.00,0.16,0.00
24.17,-3.97,18.16,24.16,-3.81,18.16,5.800000E-3,-1.651300E-1,1.300000E-3,0.17,0.01,0.17,0.00
21.21,-4.67,18.25,21.20,-4.49,18.25,6.700000E-3,-1.740200E-1,-1.000000E-4,0.17,0.01,0.17,0.00
18.27,-5.54,18.40,18.26,-5.35,18.40,9.500000E-3,-1.828100E-1,-9.000000E-4,0.18,0.01,0.18,0.00
15.28,-6.60,18.65,15.27,-6.41,18.66,1.210000E-2,-1.927200E-1,-5.000000E-3,0.19,0.01,0.19,0.01
12.21,-7.73,18.80,12.19,-7.52,18.81,1.650000E-2,-2.041700E-1,-7.800000E-3,0.20,0.02,0.20,0.01
8.98,-8.48,18.72,8.96,-8.26,18.73,2.143000E-2,-2.201000E-1,-9.100000E-3,0.22,0.02,0.22,0.01
5.83,-8.76,18.52,5.80,-8.52,18.52,2.438000E-2,-2.384600E-1,-8.500000E-3,0.24,0.02,0.24,0.01
2.75,-8.78,18.35,2.73,-8.52,18.36,2.463000E-2,-2.592900E-1,-7.500000E-3,0.26,0.02,0.26,0.01
-0.254605,-8.75,18.24,-0.278945,-8.47,18.25,2.434000E-2,-2.810700E-1,-6.700000E-3,0.28,0.02,0.28,0.01
-3.28,-8.82,18.21,-3.31,-8.51,18.21,2.501000E-2,-3.033000E-1,-5.400000E-3,0.30,0.03,0.30,0.01
-6.35,-8.92,18.25,-6.37,-8.59,18.25,2.718000E-2,-3.265700E-1,-3.900000E-3,0.33,0.03,0.33,0.00
-9.47,-8.88,18.36,-9.49,-8.53,18.36,2.844000E-2,-3.507400E-1,-2.000000E-3,0.35,0.03,0.35,0.00
-12.57,-8.37,18.50,-12.60,-7.99,18.50,2.640000E-2,-3.752600E-1,-1.100000E-3,0.38,0.03,0.38,0.00
-15.57,-7.38,18.47,-15.58,-6.97,18.47,1.590000E-2,-4.047100E-1,-9.000000E-4,0.41,0.02,0.40,0.00
-18.43,-6.26,18.34,-18.43,-5.83,18.34,3.100000E-3,-4.372100E-1,1.800000E-3,0.44,0.00,0.44,0.00
-21.32,-5.35,18.22,-21.32,-4.88,18.22,-6.700000E-3,-4.692200E-1,1.700000E-3,0.47,0.01,0.47,0.00
-24.24,-4.64,18.15,-24.23,-4.14,18.15,-1.420000E-2,-5.010100E-1,2.300000E-3,0.50,0.01,0.50,0.00
-27.19,-4.06,18.10,-27.17,-3.53,18.10,-1.950000E-2,-5.295800E-1,2.300000E-3,0.53,0.02,0.53,0.00
-30.15,-3.57,18.07,-30.13,-3.02,18.07,-2.310000E-2,-5.509900E-1,2.300000E-3,0.55,0.02,0.55,0.00
-33.12,-3.14,18.05,-33.09,-2.57,18.05,-2.470000E-2,-5.618200E-1,2.300000E-3,0.56,0.02,0.56,0.00
-36.09,-2.76,18.03,-36.07,-2.20,18.03,-2.480000E-2,-5.601500E-1,2.000000E-3,0.56,0.02,0.56,0.00
-39.08,-2.42,18.02,-39.05,-1.88,18.02,-2.370000E-2,-5.457800E-1,1.700000E-3,0.55,0.02,0.55,0.00
-42.06,-2.12,18.02,-42.04,-1.60,18.02,-2.170000E-2,-5.196300E-1,1.200000E-3,0.52,0.02,0.52,0.00
-45.05,-1.83,18.01,-45.03,-1.35,18.01,-1.920000E-2,-4.829600E-1,7.000000E-4,0.48,0.02,0.48,0.00
-48.04,-1.56,18.01,-48.02,-1.13,18.01,-1.620000E-2,-4.372900E-1,1.000000E-4,0.44,0.02,0.44,0.00
-51.03,-1.31,18.00,-51.01,-0.929310,18.00,-1.310000E-2,-3.843100E-1,-4.000000E-4,0.38,0.01,0.38,0.00
-54.02,-1.08,18.00,-54.01,-0.753194,18.00,-1.000000E-2,-3.259860E-1,-8.000000E-4,0.33,0.01,0.33,0.00
-57.01,-0.860124,18.00,-57.00,-0.595651,18.00,-7.000000E-3,-2.644730E-1,-1.000000E-3,0.26,0.01,0.26,0.00
-60.01,-0.656747,18.00,-60.00,-0.454433,18.00,-4.400000E-3,-2.023140E-1,-1.200000E-3,0.20,0.00,0.20,0.00
-63.00,-0.470836,18.00,-63.00,-0.328509,18.00,-2.100000E-3,-1.423270E-1,-1.300000E-3,0.14,0.00,0.14,0.00
-66.00,-0.304144,18.00,-66.00,-0.216293,18.00,-5.000000E-4,-8.785100E-2,-1.200000E-3,0.09,0.00,0.09,0.00
-69.00,-0.159831,18.00,-69.00,-0.117108,18.00,5.000000E-4,-4.272300E-2,-9.000000E-4,0.04,0.00,0.04,0.00
-71.99,-0.046863,18.00,-72.00,-0.035348,18.00,7.000000E-4,-1.151490E-2,-4.000000E-4,0.01,0.00,0.01,0.00
-75,0.000000,18,-75,0.000000,18,0.000000E+0,0.000000E+0,0.000000E+0,0,0,0,0
75,0.000000,15,75,0.000000,15,0.000000E+0,0.000000E+0,0.000000E+0,0,0,0,0
72.00,-0.037183,15.00,72.00,-0.034719,15.00,-4.000000E-4,-2.463300E-3,0.000000E+0,0.00,0.00,0.00,0
69.00,-0.122989,15.00,69.00,-0.113921,15.00,-6.000000E-4,-9.068000E-3,1.000000E-4,0.01,0.00,0.01,0.00
66.00,-0.227762,15,66.00,-0.209265,15.00,-7.000000E-4,-1.849700E-2,2.000000E-4,0.02,0.00,0.02,0.00
63.00,-0.347372,15.00,63.00,-0.317572,15.00,-6.000000E-4,-2.980000E-2,3.000000E-4,0.03,0.00,0.03,0.00
60.00,-0.482609,15.00,60.00,-0.440409,15.00,-4.000000E-4,-4.220000E-2,4.000000E-4,0.04,0.00,0.04,0.00
57.00,-0.633287,15.00,57.00,-0.578208,15.00,-2.000000E-4,-5.507900E-2,5.000000E-4,0.06,0.00,0.06,0.00
54.01,-0.800966,15.00,54.01,-0.733018,15.00,0.000000E+0,-6.794800E-2,6.000000E-4,0.07,0,0.07,0.00
51.01,-0.987571,15.00,51.01,-0.907132,15.00,4.000000E-4,-8.043900E-2,8.000000E-4,0.08,0.00,0.08,0.00
48.02,-1.20,15.01,48.02,-1.10,15.01,9.000000E-4,-9.225000E-2,1.000000E-3,0.09,0.00,0.09,0.00
45.03,-1.43,15.01,45.03,-1.33,15.01,1.300000E-3,-1.031700E-1,1.200000E-3,0.10,0.00,0.10,0.00
42.04,-1.69,15.01,42.04,-1.58,15.01,1.800000E-3,-1.131200E-1,1.300000E-3,0.11,0.00,0.11,0.00
39.06,-1.99,15.02,39.05,-1.86,15.02,2.400000E-3,-1.220700E-1,1.500000E-3,0.12,0.00,0.12,0.00
36.07,-2.32,15.03,36.07,-2.19,15.03,3.000000E-3,-1.301600E-1,1.500000E-3,0.13,0.00,0.13,0.00
33.10,-2.72,15.05,33.09,-2.59,15.05,3.700000E-3,-1.376600E-1,1.400000E-3,0.14,0.00,0.14,0.00
30.13,-3.19,15.07,30.13,-3.05,15.07,4.400000E-3,-1.445400E-1,1.200000E-3,0.14,0.00,0.14,0.00
27.17,-3.75,15.12,27.16,-3.60,15.11,5.700000E-3,-1.520100E-1,8.000000E-4,0.15,0.01,0.15,0.00
24.23,-4.46,15.19,24.22,-4.30,15.19,6.500000E-3,-1.586800E-1,-2.000000E-4,0.16,0.01,0.16,0.00
21.31,-5.40,15.34,21.30,-5.23,15.34,9.400000E-3,-1.663100E-1,-1.300000E-3,0.17,0.01,0.17,0.00
18.39,-6.68,15.60,18.38,-6.50,15.61,1.130000E-2,-1.734900E-1,-5.500000E-3,0.17,0.01,0.17,0.01
15.33,-7.99,15.76,15.31,-7.81,15.77,1.650000E-2,-1.821700E-1,-9.400000E-3,0.18,0.02,0.18,0.01
11.99,-8.67,15.56,11.97,-8.47,15.57,2.100000E-2,-1.995400E-1,-9.500000E-3,0.20,0.02,0.20,0.01
8.83,-8.64,15.30,8.81,-8.42,15.31,2.102000E-2,-2.204700E-1,-8.700000E-3,0.22,0.02,0.22,0.01
5.82,-8.52,15.14,5.80,-8.28,15.15,1.914000E-2,-2.413100E-1,-8.100000E-3,0.24,0.02,0.24,0.01
2.81,-8.44,15.10,2.79,-8.18,15.10,1.836000E-2,-2.626900E-1,-7.900000E-3,0.26,0.02,0.26,0.01
-0.192929,-8.39,15.06,-0.211197,-8.11,15.07,1.826800E-2,-2.856700E-1,-7.400000E-3,0.29,0.02,0.29,0.01
-3.19,-8.49,15.02,-3.21,-8.18,15.02,1.940000E-2,-3.104300E-1,-6.900000E-3,0.31,0.02,0.31,0.01
-6.22,-8.65,14.99,-6.24,-8.31,14.99,2.106000E-2,-3.346800E-1,-5.600000E-3,0.34,0.02,0.33,0.01
-9.26,-8.86,15.00,-9.28,-8.50,15.00,2.384000E-2,-3.599000E-1,-3.700000E-3,0.36,0.02,0.36,0.00
-12.38,-9.10,15.09,-12.41,-8.71,15.09,2.710000E-2,-3.844500E-1,-2.000000E-4,0.39,0.03,0.38,0.00
-15.63,-8.79,15.32,-15.66,-8.38,15.32,2.780000E-2,-4.089400E-1,1.500000E-3,0.41,0.03,0.41,0.00
-18.69,-7.67,15.36,-18.70,-7.23,15.36,1.670000E-2,-4.409600E-1,1.000000E-4,0.44,0.02,0.44,0.00
-21.51,-6.34,15.26,-21.51,-5.86,15.25,3.000000E-4,-4.762800E-1,1.300000E-3,0.48,0.00,0.48,0.00
-24.34,-5.28,15.17,-24.33,-4.77,15.17,-1.200000E-2,-5.108900E-1,7.000000E-4,0.51,0.01,0.51,0.00
-27.25,-4.52,15.11,-27.23,-3.98,15.11,-2.010000E-2,-5.439500E-1,1.400000E-3,0.54,0.02,0.54,0.00
-30.19,-3.91,15.07,-30.16,-3.34,15.07,-2.510000E-2,-5.695200E-1,1.600000E-3,0.57,0.03,0.57,0.00
-33.14,-3.40,15.05,-33.12,-2.82,15.05,-2.760000E-2,-5.842800E-1,1.600000E-3,0.58,0.03,0.58,0.00
-36.11,-2.97,15.03,-36.09,-2.38,15.03,-2.810000E-2,-5.846400E-1,1.700000E-3,0.59,0.03,0.58,0.00
-39.09,-2.59,15.02,-39.06,-2.02,15.02,-2.680000E-2,-5.708100E-1,1.400000E-3,0.57,0.03,0.57,0.00
-42.07,-2.25,15.02,-42.05,-1.71,15.02,-2.470000E-2,-5.438100E-1,1.200000E-3,0.54,0.02,0.54,0.00
-45.05,-1.95,15.01,-45.03,-1.44,15.01,-2.170000E-2,-5.055500E-1,7.000000E-4,0.51,0.02,0.51,0.00
-48.04,-1.66,15.01,-48.02,-1.20,15.01,-1.840000E-2,-4.576400E-1,3.000000E-4,0.46,0.02,0.46,0.00
-51.03,-1.39,15.00,-51.02,-0.990046,15.00,-1.480000E-2,-4.021040E-1,-3.000000E-4,0.40,0.01,0.40,0.00
-54.02,-1.14,15.00,-54.01,-0.802270,15.00,-1.130000E-2,-3.409300E-1,-6.000000E-4,0.34,0.01,0.34,0.00
-57.01,-0.911543,15.00,-57.00,-0.635010,15.00,-7.900000E-3,-2.765330E-1,-9.000000E-4,0.28,0.01,0.28,0.00
-60.01,-0.697030,15.00,-60.00,-0.485543,15.00,-5.000000E-3,-2.114870E-1,-1.000000E-3,0.21,0.01,0.21,0.00
-63.00,-0.500913,15.00,-63.00,-0.352117,15.00,-2.500000E-3,-1.487960E-1,-1.100000E-3,0.15,0.00,0.15,0.00
-66.00,-0.325065,15.00,-66.00,-0.233202,15.00,-7.000000E-4,-9.186300E-2,-1.000000E-3,0.09,0.00,0.09,0.00
-68.99,-0.172215,15.00,-69.00,-0.127506,15.00,4.000000E-4,-4.470900E-2,-8.000000E-4,0.04,0.00,0.04,0.00
-71.99,-0.051344,15.00,-71.99,-0.039279,15.00,7.000000E-4,-1.206500E-2,-4.000000E-4,0.01,0.00,0.01,0.00
-75,0.000000,15,-75,0.000000,15,0.000000E+0,0.000000E+0,0.000000E+0,0,0,0,0
75,0.000000,12,75,0.000000,12,0.000000E+0,0.000000E+0,0.000000E+0,0,0,0,0
71.99,-0.040009,12.00,71.99,-0.037549,12.00,-3.000000E-4,-2.459800E-3,1.000000E-4,0.00,0.00,0.00,0.00
68.99,-0.130965,12.00,69.00,-0.121941,12.00,-5.000000E-4,-9.024000E-3,1.000000E-4,0.01,0.00,0.01,0.00
66.00,-0.240991,12,66.00,-0.222607,12.00,-6.000000E-4,-1.838400E-2,1.000000E-4,0.02,0.00,0.02,0.00
63.00,-0.366089,12.00,63.00,-0.336500,12.00,-5.000000E-4,-2.958900E-2,2.000000E-4,0.03,0.00,0.03,0.00
60.00,-0.506659,12.00,60.00,-0.464794,12.00,-4.000000E-4,-4.186500E-2,4.000000E-4,0.04,0.00,0.04,0.00
57.00,-0.663858,12.00,57.00,-0.609268,12.00,-1.000000E-4,-5.459000E-2,4.000000E-4,0.05,0.00,0.05,0.00
54.01,-0.838994,12.00,54.01,-0.771725,12.00,3.000000E-4,-6.726900E-2,6.000000E-4,0.07,0.00,0.07,0.00
51.02,-1.03,12.00,51.01,-0.955028,12.00,7.000000E-4,-7.950200E-2,8.000000E-4,0.08,0.00,0.08,0.00
48.02,-1.25,12.01,48.02,-1.16,12.01,1.100000E-3,-9.095000E-2,9.000000E-4,0.09,0.00,0.09,0.00
45.03,-1.50,12.01,45.03,-1.40,12.01,1.600000E-3,-1.014600E-1,1.000000E-3,0.10,0.00,0.10,0.00
42.05,-1.78,12.01,42.04,-1.67,12.01,2.200000E-3,-1.108600E-1,1.100000E-3,0.11,0.00,0.11,0.00
39.06,-2.10,12.02,39.06,-1.98,12.02,2.800000E-3,-1.192200E-1,1.200000E-3,0.12,0.00,0.12,0.00
36.09,-2.47,12.03,36.08,-2.34,12.03,3.500000E-3,-1.266000E-1,1.100000E-3,0.13,0.00,0.13,0.00
33.12,-2.91,12.04,33.11,-2.78,12.04,4.200000E-3,-1.333900E-1,1.000000E-3,0.13,0.00,0.13,0.00
30.16,-3.45,12.07,30.15,-3.31,12.07,5.300000E-3,-1.396600E-1,5.000000E-4,0.14,0.01,0.14,0.00
27.22,-4.11,12.12,27.22,-3.96,12.12,6.200000E-3,-1.454200E-1,0.000000E+0,0.15,0.01,0.15,0
24.29,-4.96,12.23,24.28,-4.80,12.23,8.600000E-3,-1.532200E-1,-1.100000E-3,0.15,0.01,0.15,0.00
21.45,-6.25,12.42,21.44,-6.09,12.42,9.900000E-3,-1.584200E-1,-3.600000E-3,0.16,0.01,0.16,0.00
18.45,-7.84,12.67,18.44,-7.68,12.68,1.520000E-2,-1.651900E-1,-9.300000E-3,0.17,0.02,0.17,0.01
15.10,-8.69,12.49,15.08,-8.51,12.50,1.960000E-2,-1.805300E-1,-9.400000E-3,0.18,0.02,0.18,0.01
11.88,-8.47,12.24,11.86,-8.27,12.25,1.760000E-2,-2.014000E-1,-8.400000E-3,0.20,0.02,0.20,0.01
8.86,-8.21,12.14,8.84,-7.98,12.15,1.484000E-2,-2.229100E-1,-8.500000E-3,0.22,0.01,0.22,0.01
5.86,-8.19,12.10,5.84,-7.95,12.10,1.494000E-2,-2.450400E-1,-8.100000E-3,0.25,0.01,0.25,0.01
2.86,-8.25,12.05,2.84,-7.98,12.06,1.542000E-2,-2.687800E-1,-8.300000E-3,0.27,0.02,0.27,0.01
-0.141571,-8.31,12.02,-0.157284,-8.01,12.03,1.571300E-2,-2.939200E-1,-8.000000E-3,0.29,0.02,0.29,0.01
-3.14,-8.36,11.99,-3.16,-8.04,12.00,1.620000E-2,-3.201000E-1,-7.600000E-3,0.32,0.02,0.32,0.01
-6.14,-8.41,11.96,-6.16,-8.06,11.96,1.678000E-2,-3.476100E-1,-7.300000E-3,0.35,0.02,0.35,0.01
-9.16,-8.53,11.93,-9.18,-8.15,11.94,1.798000E-2,-3.747400E-1,-6.500000E-3,0.38,0.02,0.37,0.01
-12.20,-8.78,11.90,-12.22,-8.38,11.91,2.130000E-2,-4.010900E-1,-4.100000E-3,0.40,0.02,0.40,0.00
-15.36,-9.14,11.94,-15.38,-8.71,11.94,2.520000E-2,-4.250300E-1,1.400000E-3,0.43,0.03,0.43,0.00
-18.69,-8.85,12.18,-18.72,-8.40,12.18,2.590000E-2,-4.499600E-1,3.300000E-3,0.45,0.03,0.45,0.00
-21.73,-7.50,12.24,-21.74,-7.02,12.24,1.150000E-2,-4.856900E-1,8.000000E-4,0.49,0.01,0.49,0.00
-24.50,-6.04,12.15,-24.49,-5.52,12.15,-7.900000E-3,-5.240700E-1,7.000000E-4,0.52,0.01,0.52,0.00
-27.32,-4.99,12.10,-27.30,-4.43,12.10,-2.040000E-2,-5.594800E-1,-2.000000E-4,0.56,0.02,0.56,0.00
-30.23,-4.25,12.06,-30.20,-3.66,12.06,-2.730000E-2,-5.891800E-1,3.000000E-4,0.59,0.03,0.59,0.00
-33.18,-3.66,12.04,-33.15,-3.05,12.04,-3.070000E-2,-6.063000E-1,9.000000E-4,0.61,0.03,0.61,0.00
-36.13,-3.17,12.03,-36.10,-2.56,12.03,-3.150000E-2,-6.085400E-1,1.000000E-3,0.61,0.03,0.61,0.00
-39.10,-2.75,12.02,-39.07,-2.16,12.02,-3.020000E-2,-5.943800E-1,1.300000E-3,0.60,0.03,0.59,0.00
-42.08,-2.38,12.02,-42.05,-1.82,12.01,-2.770000E-2,-5.662900E-1,8.000000E-4,0.57,0.03,0.57,0.00
-45.06,-2.05,12.01,-45.04,-1.52,12.01,-2.430000E-2,-5.261500E-1,5.000000E-4,0.53,0.02,0.53,0.00
-48.05,-1.74,12.01,-48.03,-1.27,12.01,-2.060000E-2,-4.760500E-1,1.000000E-4,0.48,0.02,0.48,0.00
-51.03,-1.46,12.00,-51.02,-1.04,12.00,-1.660000E-2,-4.179500E-1,-1.000000E-4,0.42,0.02,0.42,0.00
-54.02,-1.20,12.00,-54.01,-0.845714,12.00,-1.260000E-2,-3.542060E-1,-6.000000E-4,0.35,0.01,0.35,0.00
-57.01,-0.956871,12.00,-57.01,-0.669751,12.00,-8.900000E-3,-2.871200E-1,-7.000000E-4,0.29,0.01,0.29,0.00
-60.01,-0.732684,12.00,-60.00,-0.513168,12.00,-5.700000E-3,-2.195160E-1,-9.000000E-4,0.22,0.01,0.22,0.00
-63.00,-0.527402,12.00,-63.00,-0.372988,12.00,-3.000000E-3,-1.544140E-1,-1.000000E-3,0.15,0.00,0.15,0.00
-66.00,-0.343375,12.00,-66.00,-0.248024,12.00,-9.000000E-4,-9.535100E-2,-9.000000E-4,0.10,0.00,0.10,0.00
-68.99,-0.182970,12.00,-68.99,-0.136544,12.00,4.000000E-4,-4.642600E-2,-6.000000E-4,0.05,0.00,0.05,0.00
-71.99,-0.054925,12.00,-71.99,-0.042380,12.00,7.000000E-4,-1.254480E-2,-4.000000E-4,0.01,0.00,0.01,0.00
-75,0.000000,12,-75,0.000000,12,0.000000E+0,0.000000E+0,0.000000E+0,0,0,0,0
75,0.000000,9,75,0.000000,9,0.000000E+0,0.000000E+0,0.000000E+0,0,0,0,0
71.99,-0.042466,9.00,71.99,-0.040029,9.00,-4.000000E-4,-2.437100E-3,7.000000E-5,0.00,0.00,0.00,0.00
68.99,-0.138044,9.00,69.00,-0.129118,9.00,-5.000000E-4,-8.926000E-3,1.100000E-4,0.01,0.00,0.01,0.00
66.00,-0.252276,9.00,66.00,-0.234102,9.00,-6.000000E-4,-1.817400E-2,1.800000E-4,0.02,0.00,0.02,0.00
63.00,-0.381672,9.00,63.00,-0.352437,9.00,-5.000000E-4,-2.923500E-2,2.400000E-4,0.03,0.00,0.03,0.00
60.00,-0.527113,9.00,60.00,-0.485771,9.00,-3.000000E-4,-4.134200E-2,3.400000E-4,0.04,0.00,0.04,0.00
57.01,-0.689536,9.00,57.01,-0.635655,9.00,0.000000E+0,-5.388100E-2,4.000000E-4,0.05,0,0.05,0.00
54.01,-0.870883,9.00,54.01,-0.804534,9.00,4.000000E-4,-6.634900E-2,5.200000E-4,0.07,0.00,0.07,0.00
51.02,-1.07,9.00,51.02,-1.00,9.00,9.000000E-4,-7.826800E-2,6.000000E-4,0.08,0.00,0.08,0.00
48.03,-1.30,9.01,48.02,-1.21,9.00,1.400000E-3,-8.940000E-2,7.100000E-4,0.09,0.00,0.09,0.00
45.04,-1.56,9.01,45.04,-1.46,9.01,1.900000E-3,-9.948000E-2,7.500000E-4,0.10,0.00,0.10,0.00
42.05,-1.85,9.01,42.05,-1.75,9.01,2.500000E-3,-1.084300E-1,8.200000E-4,0.11,0.00,0.11,0.00
39.07,-2.19,9.02,39.07,-2.08,9.02,3.200000E-3,-1.162000E-1,7.800000E-4,0.12,0.00,0.12,0.00
36.10,-2.60,9.03,36.10,-2.47,9.03,3.900000E-3,-1.231400E-1,6.900000E-4,0.12,0.00,0.12,0.00
33.14,-3.08,9.04,33.13,-2.95,9.04,4.900000E-3,-1.292200E-1,3.400000E-4,0.13,0.00,0.13,0.00
30.19,-3.67,9.07,30.19,-3.54,9.07,5.800000E-3,-1.351000E-1,-4.000000E-5,0.14,0.01,0.14,0.00
27.27,-4.44,9.12,27.27,-4.30,9.12,7.300000E-3,-1.400700E-1,-9.800000E-4,0.14,0.01,0.14,0.00
24.41,-5.51,9.24,24.40,-5.36,9.24,8.400000E-3,-1.452800E-1,-1.980000E-3,0.15,0.01,0.15,0.00
21.54,-7.17,9.50,21.53,-7.02,9.51,1.280000E-2,-1.516700E-1,-6.800000E-3,0.15,0.01,0.15,0.01
18.31,-8.53,9.52,18.29,-8.37,9.53,1.760000E-2,-1.627600E-1,-9.520000E-3,0.16,0.02,0.16,0.01
14.94,-8.48,9.28,14.93,-8.30,9.29,1.650000E-2,-1.825700E-1,-7.830000E-3,0.18,0.02,0.18,0.01
11.90,-8.15,9.17,11.89,-7.94,9.18,1.370000E-2,-2.033600E-1,-8.120000E-3,0.20,0.01,0.20,0.01
8.89,-8.10,9.12,8.88,-7.87,9.12,1.327000E-2,-2.248200E-1,-7.930000E-3,0.23,0.01,0.22,0.01
5.89,-8.14,9.08,5.88,-7.89,9.09,1.335000E-2,-2.494300E-1,-8.360000E-3,0.25,0.01,0.25,0.01
2.89,-8.19,9.05,2.88,-7.91,9.06,1.348000E-2,-2.757800E-1,-8.070000E-3,0.28,0.01,0.28,0.01
-0.111258,-8.25,9.02,-0.125134,-7.94,9.03,1.387600E-2,-3.034100E-1,-8.210000E-3,0.30,0.01,0.30,0.01
-3.11,-8.31,8.98,-3.12,-7.98,8.99,1.404000E-2,-3.324300E-1,-8.000000E-3,0.33,0.01,0.33,0.01
-6.11,-8.38,8.95,-6.13,-8.02,8.96,1.456000E-2,-3.620700E-1,-7.900000E-3,0.36,0.01,0.36,0.01
-9.11,-8.46,8.92,-9.13,-8.07,8.93,1.515000E-2,-3.914300E-1,-7.440000E-3,0.39,0.02,0.39,0.01
-12.12,-8.57,8.89,-12.14,-8.15,8.90,1.600000E-2,-4.205300E-1,-6.850000E-3,0.42,0.02,0.42,0.01
-15.16,-8.86,8.86,-15.18,-8.41,8.86,1.960000E-2,-4.465100E-1,-3.070000E-3,0.45,0.02,0.45,0.00
-18.43,-9.20,8.89,-18.45,-8.73,8.88,2.360000E-2,-4.696800E-1,3.630000E-3,0.47,0.02,0.47,0.00
-21.78,-8.54,9.10,-21.80,-8.04,9.10,1.960000E-2,-4.996400E-1,3.420000E-3,0.50,0.02,0.50,0.00
-24.67,-6.85,9.10,-24.67,-6.31,9.10,-2.100000E-3,-5.393500E-1,4.400000E-4,0.54,0.00,0.54,0.00
-27.40,-5.46,9.08,-27.38,-4.88,9.08,-2.060000E-2,-5.780800E-1,-1.580000E-3,0.58,0.02,0.58,0.00
-30.28,-4.57,9.05,-30.25,-3.96,9.05,-2.970000E-2,-6.095300E-1,-7.900000E-4,0.61,0.03,0.61,0.00
-33.20,-3.90,9.04,-33.17,-3.27,9.04,-3.410000E-2,-6.290300E-1,-2.800000E-4,0.63,0.03,0.63,0.00
-36.15,-3.35,9.03,-36.12,-2.72,9.02,-3.490000E-2,-6.309600E-1,6.200000E-4,0.63,0.03,0.63,0.00
-39.12,-2.89,9.02,-39.08,-2.27,9.02,-3.350000E-2,-6.160000E-1,5.600000E-4,0.62,0.03,0.62,0.00
-42.09,-2.49,9.01,-42.06,-1.91,9.01,-3.040000E-2,-5.862100E-1,5.800000E-4,0.59,0.03,0.59,0.00
-45.07,-2.14,9.01,-45.04,-1.59,9.01,-2.670000E-2,-5.442100E-1,1.900000E-4,0.54,0.03,0.54,0.00
-48.05,-1.82,9.01,-48.03,-1.33,9.01,-2.250000E-2,-4.918200E-1,4.000000E-5,0.49,0.02,0.49,0.00
-51.04,-1.52,9.00,-51.02,-1.09,9.00,-1.810000E-2,-4.314300E-1,-3.500000E-4,0.43,0.02,0.43,0.00
-54.03,-1.25,9.00,-54.01,-0.882428,9.00,-1.380000E-2,-3.653120E-1,-4.800000E-4,0.37,0.01,0.37,0.00
-57.02,-0.994899,9.00,-57.01,-0.698945,9.00,-9.900000E-3,-2.959540E-1,-7.300000E-4,0.30,0.01,0.30,0.00
-60.01,-0.762140,9.00,-60.00,-0.536004,9.00,-6.300000E-3,-2.261360E-1,-7.600000E-4,0.23,0.01,0.23,0.00
-63.00,-0.549375,9.00,-63.00,-0.390337,9.00,-3.300000E-3,-1.590380E-1,-8.200000E-4,0.16,0.00,0.16,0.00
-66.00,-0.358778,9.00,-66.00,-0.260576,9.00,-1.000000E-3,-9.820200E-2,-7.000000E-4,0.10,0.00,0.10,0.00
-68.99,-0.192363,9.00,-68.99,-0.144524,9.00,3.000000E-4,-4.783900E-2,-5.600000E-4,0.05,0.00,0.05,0.00
-71.99,-0.057839,9.00,-71.99,-0.044903,9.00,7.000000E-4,-1.293640E-2,-2.900000E-4,0.01,0.00,0.01,0.00
-75,0.000000,9,-75,0.000000,9,0.000000E+0,0.000000E+0,0.000000E+0,0,0,0,0
75,0.000000,6,75,0.000000,6,0.000000E+0,0.000000E+0,0.000000E+0,0,0,0,0
71.99,-0.044332,6.00,71.99,-0.041931,6.00,-4.000000E-4,-2.400700E-3,6.000000E-5,0.00,0.00,0.00,0.00
68.99,-0.143443,6.00,68.99,-0.134657,6.00,-5.000000E-4,-8.786000E-3,1.100000E-4,0.01,0.00,0.01,0.00
66.00,-0.261127,6,66.00,-0.243244,6.00,-6.000000E-4,-1.788300E-2,1.600000E-4,0.02,0.00,0.02,0.00
63.00,-0.393907,6.00,63.00,-0.365145,6.00,-4.000000E-4,-2.876200E-2,2.200000E-4,0.03,0.00,0.03,0.00
60.00,-0.542995,6.00,60.00,-0.502329,6.00,-3.000000E-4,-4.066600E-2,2.800000E-4,0.04,0.00,0.04,0.00
57.01,-0.709567,6.00,57.01,-0.656567,6.00,1.000000E-4,-5.300000E-2,3.600000E-4,0.05,0.00,0.05,0.00
54.01,-0.895832,6.00,54.01,-0.830625,6.00,5.000000E-4,-6.520700E-2,4.000000E-4,0.07,0.00,0.07,0.00
51.02,-1.10,6.00,51.02,-1.03,6.00,1.000000E-3,-7.685000E-2,4.800000E-4,0.08,0.00,0.08,0.00
48.03,-1.34,6.00,48.03,-1.25,6.00,1.600000E-3,-8.764000E-2,5.100000E-4,0.09,0.00,0.09,0.00
45.04,-1.61,6.01,45.04,-1.51,6.01,2.200000E-3,-9.737000E-2,5.500000E-4,0.10,0.00,0.10,0.00
42.06,-1.91,6.01,42.05,-1.81,6.01,2.800000E-3,-1.058700E-1,5.100000E-4,0.11,0.00,0.11,0.00
39.08,-2.27,6.01,39.08,-2.16,6.01,3.500000E-3,-1.132500E-1,4.500000E-4,0.11,0.00,0.11,0.00
36.11,-2.70,6.02,36.11,-2.58,6.02,4.300000E-3,-1.197000E-1,2.300000E-4,0.12,0.00,0.12,0.00
33.15,-3.22,6.04,33.15,-3.09,6.04,5.100000E-3,-1.255600E-1,-9.000000E-5,0.13,0.01,0.13,0.00
30.22,-3.86,6.06,30.21,-3.73,6.06,6.400000E-3,-1.305100E-1,-6.900000E-4,0.13,0.01,0.13,0.00
27.31,-4.69,6.11,27.31,-4.56,6.11,7.600000E-3,-1.358800E-1,-1.390000E-3,0.14,0.01,0.14,0.00
24.54,-6.10,6.24,24.53,-5.96,6.25,9.400000E-3,-1.385800E-1,-3.120000E-3,0.14,0.01,0.14,0.00
21.57,-7.94,6.48,21.56,-7.79,6.49,1.390000E-2,-1.462000E-1,-8.890000E-3,0.15,0.01,0.15,0.01
18.14,-8.57,6.34,18.12,-8.40,6.35,1.680000E-2,-1.623100E-1,-7.440000E-3,0.16,0.02,0.16,0.01
14.95,-8.17,6.22,14.93,-7.99,6.22,1.360000E-2,-1.822900E-1,-7.590000E-3,0.18,0.01,0.18,0.01
11.93,-8.03,6.15,11.91,-7.82,6.16,1.230000E-2,-2.037900E-1,-7.230000E-3,0.20,0.01,0.20,0.01
8.92,-8.05,6.11,8.91,-7.83,6.12,1.219000E-2,-2.277700E-1,-7.950000E-3,0.23,0.01,0.23,0.01
5.92,-8.10,6.08,5.91,-7.84,6.09,1.208000E-2,-2.539800E-1,-7.730000E-3,0.25,0.01,0.25,0.01
2.92,-8.15,6.05,2.91,-7.87,6.06,1.223000E-2,-2.822000E-1,-8.120000E-3,0.28,0.01,0.28,0.01
-0.079032,-8.21,6.02,-0.091133,-7.90,6.02,1.210130E-2,-3.124000E-1,-8.000000E-3,0.31,0.01,0.31,0.01
-3.08,-8.28,5.98,-3.09,-7.94,5.99,1.237000E-2,-3.439900E-1,-8.250000E-3,0.34,0.01,0.34,0.01
-6.08,-8.35,5.95,-6.09,-7.98,5.96,1.233000E-2,-3.764700E-1,-8.130000E-3,0.38,0.01,0.38,0.01
-9.08,-8.43,5.92,-9.09,-8.02,5.93,1.267000E-2,-4.093800E-1,-8.250000E-3,0.41,0.01,0.41,0.01
-12.08,-8.53,5.88,-12.09,-8.09,5.89,1.310000E-2,-4.408400E-1,-7.590000E-3,0.44,0.01,0.44,0.01
-15.10,-8.67,5.84,-15.12,-8.20,5.85,1.390000E-2,-4.702500E-1,-7.340000E-3,0.47,0.01,0.47,0.01
-18.20,-9.11,5.80,-18.22,-8.61,5.80,1.840000E-2,-4.941300E-1,-6.000000E-5,0.49,0.02,0.49,0.00
-21.63,-9.12,5.90,-21.65,-8.60,5.90,2.040000E-2,-5.186700E-1,4.430000E-3,0.52,0.02,0.52,0.00
-24.75,-7.61,6.03,-24.75,-7.06,6.03,4.100000E-3,-5.567500E-1,-4.000000E-4,0.56,0.00,0.56,0.00
-27.51,-5.92,6.03,-27.49,-5.32,6.03,-2.050000E-2,-5.983500E-1,-2.290000E-3,0.60,0.02,0.60,0.00
-30.32,-4.87,6.03,-30.29,-4.23,6.03,-3.270000E-2,-6.324200E-1,-2.650000E-3,0.63,0.03,0.63,0.00
-33.23,-4.10,6.02,-33.19,-3.45,6.02,-3.770000E-2,-6.511800E-1,-1.000000E-3,0.65,0.04,0.65,0.00
-36.17,-3.50,6.02,-36.13,-2.85,6.02,-3.860000E-2,-6.512600E-1,-5.500000E-4,0.65,0.04,0.65,0.00
-39.13,-3.00,6.01,-39.09,-2.37,6.01,-3.640000E-2,-6.343500E-1,5.000000E-5,0.64,0.04,0.63,0.00
-42.10,-2.58,6.01,-42.07,-1.98,6.01,-3.310000E-2,-6.028200E-1,-1.900000E-4,0.60,0.03,0.60,0.00
-45.07,-2.21,6.01,-45.05,-1.65,6.01,-2.880000E-2,-5.587300E-1,-6.000000E-5,0.56,0.03,0.56,0.00
-48.06,-1.87,6.00,-48.03,-1.37,6.00,-2.430000E-2,-5.043600E-1,-3.800000E-4,0.50,0.02,0.50,0.00
-51.04,-1.57,6.00,-51.02,-1.13,6.00,-1.940000E-2,-4.419200E-1,-3.900000E-4,0.44,0.02,0.44,0.00
-54.03,-1.29,6.00,-54.01,-0.911136,6.00,-1.490000E-2,-3.738740E-1,-6.000000E-4,0.37,0.01,0.37,0.00
-57.02,-1.02,6.00,-57.01,-0.721927,6.00,-1.060000E-2,-3.026730E-1,-6.000000E-4,0.30,0.01,0.30,0.00
-60.01,-0.785076,6.00,-60.00,-0.553936,6.00,-6.800000E-3,-2.311400E-1,-7.000000E-4,0.23,0.01,0.23,0.00
-63.00,-0.566640,6.00,-63.00,-0.404144,6.00,-3.700000E-3,-1.624960E-1,-6.300000E-4,0.16,0.00,0.16,0.00
-66.00,-0.370636,6.00,-66.00,-0.270310,6.00,-1.200000E-3,-1.003260E-1,-5.800000E-4,0.10,0.00,0.10,0.00
-68.99,-0.199508,6.00,-68.99,-0.150626,6.00,3.000000E-4,-4.888200E-2,-4.100000E-4,0.05,0.00,0.05,0.00
-71.99,-0.060391,6.00,-71.99,-0.047161,6.00,7.000000E-4,-1.323060E-2,-2.400000E-4,0.01,0.00,0.01,0.00
-75,0.000000,6,-75,0.000000,6,0.000000E+0,0.000000E+0,0.000000E+0,0,0,0,0
75,0.000000,3,75,0.000000,3,0.000000E+0,0.000000E+0,0.000000E+0,0,0,0,0
71.99,-0.045673,3.00,71.99,-0.043317,3.00,-3.000000E-4,-2.356100E-3,6.000000E-5,0.00,0.00,0.00,0.00
68.99,-0.147363,3.00,68.99,-0.138747,3.00,-5.000000E-4,-8.616000E-3,1.000000E-4,0.01,0.00,0.01,0.00
66.00,-0.267256,3.00,66.00,-0.249723,3.00,-5.000000E-4,-1.753300E-2,1.400000E-4,0.02,0.00,0.02,0.00
63.00,-0.402418,3.00,63.00,-0.374217,3.00,-4.000000E-4,-2.820100E-2,1.800000E-4,0.03,0.00,0.03,0.00
60.00,-0.553888,3.00,60.00,-0.514008,3.00,-2.000000E-4,-3.988000E-2,2.300000E-4,0.04,0.00,0.04,0.00
57.01,-0.723463,3.00,57.01,-0.671494,3.00,2.000000E-4,-5.196900E-2,2.500000E-4,0.05,0.00,0.05,0.00
54.01,-0.913043,3.00,54.01,-0.849132,3.00,5.000000E-4,-6.391100E-2,3.000000E-4,0.06,0.00,0.06,0.00
51.02,-1.13,3.00,51.02,-1.05,3.00,1.100000E-3,-7.526000E-2,3.000000E-4,0.08,0.00,0.08,0.00
48.03,-1.37,3.00,48.03,-1.28,3.00,1.700000E-3,-8.577000E-2,3.400000E-4,0.09,0.00,0.09,0.00
45.04,-1.64,3.00,45.04,-1.55,3.00,2.200000E-3,-9.515000E-2,2.700000E-4,0.10,0.00,0.10,0.00
42.06,-1.96,3.01,42.06,-1.85,3.01,2.900000E-3,-1.033200E-1,2.300000E-4,0.10,0.00,0.10,0.00
39.08,-2.33,3.01,39.08,-2.22,3.01,3.700000E-3,-1.103600E-1,7.000000E-5,0.11,0.00,0.11,0.00
36.12,-2.77,3.02,36.11,-2.66,3.02,4.400000E-3,-1.165500E-1,-1.600000E-4,0.12,0.00,0.12,0.00
33.17,-3.32,3.03,33.16,-3.20,3.03,5.500000E-3,-1.220200E-1,-5.400000E-4,0.12,0.01,0.12,0.00
30.24,-4.00,3.05,30.23,-3.87,3.05,6.500000E-3,-1.270300E-1,-1.140000E-3,0.13,0.01,0.13,0.00
27.34,-4.87,3.10,27.33,-4.74,3.10,8.000000E-3,-1.311000E-1,-1.730000E-3,0.13,0.01,0.13,0.00
24.63,-6.54,3.25,24.61,-6.41,3.26,1.040000E-2,-1.348900E-1,-4.250000E-3,0.14,0.01,0.13,0.00
21.48,-8.33,3.41,21.47,-8.18,3.42,1.530000E-2,-1.432900E-1,-8.160000E-3,0.14,0.02,0.14,0.01
18.08,-8.37,3.27,18.07,-8.20,3.27,1.500000E-2,-1.612500E-1,-6.880000E-3,0.16,0.01,0.16,0.01
14.97,-7.98,3.19,14.96,-7.80,3.20,1.200000E-2,-1.813400E-1,-6.460000E-3,0.18,0.01,0.18,0.01
11.95,-7.97,3.15,11.94,-7.77,3.15,1.150000E-2,-2.041600E-1,-7.130000E-3,0.20,0.01,0.20,0.01
8.95,-8.01,3.11,8.94,-7.78,3.12,1.126000E-2,-2.297900E-1,-7.090000E-3,0.23,0.01,0.23,0.01
5.95,-8.06,3.08,5.94,-7.81,3.09,1.126000E-2,-2.573600E-1,-7.570000E-3,0.26,0.01,0.26,0.01
2.95,-8.12,3.05,2.94,-7.83,3.06,1.096000E-2,-2.873400E-1,-7.520000E-3,0.29,0.01,0.29,0.01
-0.049847,-8.18,3.02,-0.060874,-7.86,3.03,1.102700E-2,-3.194100E-1,-7.940000E-3,0.32,0.01,0.32,0.01
-3.05,-8.25,2.98,-3.06,-7.89,2.99,1.066000E-2,-3.533400E-1,-8.000000E-3,0.35,0.01,0.35,0.01
-6.05,-8.32,2.95,-6.06,-7.93,2.96,1.073000E-2,-3.887800E-1,-8.360000E-3,0.39,0.01,0.39,0.01
-9.05,-8.41,2.92,-9.06,-7.98,2.93,1.037000E-2,-4.247800E-1,-8.400000E-3,0.42,0.01,0.42,0.01
-12.05,-8.51,2.89,-12.06,-8.05,2.89,1.050000E-2,-4.606100E-1,-8.690000E-3,0.46,0.01,0.46,0.01
-15.06,-8.63,2.85,-15.07,-8.13,2.85,1.030000E-2,-4.940600E-1,-8.290000E-3,0.49,0.01,0.49,0.01
-18.10,-8.97,2.79,-18.11,-8.45,2.80,1.280000E-2,-5.215800E-1,-6.070000E-3,0.52,0.01,0.52,0.01
-21.45,-9.32,2.76,-21.47,-8.78,2.76,1.680000E-2,-5.432800E-1,2.650000E-3,0.54,0.02,0.54,0.00
-24.74,-8.16,2.90,-24.74,-7.58,2.90,6.100000E-3,-5.772400E-1,-2.090000E-3,0.58,0.01,0.58,0.00
-27.55,-6.22,2.94,-27.52,-5.60,2.95,-2.190000E-2,-6.210200E-1,-4.890000E-3,0.62,0.02,0.62,0.00
-30.35,-5.03,3.00,-30.32,-4.37,3.00,-3.680000E-2,-6.547200E-1,-4.110000E-3,0.66,0.04,0.65,0.00
-33.25,-4.24,3.01,-33.21,-3.57,3.01,-4.150000E-2,-6.700300E-1,-2.730000E-3,0.67,0.04,0.67,0.00
-36.18,-3.60,3.01,-36.14,-2.94,3.01,-4.150000E-2,-6.676300E-1,-1.350000E-3,0.67,0.04,0.67,0.00
-39.14,-3.08,3.01,-39.10,-2.44,3.01,-3.910000E-2,-6.483600E-1,-1.260000E-3,0.65,0.04,0.65,0.00
-42.10,-2.64,3.00,-42.07,-2.03,3.01,-3.510000E-2,-6.148000E-1,-6.800000E-4,0.62,0.04,0.61,0.00
-45.08,-2.26,3.00,-45.05,-1.69,3.00,-3.050000E-2,-5.689700E-1,-8.300000E-4,0.57,0.03,0.57,0.00
-48.06,-1.91,3.00,-48.03,-1.40,3.00,-2.550000E-2,-5.129300E-1,-5.900000E-4,0.51,0.03,0.51,0.00
-51.04,-1.60,3.00,-51.02,-1.15,3.00,-2.050000E-2,-4.489600E-1,-7.200000E-4,0.45,0.02,0.45,0.00
-54.03,-1.31,3.00,-54.01,-0.931117,3.00,-1.560000E-2,-3.794730E-1,-5.800000E-4,0.38,0.02,0.38,0.00
-57.02,-1.04,3.00,-57.01,-0.737679,3.00,-1.120000E-2,-3.069910E-1,-6.500000E-4,0.31,0.01,0.31,0.00
-60.01,-0.800599,3.00,-60.00,-0.566287,3.00,-7.100000E-3,-2.343120E-1,-5.400000E-4,0.23,0.01,0.23,0.00
-63.00,-0.578262,3.00,-63.00,-0.413607,3.00,-3.900000E-3,-1.646550E-1,-5.300000E-4,0.16,0.00,0.16,0.00
-66.00,-0.378702,3.00,-66.00,-0.277067,3.00,-1.400000E-3,-1.016350E-1,-4.100000E-4,0.10,0.00,0.10,0.00
-68.99,-0.203954,3.00,-68.99,-0.154441,3.00,1.000000E-4,-4.951300E-2,-3.100000E-4,0.05,0.00,0.05,0.00
-71.99,-0.062094,3.00,-71.99,-0.048693,3.00,7.000000E-4,-1.340170E-2,-1.600000E-4,0.01,0.00,0.01,0.00
-75,0.000000,3,-75,0.000000,3,0.000000E+0,0.000000E+0,0.000000E+0,0,0,0,0
75,0,0,75,0.000000,0.000000,0.000000E+0,-2.994520E-36,8.007290E-35,0.00,0,0.00,0.00
71.99,-0.046369,-0.000220,71.99,-0.044063,-0.000268,-4.000000E-4,-2.305900E-3,4.754000E-5,0.00,0.00,0.00,0.00
68.99,-0.149397,-0.000230,68.99,-0.140971,-0.000319,-5.000000E-4,-8.426000E-3,8.872000E-5,0.01,0.00,0.01,0.00
66.00,-0.270699,-0.000119,66.00,-0.253554,-0.000229,-6.000000E-4,-1.714500E-2,1.093700E-4,0.02,0.00,0.02,0.00
63.00,-0.406860,-0.000093,63.00,-0.379278,-0.000241,-4.000000E-4,-2.758200E-2,1.478451E-4,0.03,0.00,0.03,0.00
60.00,-0.559692,0.000069,60.00,-0.520681,-0.000079,-1.000000E-4,-3.901100E-2,1.489040E-4,0.04,0.00,0.04,0.00
57.01,-0.730720,0.000115,57.01,-0.679883,-0.000066,1.000000E-4,-5.083700E-2,1.807580E-4,0.05,0.00,0.05,0.00
54.01,-0.922042,0.000395,54.01,-0.859536,0.000243,6.000000E-4,-6.250600E-2,1.526830E-4,0.06,0.00,0.06,0.00
51.02,-1.14,0.000522,51.02,-1.06,0.000357,1.100000E-3,-7.359000E-2,1.652720E-4,0.07,0.00,0.07,0.00
48.03,-1.38,0.001035,48.03,-1.30,0.000943,1.600000E-3,-8.381000E-2,9.198200E-5,0.08,0.00,0.08,0.00
45.04,-1.66,0.001462,45.04,-1.57,0.001409,2.300000E-3,-9.293000E-2,5.366000E-5,0.09,0.00,0.09,0.00
42.06,-1.98,0.002821,42.06,-1.88,0.002920,2.900000E-3,-1.008100E-1,-9.907000E-5,0.10,0.00,0.10,0.00
39.09,-2.36,0.005323,39.08,-2.25,0.005584,3.700000E-3,-1.076500E-1,-2.612400E-4,0.11,0.00,0.11,0.00
36.12,-2.82,0.011202,36.12,-2.70,0.011751,4.700000E-3,-1.135900E-1,-5.493000E-4,0.11,0.00,0.11,0.00
33.18,-3.38,0.020289,33.17,-3.26,0.021261,5.500000E-3,-1.189800E-1,-9.715000E-4,0.12,0.01,0.12,0.00
30.25,-4.08,0.039920,30.25,-3.96,0.041273,6.800000E-3,-1.237400E-1,-1.352900E-3,0.12,0.01,0.12,0.00
27.37,-5.00,0.085860,27.36,-4.87,0.088065,8.000000E-3,-1.278200E-1,-2.204900E-3,0.13,0.01,0.13,0.00
24.67,-6.75,0.227320,24.66,-6.62,0.231437,1.070000E-2,-1.319600E-1,-4.117000E-3,0.13,0.01,0.13,0.00
21.43,-8.42,0.344576,21.41,-8.28,0.352283,1.540000E-2,-1.418300E-1,-7.707000E-3,0.14,0.02,0.14,0.01
18.09,-8.26,0.252998,18.07,-8.10,0.258846,1.410000E-2,-1.588800E-1,-5.848000E-3,0.16,0.01,0.16,0.01
14.99,-7.87,0.181565,14.98,-7.69,0.187593,1.100000E-2,-1.802300E-1,-6.028000E-3,0.18,0.01,0.18,0.01
11.99,-7.92,0.146076,11.98,-7.72,0.152324,1.080000E-2,-2.041200E-1,-6.248000E-3,0.20,0.01,0.20,0.01
8.98,-7.98,0.113686,8.97,-7.75,0.120419,1.084000E-2,-2.302000E-1,-6.733000E-3,0.23,0.01,0.23,0.01
5.98,-8.03,0.081182,5.97,-7.77,0.087946,1.046000E-2,-2.589400E-1,-6.764000E-3,0.26,0.01,0.26,0.01
2.98,-8.08,0.049512,2.97,-7.79,0.056734,1.043000E-2,-2.900500E-1,-7.222100E-3,0.29,0.01,0.29,0.01
-0.017112,-8.14,0.016360,-0.027037,-7.82,0.023723,9.924600E-3,-3.235200E-1,-7.362600E-3,0.32,0.01,0.32,0.01
-3.02,-8.21,-0.015331,-3.03,-7.85,-0.007532,9.840000E-3,-3.591400E-1,-7.799210E-3,0.36,0.01,0.36,0.01
-6.02,-8.28,-0.049057,-6.03,-7.89,-0.040950,9.180000E-3,-3.965800E-1,-8.107300E-3,0.40,0.01,0.40,0.01
-9.02,-8.37,-0.081149,-9.03,-7.93,-0.072660,9.020000E-3,-4.354300E-1,-8.488400E-3,0.44,0.01,0.44,0.01
-12.02,-8.47,-0.115393,-12.03,-7.99,-0.106380,8.200000E-3,-4.747600E-1,-9.013000E-3,0.47,0.01,0.47,0.01
-15.02,-8.60,-0.150226,-15.03,-8.09,-0.141163,8.000000E-3,-5.136800E-1,-9.063000E-3,0.51,0.01,0.51,0.01
-18.07,-8.83,-0.207225,-18.08,-8.28,-0.197074,8.100000E-3,-5.498800E-1,-1.015100E-2,0.55,0.01,0.55,0.01
-21.28,-9.26,-0.296396,-21.29,-8.68,-0.291981,9.600000E-3,-5.798400E-1,-4.415000E-3,0.58,0.01,0.58,0.00
-24.75,-8.43,-0.231210,-24.75,-7.82,-0.227097,1.300000E-3,-6.102600E-1,-4.113000E-3,0.61,0.00,0.61,0.00
-27.82,-6.77,-0.104149,-27.80,-6.13,-0.099549,-2.200000E-2,-6.458200E-1,-4.599800E-3,0.65,0.02,0.65,0.00
-30.35,-5.09,-0.032988,-30.31,-4.41,-0.026701,-4.010000E-2,-6.711400E-1,-6.286300E-3,0.67,0.04,0.67,0.01
-33.26,-4.31,-0.013067,-33.21,-3.62,-0.009286,-4.440000E-2,-6.835700E-1,-3.780300E-3,0.69,0.04,0.68,0.00
-36.19,-3.66,-0.004049,-36.15,-2.98,-0.000871,-4.390000E-2,-6.779100E-1,-3.178407E-3,0.68,0.04,0.68,0.00
-39.14,-3.13,-0.001306,-39.10,-2.47,0.000722,-4.070000E-2,-6.565600E-1,-2.028537E-3,0.66,0.04,0.66,0.00
-42.11,-2.68,0.000404,-42.07,-2.06,0.002279,-3.650000E-2,-6.212800E-1,-1.875142E-3,0.62,0.04,0.62,0.00
-45.08,-2.29,0.000315,-45.05,-1.71,0.001573,-3.140000E-2,-5.741100E-1,-1.257437E-3,0.57,0.03,0.57,0.00
-48.06,-1.94,0.000306,-48.03,-1.42,0.001524,-2.630000E-2,-5.170100E-1,-1.217466E-3,0.52,0.03,0.52,0.00
-51.04,-1.62,0.000077,-51.02,-1.16,0.000927,-2.110000E-2,-4.521100E-1,-8.503992E-4,0.45,0.02,0.45,0.00
-54.03,-1.32,0.000073,-54.01,-0.941794,0.000877,-1.610000E-2,-3.818360E-1,-8.041753E-4,0.38,0.02,0.38,0.00
-57.02,-1.05,-0.000004,-57.01,-0.746112,0.000563,-1.140000E-2,-3.087080E-1,-5.675951E-4,0.31,0.01,0.31,0.00
-60.01,-0.808293,0.000035,-60.00,-0.572797,0.000556,-7.400000E-3,-2.354960E-1,-5.213284E-4,0.24,0.01,0.24,0.00
-63.00,-0.583848,0.000027,-63.00,-0.418425,0.000380,-4.000000E-3,-1.654230E-1,-3.524806E-4,0.17,0.00,0.17,0.00
-66.00,-0.382381,0.000079,-66.00,-0.280312,0.000369,-1.400000E-3,-1.020690E-1,-2.901410E-4,0.10,0.00,0.10,0.00
-68.99,-0.206507,0.000103,-68.99,-0.156794,0.000267,1.000000E-4,-4.971300E-2,-1.640800E-4,0.05,0.00,0.05,0.00
-71.99,-0.062787,0.000102,-71.99,-0.049335,0.000191,7.000000E-4,-1.345150E-2,-8.872800E-5,0.01,0.00,0.01,0.00
-75,0,0,-75,0.000000,0.000000,0.000000E+0,-3.683390E-36,8.577730E-35,0.00,0,0.00,0.00
75,0.000000,-3,75,0.000000,-3,0.000000E+0,0.000000E+0,0.000000E+0,0,0,0,0
71.99,-0.046521,-3.00,71.99,-0.044270,-3.00,-3.000000E-4,-2.251200E-3,5.000000E-5,0.00,0.00,0.00,0.00
68.99,-0.149540,-3.00,68.99,-0.141316,-3.00,-5.000000E-4,-8.224000E-3,7.000000E-5,0.01,0.00,0.01,0.00
66.00,-0.270901,-3.00,66.00,-0.254166,-3.00,-5.000000E-4,-1.673500E-2,9.000000E-5,0.02,0.00,0.02,0.00
63.00,-0.407465,-3.00,63.00,-0.380540,-3.00,-4.000000E-4,-2.692500E-2,9.000000E-5,0.03,0.00,0.03,0.00
60.00,-0.560272,-3.00,60.00,-0.522183,-3.00,-2.000000E-4,-3.808900E-2,1.000000E-4,0.04,0.00,0.04,0.00
57.01,-0.731255,-3.00,57.01,-0.681616,-3.00,2.000000E-4,-4.963900E-2,6.000000E-5,0.05,0.00,0.05,0.00
54.01,-0.922672,-3.00,54.01,-0.861635,-3.00,6.000000E-4,-6.103700E-2,5.000000E-5,0.06,0.00,0.06,0.00
51.02,-1.14,-3.00,51.02,-1.07,-3.00,1.100000E-3,-7.185000E-2,-3.000000E-5,0.07,0.00,0.07,0.00
48.03,-1.38,-3.00,48.03,-1.30,-3.00,1.600000E-3,-8.184000E-2,-8.000000E-5,0.08,0.00,0.08,0.00
45.04,-1.66,-3.00,45.04,-1.57,-3.00,2.200000E-3,-9.071000E-2,-2.400000E-4,0.09,0.00,0.09,0.00
42.06,-1.98,-3.00,42.06,-1.88,-3.00,2.900000E-3,-9.842000E-2,-3.600000E-4,0.10,0.00,0.10,0.00
39.09,-2.36,-3.00,39.08,-2.26,-3.00,3.700000E-3,-1.051100E-1,-6.200000E-4,0.11,0.00,0.11,0.00
36.13,-2.83,-3.00,36.12,-2.71,-3.00,4.600000E-3,-1.110400E-1,-9.000000E-4,0.11,0.00,0.11,0.00
33.18,-3.40,-2.99,33.17,-3.28,-2.99,5.600000E-3,-1.162500E-1,-1.240000E-3,0.12,0.01,0.12,0.00
30.26,-4.11,-2.98,30.26,-3.99,-2.98,6.800000E-3,-1.211500E-1,-1.820000E-3,0.12,0.01,0.12,0.00
27.39,-5.04,-2.95,27.38,-4.91,-2.95,8.200000E-3,-1.254000E-1,-1.970000E-3,0.13,0.01,0.13,0.00
24.70,-6.81,-2.83,24.69,-6.68,-2.82,1.060000E-2,-1.296600E-1,-4.050000E-3,0.13,0.01,0.13,0.00
21.48,-8.42,-2.70,21.46,-8.28,-2.69,1.530000E-2,-1.393500E-1,-6.860000E-3,0.14,0.02,0.14,0.01
18.12,-8.21,-2.75,18.11,-8.05,-2.74,1.380000E-2,-1.567700E-1,-5.430000E-3,0.16,0.01,0.16,0.01
15.03,-7.83,-2.82,15.02,-7.65,-2.81,1.060000E-2,-1.787300E-1,-5.140000E-3,0.18,0.01,0.18,0.01
12.02,-7.89,-2.85,12.01,-7.69,-2.85,1.070000E-2,-2.027200E-1,-5.780000E-3,0.20,0.01,0.20,0.01
9.02,-7.95,-2.89,9.01,-7.72,-2.88,1.041000E-2,-2.290800E-1,-5.840000E-3,0.23,0.01,0.23,0.01
6.01,-8.00,-2.92,6.00,-7.74,-2.91,1.037000E-2,-2.582500E-1,-6.320000E-3,0.26,0.01,0.26,0.01
3.01,-8.05,-2.95,3.01,-7.76,-2.94,9.830000E-3,-2.899100E-1,-6.480000E-3,0.29,0.01,0.29,0.01
0.012744,-8.11,-2.98,0.003035,-7.78,-2.98,9.709320E-3,-3.238700E-1,-6.920000E-3,0.32,0.01,0.32,0.01
-2.99,-8.17,-3.02,-3.00,-7.81,-3.01,9.020000E-3,-3.601900E-1,-7.290000E-3,0.36,0.01,0.36,0.01
-5.99,-8.24,-3.05,-6.00,-7.84,-3.04,8.760000E-3,-3.984900E-1,-7.680000E-3,0.40,0.01,0.40,0.01
-8.99,-8.32,-3.08,-9.00,-7.88,-3.07,7.860000E-3,-4.384500E-1,-8.340000E-3,0.44,0.01,0.44,0.01
-11.99,-8.41,-3.11,-12.00,-7.93,-3.11,7.400000E-3,-4.798200E-1,-8.670000E-3,0.48,0.01,0.48,0.01
-14.99,-8.53,-3.15,-15.00,-8.01,-3.14,6.400000E-3,-5.210900E-1,-1.006000E-2,0.52,0.01,0.52,0.01
-18.02,-8.68,-3.20,-18.03,-8.11,-3.19,5.000000E-3,-5.643800E-1,-1.054000E-2,0.56,0.00,0.56,0.01
-21.20,-9.07,-3.31,-21.20,-8.47,-3.30,5.900000E-3,-6.049700E-1,-1.274000E-2,0.61,0.01,0.60,0.01
-24.70,-8.38,-3.32,-24.69,-7.75,-3.31,-8.200000E-3,-6.337900E-1,-9.140000E-3,0.63,0.01,0.63,0.01
-27.56,-6.47,-3.14,-27.53,-5.81,-3.13,-2.800000E-2,-6.557800E-1,-9.310000E-3,0.66,0.03,0.66,0.01
-30.35,-5.12,-3.05,-30.31,-4.44,-3.05,-4.200000E-2,-6.792800E-1,-6.580000E-3,0.68,0.04,0.68,0.01
-33.26,-4.32,-3.03,-33.21,-3.63,-3.02,-4.590000E-2,-6.883700E-1,-5.860000E-3,0.69,0.05,0.69,0.01
-36.19,-3.67,-3.02,-36.15,-2.99,-3.01,-4.460000E-2,-6.807000E-1,-4.150000E-3,0.68,0.04,0.68,0.00
-39.14,-3.13,-3.01,-39.10,-2.47,-3.00,-4.150000E-2,-6.577100E-1,-3.600000E-3,0.66,0.04,0.66,0.00
-42.11,-2.68,-3.00,-42.07,-2.06,-3.00,-3.670000E-2,-6.214800E-1,-2.540000E-3,0.62,0.04,0.62,0.00
-45.08,-2.29,-3.00,-45.05,-1.71,-3.00,-3.180000E-2,-5.737100E-1,-2.200000E-3,0.57,0.03,0.57,0.00
-48.06,-1.94,-3.00,-48.03,-1.42,-3.00,-2.640000E-2,-5.162200E-1,-1.510000E-3,0.52,0.03,0.52,0.00
-51.04,-1.62,-3.00,-51.02,-1.17,-3,-2.130000E-2,-4.511200E-1,-1.260000E-3,0.45,0.02,0.45,0.00
-54.03,-1.32,-3.00,-54.01,-0.942639,-3.00,-1.620000E-2,-3.807810E-1,-8.200000E-4,0.38,0.02,0.38,0.00
-57.02,-1.05,-3.00,-57.01,-0.746822,-3.00,-1.150000E-2,-3.077080E-1,-6.700000E-4,0.31,0.01,0.31,0.00
-60.01,-0.807727,-3.00,-60.00,-0.573090,-3.00,-7.400000E-3,-2.346370E-1,-3.700000E-4,0.23,0.01,0.23,0.00
-63.00,-0.583355,-3.00,-63.00,-0.418612,-3.00,-4.100000E-3,-1.647430E-1,-2.700000E-4,0.16,0.00,0.16,0.00
-66.00,-0.382156,-3.00,-66.00,-0.280543,-3.00,-1.400000E-3,-1.016130E-1,-1.200000E-4,0.10,0.00,0.10,0.00
-68.99,-0.206172,-3.00,-68.99,-0.156705,-3.00,1.000000E-4,-4.946700E-2,-6.000000E-5,0.05,0.00,0.05,0.00
-71.99,-0.062513,-3.00,-71.99,-0.049129,-3.00,7.000000E-4,-1.338340E-2,-1.000000E-5,0.01,0.00,0.01,0.00
-75,0.000000,-3,-75,0.000000,-3,0.000000E+0,0.000000E+0,0.000000E+0,0,0,0,0
75,0.000000,-6,75,0.000000,-6,0.000000E+0,0.000000E+0,0.000000E+0,0,0,0,0
71.99,-0.045911,-6.00,71.99,-0.043718,-6.00,-3.000000E-4,-2.192700E-3,3.000000E-5,0.00,0.00,0.00,0.00
68.99,-0.148047,-6.00,68.99,-0.140032,-6.00,-5.000000E-4,-8.015000E-3,5.000000E-5,0.01,0.00,0.01,0.00
66.00,-0.268149,-6.00,66.00,-0.251837,-6.00,-5.000000E-4,-1.631200E-2,5.000000E-5,0.02,0.00,0.02,0.00
63.00,-0.403526,-6.00,63.00,-0.377275,-6.00,-4.000000E-4,-2.625100E-2,6.000000E-5,0.03,0.00,0.03,0.00
60.00,-0.555179,-6.00,60.00,-0.518039,-6.00,-2.000000E-4,-3.714000E-2,2.000000E-5,0.04,0.00,0.04,0.00
57.01,-0.724920,-6.00,57.01,-0.676507,-6.00,1.000000E-4,-4.841300E-2,0.000000E+0,0.05,0.00,0.05,0
54.01,-0.914878,-6.00,54.01,-0.855339,-6.00,5.000000E-4,-5.953900E-2,-1.000000E-4,0.06,0.00,0.06,0.00
51.02,-1.13,-6.00,51.02,-1.06,-6.00,9.000000E-4,-7.011000E-2,-1.600000E-4,0.07,0.00,0.07,0.00
48.03,-1.37,-6.00,48.03,-1.29,-6.00,1.500000E-3,-7.986000E-2,-3.200000E-4,0.08,0.00,0.08,0.00
45.04,-1.65,-6.00,45.04,-1.56,-6.00,2.100000E-3,-8.859000E-2,-4.300000E-4,0.09,0.00,0.09,0.00
42.06,-1.96,-6.00,42.06,-1.87,-6.00,2.700000E-3,-9.617000E-2,-6.800000E-4,0.10,0.00,0.10,0.00
39.09,-2.34,-6.01,39.08,-2.24,-6.00,3.500000E-3,-1.028400E-1,-9.000000E-4,0.10,0.00,0.10,0.00
36.12,-2.80,-6.00,36.12,-2.69,-6.00,4.300000E-3,-1.087500E-1,-1.230000E-3,0.11,0.00,0.11,0.00
33.18,-3.36,-6.00,33.17,-3.25,-6.00,5.400000E-3,-1.141500E-1,-1.590000E-3,0.11,0.01,0.11,0.00
30.26,-4.07,-6.00,30.25,-3.95,-6.00,6.600000E-3,-1.192000E-1,-1.930000E-3,0.12,0.01,0.12,0.00
27.39,-5.00,-5.99,27.38,-4.87,-5.99,8.200000E-3,-1.239400E-1,-2.330000E-3,0.12,0.01,0.12,0.00
24.70,-6.70,-5.90,24.69,-6.58,-5.89,1.070000E-2,-1.278300E-1,-3.010000E-3,0.13,0.01,0.13,0.00
21.61,-8.35,-5.75,21.60,-8.21,-5.75,1.460000E-2,-1.366500E-1,-6.500000E-3,0.14,0.01,0.14,0.01
18.18,-8.22,-5.75,18.16,-8.07,-5.74,1.390000E-2,-1.558600E-1,-4.790000E-3,0.16,0.01,0.16,0.00
15.07,-7.83,-5.82,15.05,-7.65,-5.82,1.110000E-2,-1.764800E-1,-4.720000E-3,0.18,0.01,0.18,0.00
12.05,-7.88,-5.85,12.04,-7.68,-5.85,1.080000E-2,-1.997400E-1,-4.800000E-3,0.20,0.01,0.20,0.00
9.05,-7.93,-5.89,9.04,-7.70,-5.88,1.069000E-2,-2.263300E-1,-5.380000E-3,0.23,0.01,0.23,0.01
6.05,-7.97,-5.92,6.04,-7.71,-5.91,1.021000E-2,-2.552800E-1,-5.510000E-3,0.26,0.01,0.26,0.01
3.04,-8.02,-5.95,3.03,-7.73,-5.94,1.010000E-2,-2.865300E-1,-5.940000E-3,0.29,0.01,0.29,0.01
0.045813,-8.07,-5.98,0.036326,-7.75,-5.98,9.486700E-3,-3.202500E-1,-6.290000E-3,0.32,0.01,0.32,0.01
-2.96,-8.12,-6.02,-2.97,-7.77,-6.01,9.280000E-3,-3.559300E-1,-6.660000E-3,0.36,0.01,0.36,0.01
-5.96,-8.18,-6.05,-5.96,-7.79,-6.04,8.470000E-3,-3.936300E-1,-7.300000E-3,0.39,0.01,0.39,0.01
-8.96,-8.25,-6.08,-8.97,-7.82,-6.07,8.090000E-3,-4.329400E-1,-7.630000E-3,0.43,0.01,0.43,0.01
-11.96,-8.33,-6.11,-11.96,-7.86,-6.11,7.000000E-3,-4.730300E-1,-8.680000E-3,0.47,0.01,0.47,0.01
-14.96,-8.42,-6.15,-14.97,-7.91,-6.14,6.000000E-3,-5.133000E-1,-9.280000E-3,0.51,0.01,0.51,0.01
-17.98,-8.59,-6.21,-17.99,-8.03,-6.20,5.500000E-3,-5.522000E-1,-1.159000E-2,0.55,0.01,0.55,0.01
-21.18,-8.86,-6.33,-21.18,-8.28,-6.31,4.500000E-3,-5.852800E-1,-1.418000E-2,0.59,0.00,0.59,0.01
-24.64,-8.12,-6.36,-24.63,-7.50,-6.34,-5.700000E-3,-6.182800E-1,-1.360000E-2,0.62,0.01,0.62,0.01
-27.54,-6.35,-6.17,-27.51,-5.70,-6.16,-2.920000E-2,-6.507400E-1,-9.710000E-3,0.65,0.03,0.65,0.01
-30.34,-5.05,-6.07,-30.30,-4.38,-6.06,-4.190000E-2,-6.741600E-1,-8.380000E-3,0.68,0.04,0.67,0.01
-33.25,-4.26,-6.04,-33.20,-3.57,-6.04,-4.500000E-2,-6.828400E-1,-6.570000E-3,0.68,0.05,0.68,0.01
-36.18,-3.62,-6.03,-36.14,-2.95,-6.02,-4.420000E-2,-6.744900E-1,-5.810000E-3,0.68,0.04,0.67,0.01
-39.14,-3.10,-6.02,-39.10,-2.44,-6.01,-4.060000E-2,-6.513300E-1,-4.410000E-3,0.65,0.04,0.65,0.00
-42.11,-2.65,-6.01,-42.07,-2.04,-6.01,-3.630000E-2,-6.151100E-1,-3.690000E-3,0.62,0.04,0.62,0.00
-45.08,-2.26,-6.01,-45.05,-1.70,-6.00,-3.110000E-2,-5.675400E-1,-2.660000E-3,0.57,0.03,0.57,0.00
-48.06,-1.92,-6.00,-48.03,-1.41,-6.00,-2.600000E-2,-5.104800E-1,-2.110000E-3,0.51,0.03,0.51,0.00
-51.04,-1.60,-6.00,-51.02,-1.15,-6.00,-2.080000E-2,-4.459400E-1,-1.390000E-3,0.45,0.02,0.45,0.00
-54.03,-1.31,-6.00,-54.01,-0.933827,-6.00,-1.590000E-2,-3.763130E-1,-1.050000E-3,0.38,0.02,0.38,0.00
-57.02,-1.04,-6.00,-57.01,-0.739638,-6.00,-1.130000E-2,-3.040020E-1,-5.800000E-4,0.30,0.01,0.30,0.00
-60.01,-0.799148,-6.00,-60.00,-0.567422,-6.00,-7.300000E-3,-2.317260E-1,-3.600000E-4,0.23,0.01,0.23,0.00
-63.00,-0.576544,-6.00,-63.00,-0.413897,-6.00,-3.900000E-3,-1.626470E-1,-9.000000E-5,0.16,0.00,0.16,0.00
-66.00,-0.377387,-6.00,-66.00,-0.277116,-6.00,-1.500000E-3,-1.002710E-1,0.000000E+0,0.10,0.00,0.10,0
-68.99,-0.203339,-6.00,-68.99,-0.154543,-6.00,1.000000E-4,-4.879600E-2,8.000000E-5,0.05,0.00,0.05,0.00
-71.99,-0.061744,-6.00,-71.99,-0.048551,-6.00,7.000000E-4,-1.319310E-2,5.000000E-5,0.01,0.00,0.01,0.00
-75,0.000000,-6,-75,0.000000,-6,0.000000E+0,0.000000E+0,0.000000E+0,0,0,0,0
75,0.000000,-9,75,0.000000,-9,0.000000E+0,0.000000E+0,0.000000E+0,0,0,0,0
71.99,-0.044530,-9.00,71.99,-0.042397,-9.00,-3.000000E-4,-2.132800E-3,2.000000E-5,0.00,0.00,0.00,0.00
68.99,-0.144547,-9.00,68.99,-0.136745,-9.00,-5.000000E-4,-7.802000E-3,4.000000E-5,0.01,0.00,0.01,0.00
66.00,-0.262651,-9.00,66.00,-0.246766,-9.00,-5.000000E-4,-1.588500E-2,4.000000E-5,0.02,0.00,0.02,0.00
63.00,-0.395730,-9.00,63.00,-0.370163,-9.00,-5.000000E-4,-2.556700E-2,1.000000E-5,0.03,0.00,0.03,0.00
60.00,-0.545086,-9.00,60.00,-0.508907,-9.00,-3.000000E-4,-3.617900E-2,-2.000000E-5,0.04,0.00,0.04,0.00
57.01,-0.712023,-9.00,57.01,-0.664854,-9.00,1.000000E-4,-4.716900E-2,-1.200000E-4,0.05,0.00,0.05,0.00
54.01,-0.898754,-9.00,54.01,-0.840714,-9.00,3.000000E-4,-5.804000E-2,-1.700000E-4,0.06,0.00,0.06,0.00
51.02,-1.11,-9.00,51.02,-1.04,-9.00,8.000000E-4,-6.837000E-2,-3.300000E-4,0.07,0.00,0.07,0.00
48.03,-1.35,-9.00,48.03,-1.27,-9.00,1.400000E-3,-7.796000E-2,-4.600000E-4,0.08,0.00,0.08,0.00
45.04,-1.62,-9.01,45.04,-1.53,-9.00,1.800000E-3,-8.655000E-2,-7.000000E-4,0.09,0.00,0.09,0.00
42.06,-1.93,-9.01,42.06,-1.83,-9.01,2.500000E-3,-9.413000E-2,-8.900000E-4,0.09,0.00,0.09,0.00
39.08,-2.29,-9.01,39.08,-2.19,-9.01,3.100000E-3,-1.008200E-1,-1.220000E-3,0.10,0.00,0.10,0.00
36.11,-2.73,-9.01,36.11,-2.62,-9.01,4.000000E-3,-1.068700E-1,-1.500000E-3,0.11,0.00,0.11,0.00
33.17,-3.27,-9.02,33.16,-3.16,-9.01,5.000000E-3,-1.124900E-1,-1.860000E-3,0.11,0.01,0.11,0.00
30.24,-3.96,-9.02,30.23,-3.84,-9.02,6.300000E-3,-1.177900E-1,-2.200000E-3,0.12,0.01,0.12,0.00
27.37,-4.85,-9.02,27.36,-4.73,-9.02,8.000000E-3,-1.235000E-1,-2.230000E-3,0.12,0.01,0.12,0.00
24.68,-6.38,-8.97,24.67,-6.25,-8.96,1.060000E-2,-1.275700E-1,-3.130000E-3,0.13,0.01,0.13,0.00
21.75,-8.13,-8.86,21.73,-7.99,-8.86,1.430000E-2,-1.349200E-1,-4.300000E-3,0.14,0.01,0.13,0.00
18.31,-8.36,-8.76,18.29,-8.21,-8.75,1.490000E-2,-1.528300E-1,-5.730000E-3,0.15,0.01,0.15,0.01
15.11,-7.92,-8.82,15.10,-7.75,-8.81,1.200000E-2,-1.734100E-1,-3.540000E-3,0.17,0.01,0.17,0.00
12.08,-7.89,-8.85,12.07,-7.70,-8.85,1.150000E-2,-1.960300E-1,-4.490000E-3,0.20,0.01,0.20,0.00
9.08,-7.91,-8.89,9.07,-7.69,-8.88,1.099000E-2,-2.219800E-1,-4.510000E-3,0.22,0.01,0.22,0.00
6.08,-7.94,-8.92,6.07,-7.69,-8.91,1.081000E-2,-2.498600E-1,-4.980000E-3,0.25,0.01,0.25,0.00
3.08,-7.98,-8.95,3.07,-7.70,-8.95,1.031000E-2,-2.803100E-1,-5.300000E-3,0.28,0.01,0.28,0.01
0.076591,-8.02,-8.98,0.066434,-7.71,-8.98,1.015640E-2,-3.125000E-1,-5.650000E-3,0.31,0.01,0.31,0.01
-2.92,-8.07,-9.02,-2.93,-7.72,-9.01,9.580000E-3,-3.467800E-1,-6.230000E-3,0.35,0.01,0.35,0.01
-5.92,-8.13,-9.05,-5.93,-7.74,-9.04,9.420000E-3,-3.824100E-1,-6.520000E-3,0.38,0.01,0.38,0.01
-8.92,-8.18,-9.08,-8.93,-7.77,-9.07,8.650000E-3,-4.190100E-1,-7.460000E-3,0.42,0.01,0.42,0.01
-11.93,-8.25,-9.11,-11.93,-7.79,-9.11,8.300000E-3,-4.558200E-1,-7.790000E-3,0.46,0.01,0.46,0.01
-14.93,-8.31,-9.15,-14.94,-7.82,-9.14,7.500000E-3,-4.911000E-1,-9.510000E-3,0.49,0.01,0.49,0.01
-17.96,-8.54,-9.24,-17.97,-8.02,-9.23,8.600000E-3,-5.193100E-1,-1.183000E-2,0.52,0.01,0.52,0.01
-21.23,-8.74,-9.40,-21.24,-8.19,-9.38,9.800000E-3,-5.428400E-1,-1.789000E-2,0.54,0.01,0.54,0.02
-24.56,-7.65,-9.40,-24.56,-7.07,-9.38,-2.700000E-3,-5.830700E-1,-1.315000E-2,0.58,0.00,0.58,0.01
-27.46,-5.96,-9.18,-27.43,-5.33,-9.17,-2.750000E-2,-6.267800E-1,-1.027000E-2,0.63,0.03,0.63,0.01
-30.31,-4.86,-9.09,-30.27,-4.21,-9.08,-3.920000E-2,-6.565800E-1,-8.380000E-3,0.66,0.04,0.66,0.01
-33.23,-4.12,-9.05,-33.19,-3.46,-9.05,-4.270000E-2,-6.665200E-1,-7.740000E-3,0.67,0.04,0.67,0.01
-36.17,-3.53,-9.03,-36.13,-2.87,-9.03,-4.160000E-2,-6.596900E-1,-6.460000E-3,0.66,0.04,0.66,0.01
-39.13,-3.02,-9.02,-39.09,-2.39,-9.02,-3.890000E-2,-6.375900E-1,-5.500000E-3,0.64,0.04,0.64,0.01
-42.10,-2.59,-9.01,-42.07,-1.99,-9.01,-3.450000E-2,-6.023700E-1,-4.210000E-3,0.60,0.03,0.60,0.00
-45.08,-2.22,-9.01,-45.05,-1.66,-9.01,-3.000000E-2,-5.559100E-1,-3.350000E-3,0.56,0.03,0.56,0.00
-48.06,-1.88,-9.01,-48.03,-1.38,-9.00,-2.490000E-2,-4.999700E-1,-2.330000E-3,0.50,0.02,0.50,0.00
-51.04,-1.57,-9.00,-51.02,-1.13,-9.00,-2.000000E-2,-4.367800E-1,-1.720000E-3,0.44,0.02,0.44,0.00
-54.03,-1.28,-9.00,-54.01,-0.915510,-9.00,-1.510000E-2,-3.685800E-1,-1.020000E-3,0.37,0.02,0.37,0.00
-57.02,-1.02,-9.00,-57.01,-0.724825,-9.00,-1.090000E-2,-2.977050E-1,-6.400000E-4,0.30,0.01,0.30,0.00
-60.01,-0.782525,-9.00,-60.00,-0.555643,-9.00,-6.900000E-3,-2.268820E-1,-2.100000E-4,0.23,0.01,0.23,0.00
-63.00,-0.564187,-9.00,-63.00,-0.405000,-9.00,-3.800000E-3,-1.591870E-1,-1.000000E-5,0.16,0.00,0.16,0.00
-66.00,-0.368681,-9.00,-66.00,-0.270580,-9.00,-1.300000E-3,-9.810100E-2,1.600000E-4,0.10,0.00,0.10,0.00
-68.99,-0.198248,-9.00,-68.99,-0.150540,-9.00,2.000000E-4,-4.770800E-2,1.700000E-4,0.05,0.00,0.05,0.00
-71.99,-0.060181,-9.00,-71.99,-0.047287,-9.00,7.000000E-4,-1.289400E-2,1.300000E-4,0.01,0.00,0.01,0.00
-75,0.000000,-9,-75,0.000000,-9,0.000000E+0,0.000000E+0,0.000000E+0,0,0,0,0
75,0.000000,-12,75,0.000000,-12,0.000000E+0,0.000000E+0,0.000000E+0,0,0,0,0
71.99,-0.042874,-12.00,71.99,-0.040804,-12.00,-3.000000E-4,-2.070100E-3,0.000000E+0,0.00,0.00,0.00,0
68.99,-0.139094,-12,68.99,-0.131509,-12.00,-5.000000E-4,-7.585000E-3,1.000000E-4,0.01,0.00,0.01,0.00
66.00,-0.254079,-12.00,66.00,-0.238628,-12.00,-6.000000E-4,-1.545100E-2,0.000000E+0,0.02,0.00,0.02,0
63.00,-0.383936,-12.00,63.00,-0.359057,-12.00,-5.000000E-4,-2.487900E-2,0.000000E+0,0.02,0.00,0.02,0
60.00,-0.529645,-12.00,60.00,-0.494436,-12.00,-3.000000E-4,-3.520900E-2,-1.000000E-4,0.04,0.00,0.04,0.00
57.01,-0.692570,-12.00,57.01,-0.646649,-12.00,0.000000E+0,-4.592100E-2,-2.000000E-4,0.05,0,0.05,0.00
54.01,-0.874760,-12.00,54.01,-0.818222,-12.00,2.000000E-4,-5.653800E-2,-3.000000E-4,0.06,0.00,0.06,0.00
51.02,-1.08,-12.00,51.02,-1.01,-12.00,6.000000E-4,-6.669000E-2,-4.000000E-4,0.07,0.00,0.07,0.00
48.03,-1.31,-12.01,48.02,-1.23,-12.00,1.100000E-3,-7.611000E-2,-7.000000E-4,0.08,0.00,0.08,0.00
45.04,-1.57,-12.01,45.04,-1.49,-12.01,1.600000E-3,-8.466000E-2,-9.000000E-4,0.08,0.00,0.08,0.00
42.05,-1.87,-12.01,42.05,-1.78,-12.01,2.200000E-3,-9.226000E-2,-1.100000E-3,0.09,0.00,0.09,0.00
39.07,-2.22,-12.01,39.07,-2.12,-12.01,2.800000E-3,-9.908000E-2,-1.400000E-3,0.10,0.00,0.10,0.00
36.11,-2.63,-12.02,36.10,-2.53,-12.02,3.500000E-3,-1.053000E-1,-1.800000E-3,0.11,0.00,0.11,0.00
33.15,-3.14,-12.03,33.14,-3.03,-12.02,4.500000E-3,-1.112200E-1,-2.100000E-3,0.11,0.00,0.11,0.00
30.22,-3.77,-12.04,30.21,-3.66,-12.03,5.500000E-3,-1.170400E-1,-2.400000E-3,0.12,0.01,0.12,0.00
27.33,-4.60,-12.05,27.32,-4.48,-12.05,7.600000E-3,-1.230200E-1,-2.500000E-3,0.12,0.01,0.12,0.00
24.59,-5.86,-12.04,24.58,-5.73,-12.04,1.000000E-2,-1.288000E-1,-3.100000E-3,0.13,0.01,0.13,0.00
21.80,-7.58,-12.05,21.78,-7.45,-12.05,1.330000E-2,-1.346800E-1,-3.100000E-3,0.14,0.01,0.13,0.00
18.52,-8.47,-11.85,18.50,-8.33,-11.84,1.630000E-2,-1.474400E-1,-5.000000E-3,0.15,0.02,0.15,0.00
15.18,-8.18,-11.83,15.17,-8.01,-11.82,1.450000E-2,-1.694200E-1,-4.100000E-3,0.17,0.01,0.17,0.00
12.13,-7.94,-11.85,12.12,-7.74,-11.85,1.260000E-2,-1.922300E-1,-3.500000E-3,0.19,0.01,0.19,0.00
9.11,-7.91,-11.89,9.10,-7.70,-11.88,1.185000E-2,-2.158100E-1,-4.100000E-3,0.22,0.01,0.22,0.00
6.11,-7.92,-11.92,6.10,-7.68,-11.91,1.143000E-2,-2.428000E-1,-4.400000E-3,0.24,0.01,0.24,0.00
3.11,-7.94,-11.95,3.10,-7.67,-11.95,1.127000E-2,-2.712100E-1,-4.700000E-3,0.27,0.01,0.27,0.00
0.109808,-7.98,-11.98,0.098962,-7.67,-11.98,1.084630E-2,-3.016800E-1,-5.200000E-3,0.30,0.01,0.30,0.01
-2.89,-8.02,-12.01,-2.90,-7.68,-12.01,1.080000E-2,-3.334100E-1,-5.600000E-3,0.33,0.01,0.33,0.01
-5.89,-8.06,-12.05,-5.90,-7.70,-12.04,1.038000E-2,-3.662200E-1,-6.300000E-3,0.37,0.01,0.37,0.01
-8.89,-8.12,-12.08,-8.90,-7.72,-12.07,1.058000E-2,-3.993400E-1,-6.700000E-3,0.40,0.01,0.40,0.01
-11.90,-8.18,-12.12,-11.91,-7.75,-12.11,1.030000E-2,-4.313200E-1,-8.300000E-3,0.43,0.01,0.43,0.01
-14.90,-8.29,-12.17,-14.92,-7.83,-12.16,1.120000E-2,-4.607200E-1,-9.600000E-3,0.46,0.01,0.46,0.01
-17.98,-8.62,-12.30,-17.99,-8.13,-12.29,1.390000E-2,-4.828900E-1,-1.570000E-2,0.48,0.01,0.48,0.02
-21.33,-8.49,-12.52,-21.35,-7.98,-12.50,1.350000E-2,-5.096800E-1,-1.680000E-2,0.51,0.01,0.51,0.02
-24.51,-7.02,-12.41,-24.51,-6.46,-12.40,-4.300000E-3,-5.529600E-1,-1.320000E-2,0.55,0.00,0.55,0.01
-27.36,-5.50,-12.19,-27.34,-4.90,-12.18,-2.550000E-2,-5.976800E-1,-9.400000E-3,0.60,0.03,0.60,0.01
-30.27,-4.61,-12.10,-30.23,-3.98,-12.09,-3.550000E-2,-6.292200E-1,-8.500000E-3,0.63,0.04,0.63,0.01
-33.21,-3.93,-12.06,-33.17,-3.29,-12.05,-3.860000E-2,-6.426100E-1,-7.900000E-3,0.64,0.04,0.64,0.01
-36.16,-3.38,-12.04,-36.12,-2.75,-12.03,-3.850000E-2,-6.376700E-1,-7.100000E-3,0.64,0.04,0.64,0.01
-39.12,-2.91,-12.03,-39.09,-2.30,-12.02,-3.570000E-2,-6.175000E-1,-5.900000E-3,0.62,0.04,0.62,0.01
-42.09,-2.51,-12.02,-42.06,-1.92,-12.01,-3.230000E-2,-5.840300E-1,-4.800000E-3,0.58,0.03,0.58,0.00
-45.07,-2.15,-12.01,-45.04,-1.61,-12.01,-2.790000E-2,-5.392600E-1,-3.500000E-3,0.54,0.03,0.54,0.00
-48.05,-1.82,-12.01,-48.03,-1.34,-12.00,-2.340000E-2,-4.852100E-1,-2.700000E-3,0.49,0.02,0.49,0.00
-51.04,-1.52,-12.00,-51.02,-1.10,-12.00,-1.860000E-2,-4.240100E-1,-1.700000E-3,0.42,0.02,0.42,0.00
-54.03,-1.25,-12.00,-54.01,-0.888325,-12.00,-1.430000E-2,-3.578550E-1,-1.100000E-3,0.36,0.01,0.36,0.00
-57.02,-0.992025,-12.00,-57.01,-0.702975,-12.00,-1.010000E-2,-2.890500E-1,-5.000000E-4,0.29,0.01,0.29,0.00
-60.01,-0.758605,-12.00,-60.00,-0.538350,-12.00,-6.500000E-3,-2.202550E-1,-2.000000E-4,0.22,0.01,0.22,0.00
-63.00,-0.546376,-12,-63.00,-0.391875,-12.00,-3.400000E-3,-1.545010E-1,2.000000E-4,0.15,0.00,0.15,0.00
-66.00,-0.356076,-12.00,-66.00,-0.260910,-12.00,-1.200000E-3,-9.516600E-2,3.000000E-4,0.10,0.00,0.10,0.00
-68.99,-0.190652,-12.00,-68.99,-0.144405,-12.00,2.000000E-4,-4.624700E-2,3.000000E-4,0.05,0.00,0.05,0.00
-71.99,-0.057455,-12.00,-71.99,-0.044975,-12.00,7.000000E-4,-1.248030E-2,2.000000E-4,0.01,0.00,0.01,0.00
-75,0.000000,-12,-75,0.000000,-12,0.000000E+0,0.000000E+0,0.000000E+0,0,0,0,0
75,0.000000,-15,75,0.000000,-15,0.000000E+0,0.000000E+0,0.000000E+0,0,0,0,0
71.99,-0.040394,-15.00,71.99,-0.038389,-15.00,-3.000000E-4,-2.005000E-3,1.000000E-4,0.00,0.00,0.00,0.00
68.99,-0.132271,-15.00,69.00,-0.124910,-15.00,-5.000000E-4,-7.361000E-3,0.000000E+0,0.01,0.00,0.01,0
66.00,-0.243151,-15.00,66.00,-0.228142,-15.00,-6.000000E-4,-1.500900E-2,0.000000E+0,0.02,0.00,0.02,0
63.00,-0.368457,-15.00,63.00,-0.344285,-15.00,-6.000000E-4,-2.417200E-2,-1.000000E-4,0.02,0.00,0.02,0.00
60.00,-0.509620,-15.00,60.00,-0.475389,-15.00,-4.000000E-4,-3.423100E-2,-1.000000E-4,0.03,0.00,0.03,0.00
57.00,-0.667234,-15.00,57.00,-0.622584,-15.00,-2.000000E-4,-4.465000E-2,-2.000000E-4,0.04,0.00,0.04,0.00
54.01,-0.843264,-15.00,54.01,-0.788228,-15.00,0.000000E+0,-5.503600E-2,-4.000000E-4,0.06,0,0.06,0.00
51.02,-1.04,-15.00,51.01,-0.975121,-15.00,5.000000E-4,-6.500900E-2,-5.000000E-4,0.07,0.00,0.07,0.00
48.02,-1.26,-15.01,48.02,-1.19,-15.01,8.000000E-4,-7.433000E-2,-8.000000E-4,0.07,0.00,0.07,0.00
45.03,-1.51,-15.01,45.03,-1.43,-15.01,1.200000E-3,-8.287000E-2,-1.100000E-3,0.08,0.00,0.08,0.00
42.05,-1.79,-15.01,42.05,-1.70,-15.01,1.800000E-3,-9.058000E-2,-1.300000E-3,0.09,0.00,0.09,0.00
39.07,-2.12,-15.02,39.06,-2.02,-15.02,2.300000E-3,-9.758000E-2,-1.600000E-3,0.10,0.00,0.10,0.00
36.09,-2.51,-15.02,36.09,-2.40,-15.02,3.000000E-3,-1.041200E-1,-2.000000E-3,0.10,0.00,0.10,0.00
33.13,-2.97,-15.03,33.13,-2.86,-15.03,3.700000E-3,-1.103100E-1,-2.300000E-3,0.11,0.00,0.11,0.00
30.18,-3.54,-15.05,30.18,-3.43,-15.05,4.900000E-3,-1.166900E-1,-2.700000E-3,0.12,0.00,0.12,0.00
27.27,-4.26,-15.07,27.27,-4.14,-15.06,6.200000E-3,-1.227400E-1,-2.800000E-3,0.12,0.01,0.12,0.00
24.42,-5.24,-15.11,24.42,-5.11,-15.11,8.900000E-3,-1.302600E-1,-3.100000E-3,0.13,0.01,0.13,0.00
21.71,-6.68,-15.16,21.70,-6.55,-15.16,1.160000E-2,-1.364600E-1,-2.500000E-3,0.14,0.01,0.14,0.00
18.75,-8.16,-15.12,18.73,-8.01,-15.12,1.510000E-2,-1.437100E-1,-3.500000E-3,0.14,0.02,0.14,0.00
15.39,-8.50,-14.87,15.37,-8.34,-14.87,1.750000E-2,-1.639200E-1,-4.600000E-3,0.16,0.02,0.16,0.00
12.19,-8.14,-14.87,12.18,-7.95,-14.87,1.480000E-2,-1.871900E-1,-3.300000E-3,0.19,0.01,0.19,0.00
9.16,-7.94,-14.89,9.14,-7.73,-14.89,1.350000E-2,-2.095100E-1,-3.600000E-3,0.21,0.01,0.21,0.00
6.14,-7.91,-14.92,6.13,-7.68,-14.92,1.281000E-2,-2.335600E-1,-3.800000E-3,0.23,0.01,0.23,0.00
3.14,-7.91,-14.95,3.13,-7.65,-14.95,1.227000E-2,-2.604200E-1,-4.300000E-3,0.26,0.01,0.26,0.00
0.141991,-7.92,-14.98,0.129853,-7.63,-14.98,1.213800E-2,-2.885700E-1,-4.600000E-3,0.29,0.01,0.29,0.00
-2.86,-7.95,-15.02,-2.87,-7.64,-15.01,1.199000E-2,-3.175800E-1,-5.300000E-3,0.32,0.01,0.32,0.01
-5.86,-8.01,-15.05,-5.87,-7.66,-15.04,1.241000E-2,-3.471200E-1,-5.800000E-3,0.35,0.01,0.35,0.01
-8.86,-8.07,-15.09,-8.87,-7.70,-15.08,1.253000E-2,-3.765200E-1,-7.300000E-3,0.38,0.01,0.38,0.01
-11.86,-8.18,-15.14,-11.88,-7.78,-15.13,1.410000E-2,-4.051700E-1,-8.500000E-3,0.41,0.01,0.41,0.01
-14.87,-8.48,-15.24,-14.89,-8.05,-15.23,1.650000E-2,-4.289400E-1,-1.310000E-2,0.43,0.02,0.43,0.01
-18.10,-8.68,-15.48,-18.12,-8.22,-15.46,1.840000E-2,-4.516300E-1,-1.690000E-2,0.45,0.02,0.45,0.02
-21.43,-7.79,-15.59,-21.44,-7.30,-15.58,1.170000E-2,-4.842700E-1,-1.440000E-2,0.48,0.01,0.48,0.01
-24.43,-6.24,-15.34,-24.42,-5.71,-15.33,-7.600000E-3,-5.281100E-1,-1.210000E-2,0.53,0.01,0.53,0.01
-27.28,-5.06,-15.18,-27.26,-4.49,-15.18,-2.440000E-2,-5.699200E-1,-8.900000E-3,0.57,0.02,0.57,0.01
-30.23,-4.30,-15.10,-30.19,-3.70,-15.09,-3.120000E-2,-5.994500E-1,-8.400000E-3,0.60,0.03,0.60,0.01
-33.17,-3.71,-15.07,-33.14,-3.09,-15.06,-3.450000E-2,-6.136900E-1,-7.800000E-3,0.61,0.03,0.61,0.01
-36.14,-3.21,-15.04,-36.10,-2.60,-15.04,-3.420000E-2,-6.108000E-1,-7.100000E-3,0.61,0.03,0.61,0.01
-39.11,-2.78,-15.03,-39.08,-2.18,-15.02,-3.240000E-2,-5.925500E-1,-6.100000E-3,0.59,0.03,0.59,0.01
-42.08,-2.40,-15.02,-42.06,-1.84,-15.01,-2.920000E-2,-5.611100E-1,-4.800000E-3,0.56,0.03,0.56,0.00
-45.06,-2.06,-15.01,-45.04,-1.54,-15.01,-2.550000E-2,-5.185300E-1,-3.800000E-3,0.52,0.03,0.52,0.00
-48.05,-1.75,-15.01,-48.03,-1.28,-15.01,-2.120000E-2,-4.668600E-1,-2.700000E-3,0.47,0.02,0.47,0.00
-51.04,-1.46,-15.01,-51.02,-1.05,-15.00,-1.710000E-2,-4.081500E-1,-1.800000E-3,0.41,0.02,0.41,0.00
-54.02,-1.20,-15.00,-54.01,-0.853086,-15.00,-1.300000E-2,-3.445540E-1,-1.000000E-3,0.34,0.01,0.34,0.00
-57.02,-0.953102,-15.00,-57.01,-0.674771,-15.00,-9.200000E-3,-2.783310E-1,-5.000000E-4,0.28,0.01,0.28,0.00
-60.01,-0.728102,-15.00,-60.00,-0.516015,-15.00,-5.900000E-3,-2.120870E-1,0.000000E+0,0.21,0.01,0.21,0
-63.00,-0.523374,-15.00,-63.00,-0.374640,-15.00,-3.100000E-3,-1.487340E-1,3.000000E-4,0.15,0.00,0.15,0.00
-66.00,-0.340140,-15.00,-66.00,-0.248569,-15.00,-1.000000E-3,-9.157100E-2,4.000000E-4,0.09,0.00,0.09,0.00
-68.99,-0.181313,-15.00,-68.99,-0.136853,-15.00,2.000000E-4,-4.446000E-2,3.000000E-4,0.04,0.00,0.04,0.00
-71.99,-0.054280,-15.00,-71.99,-0.042300,-15.00,6.000000E-4,-1.198050E-2,3.000000E-4,0.01,0.00,0.01,0.00
-75,0.000000,-15,-75,0.000000,-15,0.000000E+0,0.000000E+0,0.000000E+0,0,0,0,0
75,0.000000,-18,75,0.000000,-18,0.000000E+0,0.000000E+0,0.000000E+0,0,0,0,0
71.99,-0.037459,-18.00,72.00,-0.035526,-18.00,-4.000000E-4,-1.932500E-3,0.000000E+0,0.00,0.00,0.00,0
68.99,-0.124175,-18.00,69.00,-0.117052,-18.00,-5.000000E-4,-7.123000E-3,0.000000E+0,0.01,0.00,0.01,0
66.00,-0.229778,-18.00,66.00,-0.215242,-18.00,-7.000000E-4,-1.453600E-2,0.000000E+0,0.01,0.00,0.01,0
63.00,-0.349925,-18.00,63.00,-0.326490,-18.00,-6.000000E-4,-2.343500E-2,-1.000000E-4,0.02,0.00,0.02,0.00
60.00,-0.485123,-18.00,60.00,-0.451921,-18.00,-5.000000E-4,-3.320200E-2,-2.000000E-4,0.03,0.00,0.03,0.00
57.00,-0.636370,-18.00,57.00,-0.593012,-18.00,-3.000000E-4,-4.335800E-2,-2.000000E-4,0.04,0.00,0.04,0.00
54.01,-0.805104,-18.00,54.01,-0.751611,-18.00,-1.000000E-4,-5.349300E-2,-5.000000E-4,0.05,0.00,0.05,0.00
51.01,-0.99,-18.00,51.01,-0.929993,-18.00,2.000000E-4,-6.332000E-2,-6.000000E-4,0.06,0.00,0.06,0.00
48.02,-1.20,-18.01,48.02,-1.13,-18.01,5.000000E-4,-7.257000E-2,-9.000000E-4,0.07,0.00,0.07,0.00
45.03,-1.44,-18.01,45.03,-1.36,-18.01,9.000000E-4,-8.116000E-2,-1.100000E-3,0.08,0.00,0.08,0.00
42.04,-1.71,-18.01,42.04,-1.62,-18.01,1.300000E-3,-8.903000E-2,-1.400000E-3,0.09,0.00,0.09,0.00
39.06,-2.01,-18.02,39.06,-1.91,-18.02,1.800000E-3,-9.634000E-2,-1.800000E-3,0.10,0.00,0.10,0.00
36.08,-2.36,-18.03,36.08,-2.26,-18.03,2.300000E-3,-1.031600E-1,-2.200000E-3,0.10,0.00,0.10,0.00
33.11,-2.78,-18.04,33.11,-2.67,-18.04,3.000000E-3,-1.099000E-1,-2.600000E-3,0.11,0.00,0.11,0.00
30.15,-3.28,-18.06,30.15,-3.16,-18.05,3.900000E-3,-1.164100E-1,-2.800000E-3,0.12,0.00,0.12,0.00
27.21,-3.89,-18.08,27.21,-3.77,-18.08,5.300000E-3,-1.236200E-1,-3.300000E-3,0.12,0.01,0.12,0.00
24.31,-4.65,-18.12,24.30,-4.52,-18.12,6.900000E-3,-1.309900E-1,-2.900000E-3,0.13,0.01,0.13,0.00
21.50,-5.72,-18.19,21.49,-5.58,-18.18,1.020000E-2,-1.395200E-1,-3.600000E-3,0.14,0.01,0.14,0.00
18.72,-7.12,-18.28,18.71,-6.97,-18.28,1.280000E-2,-1.469500E-1,-2.000000E-3,0.15,0.01,0.15,0.00
15.67,-8.28,-18.20,15.65,-8.12,-18.20,1.630000E-2,-1.573200E-1,-3.900000E-3,0.16,0.02,0.16,0.00
12.38,-8.50,-17.96,12.36,-8.32,-17.96,1.890000E-2,-1.796600E-1,-4.200000E-3,0.18,0.02,0.18,0.00
9.25,-8.21,-17.92,9.23,-8.01,-17.91,1.663000E-2,-2.020700E-1,-3.600000E-3,0.20,0.02,0.20,0.00
6.20,-8.00,-17.93,6.18,-7.77,-17.93,1.495000E-2,-2.245200E-1,-3.800000E-3,0.23,0.01,0.22,0.00
3.18,-7.89,-17.96,3.17,-7.65,-17.96,1.419000E-2,-2.486800E-1,-4.100000E-3,0.25,0.01,0.25,0.00
0.178687,-7.87,-17.99,0.165000,-7.60,-17.99,1.368700E-2,-2.742500E-1,-4.400000E-3,0.27,0.01,0.27,0.00
-2.82,-7.89,-18.03,-2.84,-7.59,-18.02,1.381000E-2,-3.010200E-1,-5.000000E-3,0.30,0.01,0.30,0.00
-5.82,-7.96,-18.07,-5.84,-7.63,-18.07,1.445000E-2,-3.276700E-1,-6.200000E-3,0.33,0.01,0.33,0.01
-8.82,-8.13,-18.12,-8.84,-7.77,-18.11,1.656000E-2,-3.541900E-1,-7.700000E-3,0.35,0.02,0.35,0.01
-11.82,-8.44,-18.24,-11.84,-8.07,-18.23,1.870000E-2,-3.779000E-1,-1.170000E-2,0.38,0.02,0.38,0.01
-14.96,-8.65,-18.49,-14.98,-8.25,-18.48,2.100000E-2,-3.999200E-1,-1.500000E-2,0.40,0.02,0.40,0.02
-18.30,-8.05,-18.69,-18.32,-7.62,-18.68,1.810000E-2,-4.281600E-1,-1.410000E-2,0.43,0.02,0.43,0.01
-21.38,-6.73,-18.54,-21.38,-6.26,-18.53,4.800000E-3,-4.660600E-1,-1.210000E-2,0.47,0.00,0.47,0.01
-24.30,-5.48,-18.30,-24.29,-4.98,-18.29,-1.220000E-2,-5.067300E-1,-1.030000E-2,0.51,0.01,0.51,0.01
-27.24,-4.62,-18.16,-27.22,-4.08,-18.15,-2.180000E-2,-5.430900E-1,-8.600000E-3,0.54,0.02,0.54,0.01
-30.18,-3.97,-18.10,-30.15,-3.40,-18.09,-2.800000E-2,-5.704800E-1,-8.100000E-3,0.57,0.03,0.57,0.01
-33.15,-3.45,-18.06,-33.12,-2.87,-18.06,-3.010000E-2,-5.831400E-1,-7.600000E-3,0.58,0.03,0.58,0.01
-36.12,-3.01,-18.04,-36.09,-2.43,-18.04,-3.030000E-2,-5.810200E-1,-6.800000E-3,0.58,0.03,0.58,0.01
-39.09,-2.62,-18.03,-39.07,-2.05,-18.02,-2.860000E-2,-5.643300E-1,-5.900000E-3,0.57,0.03,0.56,0.01
-42.07,-2.27,-18.02,-42.05,-1.74,-18.01,-2.600000E-2,-5.348900E-1,-4.900000E-3,0.54,0.03,0.53,0.00
-45.06,-1.96,-18.01,-45.03,-1.46,-18.01,-2.270000E-2,-4.947000E-1,-3.700000E-3,0.50,0.02,0.49,0.00
-48.04,-1.66,-18.01,-48.02,-1.22,-18.01,-1.910000E-2,-4.456600E-1,-2.700000E-3,0.45,0.02,0.45,0.00
-51.03,-1.39,-18.01,-51.02,-1.001880,-18.00,-1.530000E-2,-3.898100E-1,-1.700000E-3,0.39,0.02,0.39,0.00
-54.02,-1.14,-18.00,-54.01,-0.810748,-18.00,-1.170000E-2,-3.291420E-1,-9.000000E-4,0.33,0.01,0.33,0.00
-57.01,-0.906601,-18.00,-57.01,-0.640687,-18.00,-8.200000E-3,-2.659140E-1,-3.000000E-4,0.27,0.01,0.27,0.00
-60.01,-0.691709,-18.00,-60.00,-0.489079,-18.00,-5.300000E-3,-2.026300E-1,2.000000E-4,0.20,0.01,0.20,0.00
-63.00,-0.496251,-18.00,-63.00,-0.354189,-18.00,-2.700000E-3,-1.420620E-1,5.000000E-4,0.14,0.00,0.14,0.00
-66.00,-0.321445,-18.00,-66.00,-0.234026,-18.00,-9.000000E-4,-8.741900E-2,6.000000E-4,0.09,0.00,0.09,0.00
-68.99,-0.170051,-18.00,-69.00,-0.127646,-18.00,3.000000E-4,-4.240500E-2,5.000000E-4,0.04,0.00,0.04,0.00
-71.99,-0.050872,-18.00,-71.99,-0.039464,-18.00,6.000000E-4,-1.140820E-2,3.000000E-4,0.01,0.00,0.01,0.00
-75,0.000000,-18,-75,0.000000,-18,0.000000E+0,0.000000E+0,0.000000E+0,0,0,0,0
75,0.000000,-21,75,0.000000,-21,0.000000E+0,0.000000E+0,0.000000E+0,0,0,0,0
72.00,-0.034283,-21.00,72.00,-0.032430,-21.00,-4.000000E-4,-1.853700E-3,0.000000E+0,0.00,0.00,0.00,0
69.00,-0.114905,-21.00,69.00,-0.108050,-21.00,-5.000000E-4,-6.855000E-3,0.000000E+0,0.01,0.00,0.01,0
66.00,-0.214369,-21.00,66.00,-0.200347,-21.00,-6.000000E-4,-1.402200E-2,0.000000E+0,0.01,0.00,0.01,0
63.00,-0.328524,-21.00,63.00,-0.305892,-21.00,-6.000000E-4,-2.263200E-2,0.000000E+0,0.02,0.00,0.02,0
60.00,-0.457357,-21.00,60.00,-0.425242,-21.00,-6.000000E-4,-3.211500E-2,-2.000000E-4,0.03,0.00,0.03,0.00
57.00,-0.601042,-21.00,57.00,-0.559050,-21.00,-5.000000E-4,-4.199200E-2,-3.000000E-4,0.04,0.00,0.04,0.00
54.01,-0.761325,-21.00,54.01,-0.709411,-21.00,-3.000000E-4,-5.191400E-2,-4.000000E-4,0.05,0.00,0.05,0.00
51.01,-0.939510,-21.00,51.01,-0.877932,-21.00,-1.000000E-4,-6.157800E-2,-7.000000E-4,0.06,0.00,0.06,0.00
48.02,-1.14,-21.01,48.02,-1.07,-21.01,2.000000E-4,-7.081000E-2,-8.000000E-4,0.07,0.00,0.07,0.00
45.03,-1.36,-21.01,45.02,-1.28,-21.01,5.000000E-4,-7.948000E-2,-1.300000E-3,0.08,0.00,0.08,0.00
42.04,-1.61,-21.02,42.03,-1.52,-21.01,8.000000E-4,-8.759000E-2,-1.500000E-3,0.09,0.00,0.09,0.00
39.05,-1.89,-21.02,39.05,-1.79,-21.02,1.200000E-3,-9.519000E-2,-1.900000E-3,0.10,0.00,0.10,0.00
36.07,-2.20,-21.03,36.06,-2.10,-21.03,1.700000E-3,-1.025000E-1,-2.300000E-3,0.10,0.00,0.10,0.00
33.09,-2.57,-21.04,33.09,-2.46,-21.04,2.200000E-3,-1.096200E-1,-2.700000E-3,0.11,0.00,0.11,0.00
30.12,-3.01,-21.06,30.12,-2.89,-21.06,3.100000E-3,-1.169600E-1,-3.100000E-3,0.12,0.00,0.12,0.00
27.16,-3.52,-21.08,27.16,-3.39,-21.08,3.900000E-3,-1.245000E-1,-3.300000E-3,0.12,0.00,0.12,0.00
24.23,-4.13,-21.12,24.22,-4.00,-21.12,5.600000E-3,-1.326600E-1,-3.900000E-3,0.13,0.01,0.13,0.00
21.31,-4.87,-21.18,21.31,-4.73,-21.18,7.400000E-3,-1.418500E-1,-3.400000E-3,0.14,0.01,0.14,0.00
18.46,-5.87,-21.28,18.45,-5.72,-21.28,1.110000E-2,-1.520400E-1,-4.100000E-3,0.15,0.01,0.15,0.00
15.65,-7.09,-21.39,15.63,-6.93,-21.38,1.350000E-2,-1.605200E-1,-2.100000E-3,0.16,0.01,0.16,0.00
12.63,-8.14,-21.37,12.61,-7.97,-21.37,1.660000E-2,-1.726200E-1,-3.600000E-3,0.17,0.02,0.17,0.00
9.43,-8.52,-21.18,9.41,-8.33,-21.18,2.018000E-2,-1.936800E-1,-4.200000E-3,0.19,0.02,0.19,0.00
6.30,-8.38,-21.07,6.28,-8.17,-21.07,1.988000E-2,-2.155500E-1,-5.000000E-3,0.22,0.02,0.22,0.00
3.26,-8.26,-21.05,3.25,-8.02,-21.05,1.899000E-2,-2.373900E-1,-5.300000E-3,0.24,0.02,0.24,0.01
0.252880,-8.23,-21.08,0.233829,-7.97,-21.07,1.905100E-2,-2.602200E-1,-6.100000E-3,0.26,0.02,0.26,0.01
-2.74,-8.24,-21.12,-2.76,-7.95,-21.11,1.919000E-2,-2.846100E-1,-6.900000E-3,0.29,0.02,0.28,0.01
-5.75,-8.33,-21.20,-5.77,-8.02,-21.19,1.993000E-2,-3.095100E-1,-8.400000E-3,0.31,0.02,0.31,0.01
-8.76,-8.50,-21.36,-8.78,-8.17,-21.35,2.078000E-2,-3.320000E-1,-1.070000E-2,0.33,0.02,0.33,0.01
-11.91,-8.51,-21.59,-11.93,-8.15,-21.58,2.250000E-2,-3.541900E-1,-1.260000E-2,0.36,0.02,0.35,0.01
-15.19,-7.91,-21.75,-15.21,-7.53,-21.74,1.980000E-2,-3.821200E-1,-1.250000E-2,0.38,0.02,0.38,0.01
-18.28,-6.79,-21.63,-18.29,-6.38,-21.62,9.400000E-3,-4.159900E-1,-1.100000E-2,0.42,0.01,0.42,0.01
-21.27,-5.68,-21.38,-21.26,-5.23,-21.37,-4.100000E-3,-4.526800E-1,-1.110000E-2,0.45,0.00,0.45,0.01
-24.21,-4.82,-21.23,-24.20,-4.33,-21.22,-1.360000E-2,-4.879300E-1,-8.700000E-3,0.49,0.01,0.49,0.01
-27.18,-4.17,-21.14,-27.16,-3.65,-21.14,-2.070000E-2,-5.190200E-1,-8.300000E-3,0.52,0.02,0.52,0.01
-30.15,-3.64,-21.09,-30.12,-3.10,-21.08,-2.440000E-2,-5.419600E-1,-7.600000E-3,0.54,0.02,0.54,0.01
-33.12,-3.19,-21.06,-33.09,-2.63,-21.05,-2.640000E-2,-5.527900E-1,-7.200000E-3,0.55,0.03,0.55,0.01
-36.10,-2.79,-21.04,-36.07,-2.24,-21.03,-2.620000E-2,-5.499700E-1,-6.300000E-3,0.55,0.03,0.55,0.01
-39.08,-2.45,-21.03,-39.05,-1.91,-21.02,-2.500000E-2,-5.341900E-1,-5.500000E-3,0.53,0.03,0.53,0.01
-42.06,-2.13,-21.02,-42.04,-1.62,-21.02,-2.270000E-2,-5.065100E-1,-4.500000E-3,0.51,0.02,0.51,0.00
-45.05,-1.84,-21.01,-45.03,-1.37,-21.01,-1.990000E-2,-4.686600E-1,-3.500000E-3,0.47,0.02,0.47,0.00
-48.04,-1.57,-21.01,-48.02,-1.14,-21.01,-1.670000E-2,-4.223800E-1,-2.400000E-3,0.42,0.02,0.42,0.00
-51.03,-1.31,-21.01,-51.01,-0.942364,-21.00,-1.360000E-2,-3.695460E-1,-1.600000E-3,0.37,0.01,0.37,0.00
-54.02,-1.07,-21.00,-54.01,-0.762456,-21.00,-1.020000E-2,-3.120940E-1,-8.000000E-4,0.31,0.01,0.31,0.00
-57.01,-0.854177,-21.00,-57.00,-0.602012,-21.00,-7.200000E-3,-2.521650E-1,-1.000000E-4,0.25,0.01,0.25,0.00
-60.01,-0.650694,-21.00,-60.00,-0.458560,-21.00,-4.500000E-3,-1.921340E-1,3.000000E-4,0.19,0.00,0.19,0.00
-63.00,-0.465505,-21.00,-63.00,-0.330840,-21.00,-2.300000E-3,-1.346650E-1,6.000000E-4,0.13,0.00,0.13,0.00
-66.00,-0.300186,-21.00,-66.00,-0.217370,-21.00,-6.000000E-4,-8.281600E-2,7.000000E-4,0.08,0.00,0.08,0.00
-69.00,-0.158072,-21.00,-69.00,-0.117937,-21.00,3.000000E-4,-4.013500E-2,5.000000E-4,0.04,0.00,0.04,0.00
-71.99,-0.046532,-21.00,-72.00,-0.035752,-21.00,5.000000E-4,-1.078000E-2,4.000000E-4,0.01,0.00,0.01,0.00
-75,0.000000,-21,-75,0.000000,-21,0.000000E+0,0.000000E+0,0.000000E+0,0,0,0,0
75,0.000000,-24,75,0.000000,-24,0.000000E+0,0.000000E+0,0.000000E+0,0,0,0,0
72.00,-0.031263,-24.00,72.00,-0.029503,-24.00,-3.000000E-4,-1.760100E-3,0.000000E+0,0.00,0.00,0.00,0
69.00,-0.104989,-24.00,69.00,-0.098429,-24.00,-5.000000E-4,-6.560300E-3,1.000000E-4,0.01,0.00,0.01,0.00
66.00,-0.197633,-24,66.00,-0.184184,-24,-7.000000E-4,-1.344900E-2,0.000000E+0,0.01,0.00,0.01,0
63.00,-0.304678,-24.00,63.00,-0.282920,-24.00,-7.000000E-4,-2.175800E-2,0.000000E+0,0.02,0.00,0.02,0
60.00,-0.425853,-24.00,60,-0.394922,-24.00,-7.000000E-4,-3.093100E-2,-1.000000E-4,0.03,0.00,0.03,0.00
57.00,-0.561612,-24.00,57.00,-0.521070,-24.00,-7.000000E-4,-4.054200E-2,-3.000000E-4,0.04,0.00,0.04,0.00
54.00,-0.712675,-24.00,54.01,-0.662438,-24.00,-6.000000E-4,-5.023700E-2,-5.000000E-4,0.05,0.00,0.05,0.00
51.01,-0.880002,-24.01,51.01,-0.820221,-24.00,-4.000000E-4,-5.978100E-2,-6.000000E-4,0.06,0.00,0.06,0.00
48.01,-1.07,-24.01,48.01,-1.00,-24.01,-2.000000E-4,-6.899000E-2,-1.000000E-3,0.07,0.00,0.07,0.00
45.02,-1.27,-24.01,45.02,-1.19,-24.01,1.000000E-4,-7.778000E-2,-1.200000E-3,0.08,0.00,0.08,0.00
42.03,-1.50,-24.01,42.03,-1.41,-24.01,4.000000E-4,-8.615000E-2,-1.600000E-3,0.09,0.00,0.09,0.00
39.04,-1.75,-24.02,39.04,-1.66,-24.02,7.000000E-4,-9.413000E-2,-1.900000E-3,0.09,0.00,0.09,0.00
36.05,-2.04,-24.03,36.05,-1.94,-24.03,1.100000E-3,-1.019100E-1,-2.400000E-3,0.10,0.00,0.10,0.00
33.07,-2.36,-24.04,33.07,-2.25,-24.04,1.500000E-3,-1.096400E-1,-2.800000E-3,0.11,0.00,0.11,0.00
30.09,-2.73,-24.06,30.09,-2.61,-24.05,2.100000E-3,-1.176000E-1,-3.200000E-3,0.12,0.00,0.12,0.00
27.12,-3.16,-24.08,27.12,-3.03,-24.08,3.000000E-3,-1.258100E-1,-3.700000E-3,0.13,0.00,0.13,0.00
24.16,-3.65,-24.11,24.16,-3.51,-24.11,3.800000E-3,-1.349100E-1,-4.000000E-3,0.14,0.00,0.13,0.00
21.21,-4.21,-24.16,21.20,-4.06,-24.16,5.500000E-3,-1.442700E-1,-4.500000E-3,0.14,0.01,0.14,0.00
18.28,-4.87,-24.23,18.27,-4.71,-24.22,7.300000E-3,-1.552500E-1,-4.400000E-3,0.16,0.01,0.16,0.00
15.36,-5.68,-24.35,15.35,-5.51,-24.35,1.070000E-2,-1.671200E-1,-5.000000E-3,0.17,0.01,0.17,0.00
12.49,-6.63,-24.47,12.47,-6.46,-24.47,1.320000E-2,-1.774000E-1,-2.800000E-3,0.18,0.01,0.18,0.00
9.51,-7.55,-24.54,9.50,-7.36,-24.54,1.558000E-2,-1.911700E-1,-3.900000E-3,0.19,0.02,0.19,0.00
6.45,-8.15,-24.49,6.43,-7.94,-24.48,1.895000E-2,-2.090900E-1,-3.900000E-3,0.21,0.02,0.21,0.00
3.39,-8.37,-24.41,3.37,-8.14,-24.40,2.087000E-2,-2.286600E-1,-5.800000E-3,0.23,0.02,0.23,0.01
0.334113,-8.42,-24.39,0.312617,-8.17,-24.39,2.149600E-2,-2.505700E-1,-6.700000E-3,0.25,0.02,0.25,0.01
-2.70,-8.41,-24.49,-2.72,-8.14,-24.48,2.186000E-2,-2.718100E-1,-7.900000E-3,0.27,0.02,0.27,0.01
-5.78,-8.31,-24.63,-5.80,-8.02,-24.62,2.201000E-2,-2.944200E-1,-8.700000E-3,0.30,0.02,0.29,0.01
-8.91,-8.02,-24.75,-8.93,-7.70,-24.74,2.189000E-2,-3.187000E-1,-9.700000E-3,0.32,0.02,0.32,0.01
-12.09,-7.34,-24.75,-12.11,-6.99,-24.74,1.730000E-2,-3.461400E-1,-1.050000E-2,0.35,0.02,0.35,0.01
-15.16,-6.42,-24.62,-15.17,-6.04,-24.61,8.400000E-3,-3.758600E-1,-1.010000E-2,0.38,0.01,0.38,0.01
-18.20,-5.57,-24.41,-18.20,-5.16,-24.40,-3.000000E-4,-4.078200E-1,-1.080000E-2,0.41,0.00,0.41,0.01
-21.17,-4.83,-24.27,-21.16,-4.39,-24.26,-8.300000E-3,-4.396800E-1,-8.900000E-3,0.44,0.01,0.44,0.01
-24.16,-4.23,-24.18,-24.15,-3.76,-24.17,-1.480000E-2,-4.702400E-1,-8.600000E-3,0.47,0.01,0.47,0.01
-27.14,-3.73,-24.12,-27.12,-3.24,-24.11,-1.900000E-2,-4.969900E-1,-7.700000E-3,0.50,0.02,0.50,0.01
-30.12,-3.30,-24.08,-30.09,-2.78,-24.07,-2.190000E-2,-5.149000E-1,-7.400000E-3,0.52,0.02,0.51,0.01
-33.10,-2.92,-24.05,-33.07,-2.39,-24.05,-2.280000E-2,-5.226400E-1,-6.600000E-3,0.52,0.02,0.52,0.01
-36.08,-2.58,-24.04,-36.06,-2.06,-24.03,-2.270000E-2,-5.187300E-1,-6.000000E-3,0.52,0.02,0.52,0.01
-39.07,-2.27,-24.03,-39.05,-1.76,-24.02,-2.150000E-2,-5.031200E-1,-5.000000E-3,0.50,0.02,0.50,0.01
-42.05,-1.98,-24.02,-42.03,-1.51,-24.01,-1.970000E-2,-4.768500E-1,-4.200000E-3,0.48,0.02,0.48,0.00
-45.04,-1.71,-24.01,-45.02,-1.27,-24.01,-1.720000E-2,-4.411700E-1,-3.100000E-3,0.44,0.02,0.44,0.00
-48.03,-1.46,-24.01,-48.02,-1.06,-24.01,-1.460000E-2,-3.976400E-1,-2.200000E-3,0.40,0.01,0.40,0.00
-51.02,-1.23,-24.01,-51.01,-0.877258,-24.00,-1.170000E-2,-3.479120E-1,-1.200000E-3,0.35,0.01,0.35,0.00
-54.02,-1.00,-24.00,-54.01,-0.709636,-24.00,-8.900000E-3,-2.938340E-1,-6.000000E-4,0.29,0.01,0.29,0.00
-57.01,-0.796819,-24.00,-57.00,-0.559415,-24.00,-6.200000E-3,-2.374040E-1,0.000000E+0,0.24,0.01,0.24,0
-60.00,-0.605992,-24.00,-60.00,-0.425142,-24.00,-3.800000E-3,-1.808500E-1,5.000000E-4,0.18,0.00,0.18,0.00
-63.00,-0.431931,-24.00,-63.00,-0.305226,-24.00,-1.900000E-3,-1.267050E-1,8.000000E-4,0.13,0.00,0.13,0.00
-66.00,-0.277164,-24.00,-66.00,-0.199296,-24.00,-5.000000E-4,-7.786800E-2,8.000000E-4,0.08,0.00,0.08,0.00
-69.00,-0.145014,-24.00,-69.00,-0.107322,-24.00,3.000000E-4,-3.769200E-2,6.000000E-4,0.04,0.00,0.04,0.00
-72.00,-0.042342,-24.00,-72.00,-0.032236,-24.00,6.000000E-4,-1.010590E-2,4.000000E-4,0.01,0.00,0.01,0.00
-75,0.000000,-24,-75,0.000000,-24,0.000000E+0,0.000000E+0,0.000000E+0,0,0,0,0
75,0.000000,-27,75,0.000000,-27,0.000000E+0,0.000000E+0,0.000000E+0,0,0,0,0
72.00,-0.027633,-27.00,72.00,-0.025973,-27.00,-4.000000E-4,-1.660500E-3,1.000000E-4,0.00,0.00,0.00,0.00
69.00,-0.094552,-27.00,69.00,-0.088324,-27.00,-5.000000E-4,-6.228100E-3,0.000000E+0,0.01,0.00,0.01,0
66.00,-0.179634,-27,66.00,-0.166814,-27,-7.000000E-4,-1.282000E-2,0.000000E+0,0.01,0.00,0.01,0
63.00,-0.279232,-27.00,63.00,-0.258438,-27.00,-8.000000E-4,-2.079400E-2,-1.000000E-4,0.02,0.00,0.02,0.00
60.00,-0.392513,-27.00,60.00,-0.362864,-27.00,-8.000000E-4,-2.964900E-2,-1.000000E-4,0.03,0.00,0.03,0.00
57.00,-0.519353,-27.00,57.00,-0.480382,-27.00,-8.000000E-4,-3.897100E-2,-3.000000E-4,0.04,0.00,0.04,0.00
54.00,-0.660247,-27.00,54.00,-0.611794,-27.00,-7.000000E-4,-4.845300E-2,-4.000000E-4,0.05,0.00,0.05,0.00
51.01,-0.816085,-27.00,51.01,-0.758218,-27.00,-6.000000E-4,-5.786700E-2,-6.000000E-4,0.06,0.00,0.06,0.00
48.01,-0.988057,-27.01,48.01,-0.920992,-27.01,-5.000000E-4,-6.706500E-2,-9.000000E-4,0.07,0.00,0.07,0.00
45.02,-1.18,-27.01,45.02,-1.10,-27.01,-3.000000E-4,-7.599000E-2,-1.200000E-3,0.08,0.00,0.08,0.00
42.02,-1.39,-27.01,42.02,-1.30,-27.01,0.000000E+0,-8.461000E-2,-1.500000E-3,0.08,0,0.08,0.00
39.03,-1.62,-27.02,39.03,-1.52,-27.02,2.000000E-4,-9.303000E-2,-2.000000E-3,0.09,0.00,0.09,0.00
36.04,-1.87,-27.03,36.04,-1.77,-27.03,4.000000E-4,-1.012900E-1,-2.400000E-3,0.10,0.00,0.10,0.00
33.05,-2.15,-27.04,33.05,-2.04,-27.03,8.000000E-4,-1.097200E-1,-2.800000E-3,0.11,0.00,0.11,0.00
30.07,-2.46,-27.05,30.07,-2.35,-27.05,1.300000E-3,-1.182100E-1,-3.400000E-3,0.12,0.00,0.12,0.00
27.09,-2.82,-27.07,27.09,-2.69,-27.07,1.800000E-3,-1.274200E-1,-3.900000E-3,0.13,0.00,0.13,0.00
24.11,-3.21,-27.10,24.11,-3.07,-27.10,2.700000E-3,-1.368300E-1,-4.500000E-3,0.14,0.00,0.14,0.00
21.14,-3.65,-27.14,21.14,-3.50,-27.13,3.500000E-3,-1.475600E-1,-4.900000E-3,0.15,0.00,0.15,0.00
18.16,-4.12,-27.19,18.16,-3.97,-27.19,5.100000E-3,-1.584600E-1,-5.500000E-3,0.16,0.01,0.16,0.01
15.20,-4.63,-27.25,15.20,-4.46,-27.24,6.300000E-3,-1.711500E-1,-5.500000E-3,0.17,0.01,0.17,0.01
12.24,-5.18,-27.33,12.23,-4.99,-27.33,8.500000E-3,-1.841800E-1,-6.300000E-3,0.18,0.01,0.18,0.01
9.25,-5.80,-27.48,9.24,-5.61,-27.48,1.118000E-2,-1.969300E-1,-4.600000E-3,0.20,0.01,0.20,0.00
6.27,-6.37,-27.58,6.25,-6.15,-27.58,1.301000E-2,-2.128800E-1,-6.100000E-3,0.21,0.01,0.21,0.01
3.26,-6.69,-27.63,3.24,-6.46,-27.62,1.430000E-2,-2.309800E-1,-5.700000E-3,0.23,0.01,0.23,0.01
0.222799,-6.83,-27.66,0.207903,-6.58,-27.65,1.489600E-2,-2.497500E-1,-6.700000E-3,0.25,0.01,0.25,0.01
-2.84,-6.84,-27.67,-2.86,-6.57,-27.66,1.516000E-2,-2.709400E-1,-7.200000E-3,0.27,0.02,0.27,0.01
-5.91,-6.66,-27.66,-5.93,-6.37,-27.66,1.412000E-2,-2.929600E-1,-8.500000E-3,0.29,0.01,0.29,0.01
-8.98,-6.26,-27.63,-8.99,-5.95,-27.62,1.033000E-2,-3.177500E-1,-9.800000E-3,0.32,0.01,0.32,0.01
-12.06,-5.72,-27.52,-12.07,-5.38,-27.51,5.000000E-3,-3.445800E-1,-1.030000E-2,0.34,0.01,0.34,0.01
-15.12,-5.15,-27.36,-15.12,-4.78,-27.35,-2.000000E-4,-3.722400E-1,-1.060000E-2,0.37,0.00,0.37,0.01
-18.12,-4.62,-27.27,-18.11,-4.22,-27.26,-5.900000E-3,-3.996900E-1,-9.200000E-3,0.40,0.01,0.40,0.01
-21.13,-4.15,-27.20,-21.12,-3.73,-27.19,-1.070000E-2,-4.277700E-1,-9.000000E-3,0.43,0.01,0.43,0.01
-24.11,-3.71,-27.14,-24.10,-3.26,-27.13,-1.470000E-2,-4.540300E-1,-8.000000E-3,0.45,0.01,0.45,0.01
-27.10,-3.32,-27.10,-27.09,-2.85,-27.09,-1.770000E-2,-4.747500E-1,-7.600000E-3,0.48,0.02,0.47,0.01
-30.09,-2.97,-27.07,-30.07,-2.48,-27.06,-1.910000E-2,-4.886200E-1,-6.700000E-3,0.49,0.02,0.49,0.01
-33.08,-2.65,-27.05,-33.06,-2.16,-27.04,-1.990000E-2,-4.930100E-1,-6.200000E-3,0.49,0.02,0.49,0.01
-36.07,-2.36,-27.03,-36.05,-1.87,-27.03,-1.940000E-2,-4.874200E-1,-5.300000E-3,0.49,0.02,0.49,0.01
-39.05,-2.08,-27.02,-39.04,-1.61,-27.02,-1.840000E-2,-4.717200E-1,-4.600000E-3,0.47,0.02,0.47,0.00
-42.04,-1.83,-27.02,-42.03,-1.38,-27.01,-1.680000E-2,-4.465200E-1,-3.600000E-3,0.45,0.02,0.45,0.00
-45.03,-1.58,-27.01,-45.02,-1.17,-27.01,-1.470000E-2,-4.128400E-1,-2.700000E-3,0.41,0.01,0.41,0.00
-48.03,-1.35,-27.01,-48.01,-0.979794,-27.01,-1.230000E-2,-3.719560E-1,-1.700000E-3,0.37,0.01,0.37,0.00
-51.02,-1.13,-27.01,-51.01,-0.808064,-27.00,-9.900000E-3,-3.253660E-1,-1.000000E-3,0.33,0.01,0.33,0.00
-54.01,-0.928102,-27.00,-54.01,-0.653361,-27.00,-7.400000E-3,-2.747410E-1,-3.000000E-4,0.27,0.01,0.27,0.00
-57.01,-0.736166,-27.00,-57.00,-0.514250,-27.00,-5.100000E-3,-2.219160E-1,3.000000E-4,0.22,0.01,0.22,0.00
-60.00,-0.558258,-27.00,-60.00,-0.389268,-27.00,-3.100000E-3,-1.689900E-1,7.000000E-4,0.17,0.00,0.17,0.00
-63.00,-0.396625,-27.00,-63.00,-0.278293,-27.00,-1.500000E-3,-1.183320E-1,9.000000E-4,0.12,0.00,0.12,0.00
-66.00,-0.252949,-27.00,-66.00,-0.180290,-27.00,-3.000000E-4,-7.265900E-2,9.000000E-4,0.07,0.00,0.07,0.00
-69.00,-0.130988,-27.00,-69.00,-0.095868,-27.00,4.000000E-4,-3.511970E-2,7.000000E-4,0.04,0.00,0.04,0.00
-72.00,-0.037883,-27.00,-72.00,-0.028491,-27.00,5.000000E-4,-9.391900E-3,4.000000E-4,0.01,0.00,0.01,0.00
-75,0.000000,-27,-75,0.000000,-27,0.000000E+0,0.000000E+0,0.000000E+0,0,0,0,0
75,0.000000,-30,75,0.000000,-30,0.000000E+0,0.000000E+0,0.000000E+0,0,0,0,0
72.00,-0.024476,-30.00,72.00,-0.022921,-30.00,-3.000000E-4,-1.555100E-3,0.000000E+0,0.00,0.00,0.00,0
69.00,-0.083724,-30.00,69.00,-0.077853,-30.00,-5.000000E-4,-5.871100E-3,0.000000E+0,0.01,0.00,0.01,0
66.00,-0.160981,-30.00,66.00,-0.148851,-30.00,-7.000000E-4,-1.213000E-2,0.000000E+0,0.01,0.00,0.01,0
63.00,-0.252431,-30.00,63.00,-0.232682,-30.00,-8.000000E-4,-1.974900E-2,0.000000E+0,0.02,0.00,0.02,0
60.00,-0.357047,-30.00,60.00,-0.328795,-30.00,-9.000000E-4,-2.825200E-2,-1.000000E-4,0.03,0.00,0.03,0.00
57.00,-0.474692,-30.00,57.00,-0.437422,-30.00,-9.000000E-4,-3.727000E-2,-2.000000E-4,0.04,0.00,0.04,0.00
54.00,-0.604990,-30.00,54.00,-0.558468,-30.00,-9.000000E-4,-4.652200E-2,-4.000000E-4,0.05,0.00,0.05,0.00
51.01,-0.748861,-30.00,51.01,-0.693069,-30.00,-8.000000E-4,-5.579200E-2,-6.000000E-4,0.06,0.00,0.06,0.00
48.01,-0.906897,-30.01,48.01,-0.841912,-30.01,-7.000000E-4,-6.498500E-2,-9.000000E-4,0.06,0.00,0.06,0.00
45.01,-1.08,-30.01,45.01,-1.01,-30.01,-6.000000E-4,-7.400000E-2,-1.200000E-3,0.07,0.00,0.07,0.00
42.02,-1.27,-30.01,42.02,-1.19,-30.01,-4.000000E-4,-8.292000E-2,-1.600000E-3,0.08,0.00,0.08,0.00
39.02,-1.48,-30.02,39.02,-1.38,-30.02,-3.000000E-4,-9.167000E-2,-2.000000E-3,0.09,0.00,0.09,0.00
36.03,-1.70,-30.03,36.03,-1.60,-30.02,-1.000000E-4,-1.005400E-1,-2.400000E-3,0.10,0.00,0.10,0.00
33.04,-1.94,-30.04,33.04,-1.83,-30.03,1.000000E-4,-1.094200E-1,-2.900000E-3,0.11,0.00,0.11,0.00
30.05,-2.21,-30.05,30.05,-2.09,-30.04,4.000000E-4,-1.188100E-1,-3.400000E-3,0.12,0.00,0.12,0.00
27.06,-2.50,-30.06,27.06,-2.37,-30.06,1.000000E-3,-1.284600E-1,-4.100000E-3,0.13,0.00,0.13,0.00
24.08,-2.82,-30.08,24.07,-2.68,-30.08,1.400000E-3,-1.390300E-1,-4.700000E-3,0.14,0.00,0.14,0.00
21.09,-3.16,-30.11,21.09,-3.01,-30.11,2.200000E-3,-1.499600E-1,-5.500000E-3,0.15,0.00,0.15,0.01
18.11,-3.52,-30.15,18.10,-3.36,-30.14,2.700000E-3,-1.623700E-1,-5.900000E-3,0.16,0.00,0.16,0.01
15.12,-3.88,-30.19,15.11,-3.71,-30.18,3.900000E-3,-1.748400E-1,-6.800000E-3,0.18,0.00,0.17,0.01
12.12,-4.25,-30.25,12.11,-4.06,-30.24,4.600000E-3,-1.881600E-1,-6.800000E-3,0.19,0.00,0.19,0.01
9.12,-4.57,-30.29,9.12,-4.37,-30.28,5.360000E-3,-2.039500E-1,-8.200000E-3,0.20,0.01,0.20,0.01
6.11,-4.79,-30.32,6.11,-4.57,-30.31,5.980000E-3,-2.197900E-1,-8.100000E-3,0.22,0.01,0.22,0.01
3.10,-4.97,-30.35,3.10,-4.73,-30.34,5.920000E-3,-2.366800E-1,-9.200000E-3,0.24,0.01,0.24,0.01
0.080373,-5.08,-30.38,0.074323,-4.83,-30.37,6.049800E-3,-2.557100E-1,-9.400000E-3,0.26,0.01,0.26,0.01
-2.96,-5.10,-30.39,-2.96,-4.83,-30.38,5.290000E-3,-2.755100E-1,-1.030000E-2,0.28,0.01,0.28,0.01
-6.00,-5.03,-30.38,-6.00,-4.73,-30.37,3.840000E-3,-2.973000E-1,-1.060000E-2,0.30,0.00,0.30,0.01
-9.03,-4.85,-30.35,-9.03,-4.53,-30.34,1.540000E-3,-3.200200E-1,-1.080000E-2,0.32,0.00,0.32,0.01
-12.06,-4.59,-30.30,-12.06,-4.24,-30.29,-1.300000E-3,-3.433700E-1,-1.080000E-2,0.34,0.00,0.34,0.01
-15.07,-4.27,-30.25,-15.07,-3.90,-30.24,-5.300000E-3,-3.675300E-1,-9.900000E-3,0.37,0.01,0.37,0.01
-18.09,-3.93,-30.19,-18.08,-3.53,-30.18,-8.500000E-3,-3.924100E-1,-9.500000E-3,0.39,0.01,0.39,0.01
-21.09,-3.58,-30.15,-21.07,-3.17,-30.14,-1.170000E-2,-4.157900E-1,-8.400000E-3,0.42,0.01,0.42,0.01
-24.09,-3.26,-30.11,-24.07,-2.82,-30.10,-1.420000E-2,-4.365600E-1,-7.900000E-3,0.44,0.01,0.44,0.01
-27.08,-2.95,-30.08,-27.06,-2.49,-30.07,-1.590000E-2,-4.527700E-1,-7.000000E-3,0.45,0.02,0.45,0.01
-30.07,-2.66,-30.06,-30.05,-2.20,-30.05,-1.690000E-2,-4.620100E-1,-6.300000E-3,0.46,0.02,0.46,0.01
-33.06,-2.39,-30.04,-33.04,-1.93,-30.04,-1.700000E-2,-4.634600E-1,-5.400000E-3,0.46,0.02,0.46,0.01
-36.05,-2.14,-30.03,-36.04,-1.68,-30.03,-1.660000E-2,-4.561700E-1,-4.800000E-3,0.46,0.02,0.46,0.00
-39.04,-1.90,-30.02,-39.03,-1.46,-30.02,-1.550000E-2,-4.401800E-1,-3.900000E-3,0.44,0.02,0.44,0.00
-42.04,-1.67,-30.02,-42.02,-1.25,-30.01,-1.410000E-2,-4.158800E-1,-3.100000E-3,0.42,0.01,0.42,0.00
-45.03,-1.45,-30.01,-45.02,-1.06,-30.01,-1.230000E-2,-3.840200E-1,-2.100000E-3,0.38,0.01,0.38,0.00
-48.02,-1.24,-30.01,-48.01,-0.892730,-30.01,-1.030000E-2,-3.457200E-1,-1.400000E-3,0.35,0.01,0.35,0.00
-51.02,-1.04,-30.00,-51.01,-0.736345,-30.00,-8.300000E-3,-3.022350E-1,-6.000000E-4,0.30,0.01,0.30,0.00
-54.01,-0.849892,-30.00,-54.00,-0.594819,-30.00,-6.200000E-3,-2.550730E-1,0.000000E+0,0.26,0.01,0.26,0
-57.01,-0.672978,-30.00,-57.00,-0.467048,-30.00,-4.300000E-3,-2.059300E-1,5.000000E-4,0.21,0.00,0.21,0.00
-60.00,-0.508949,-30.00,-60.00,-0.352224,-30.00,-2.600000E-3,-1.567250E-1,8.000000E-4,0.16,0.00,0.16,0.00
-63.00,-0.360007,-30.00,-63.00,-0.250343,-30.00,-1.000000E-3,-1.096640E-1,9.000000E-4,0.11,0.00,0.11,0.00
-66.00,-0.228322,-30.00,-66.00,-0.161057,-30.00,-1.000000E-4,-6.726500E-2,1.000000E-3,0.07,0.00,0.07,0.00
-69.00,-0.117043,-30.00,-69.00,-0.084584,-30.00,5.000000E-4,-3.245950E-2,8.000000E-4,0.03,0.00,0.03,0.00
-72.00,-0.033700,-30.00,-72.00,-0.025040,-30.00,5.000000E-4,-8.659900E-3,4.000000E-4,0.01,0.00,0.01,0.00
-75,0.000000,-30,-75,0.000000,-30,0.000000E+0,0.000000E+0,0.000000E+0,0,0,0,0
75,0.000000,-33,75,0.000000,-33,0.000000E+0,0.000000E+0,0.000000E+0,0,0,0,0
72.00,-0.021007,-33.00,72.00,-0.019557,-33.00,-3.000000E-4,-1.449600E-3,0.000000E+0,0.00,0.00,0.00,0
69.00,-0.072907,-33.00,69.00,-0.067415,-33.00,-5.000000E-4,-5.492500E-3,1.000000E-4,0.01,0.00,0.01,0.00
66.00,-0.142169,-33.00,66.00,-0.130774,-33.00,-7.000000E-4,-1.139500E-2,1.000000E-4,0.01,0.00,0.01,0.00
63.00,-0.225323,-33,63.00,-0.206700,-33,-9.000000E-4,-1.862300E-2,0.000000E+0,0.02,0.00,0.02,0
60.00,-0.320943,-33.00,60.00,-0.294201,-33.00,-1.000000E-3,-2.674200E-2,-1.000000E-4,0.03,0.00,0.03,0.00
57.00,-0.428688,-33.00,57.00,-0.393263,-33.00,-1.100000E-3,-3.542500E-2,-2.000000E-4,0.04,0.00,0.04,0.00
54.00,-0.548183,-33.00,54.00,-0.503779,-33.00,-1.100000E-3,-4.440400E-2,-3.000000E-4,0.04,0.00,0.04,0.00
51.00,-0.679775,-33.00,51.00,-0.626255,-33.00,-1.000000E-3,-5.352000E-2,-6.000000E-4,0.05,0.00,0.05,0.00
48.01,-0.823544,-33.01,48.01,-0.760917,-33.00,-1.000000E-3,-6.262700E-2,-8.000000E-4,0.06,0.00,0.06,0.00
45.01,-0.980414,-33.01,45.01,-0.908658,-33.01,-9.000000E-4,-7.175600E-2,-1.100000E-3,0.07,0.00,0.07,0.00
42.01,-1.15,-33.01,42.01,-1.07,-33.01,-9.000000E-4,-8.082000E-2,-1.500000E-3,0.08,0.00,0.08,0.00
39.02,-1.33,-33.02,39.02,-1.24,-33.01,-7.000000E-4,-9.000000E-2,-1.900000E-3,0.09,0.00,0.09,0.00
36.02,-1.53,-33.02,36.02,-1.43,-33.02,-6.000000E-4,-9.922000E-2,-2.400000E-3,0.10,0.00,0.10,0.00
33.03,-1.74,-33.03,33.03,-1.64,-33.03,-4.000000E-4,-1.087800E-1,-2.900000E-3,0.11,0.00,0.11,0.00
30.04,-1.97,-33.04,30.04,-1.85,-33.04,-2.000000E-4,-1.186400E-1,-3.500000E-3,0.12,0.00,0.12,0.00
27.04,-2.21,-33.05,27.04,-2.08,-33.05,0.000000E+0,-1.291200E-1,-4.000000E-3,0.13,0,0.13,0.00
24.05,-2.47,-33.07,24.05,-2.33,-33.07,5.000000E-4,-1.401000E-1,-4.900000E-3,0.14,0.00,0.14,0.00
21.06,-2.74,-33.09,21.06,-2.59,-33.09,6.000000E-4,-1.521000E-1,-5.500000E-3,0.15,0.00,0.15,0.01
18.07,-3.01,-33.12,18.06,-2.85,-33.11,1.300000E-3,-1.645900E-1,-6.400000E-3,0.16,0.00,0.16,0.01
15.07,-3.29,-33.14,15.07,-3.11,-33.14,1.500000E-3,-1.779200E-1,-7.000000E-3,0.18,0.00,0.18,0.01
12.07,-3.55,-33.17,12.07,-3.36,-33.17,2.000000E-3,-1.925700E-1,-8.100000E-3,0.19,0.00,0.19,0.01
9.06,-3.77,-33.20,9.06,-3.56,-33.19,2.230000E-3,-2.076700E-1,-8.500000E-3,0.21,0.00,0.21,0.01
6.06,-3.94,-33.23,6.06,-3.72,-33.22,2.050000E-3,-2.241700E-1,-9.600000E-3,0.22,0.00,0.22,0.01
3.05,-4.07,-33.24,3.05,-3.83,-33.23,2.060000E-3,-2.416000E-1,-1.000000E-2,0.24,0.00,0.24,0.01
0.033987,-4.15,-33.26,0.032694,-3.89,-33.25,1.292600E-3,-2.599500E-1,-1.100000E-2,0.26,0.00,0.26,0.01
-2.99,-4.17,-33.26,-2.99,-3.89,-33.25,4.600000E-4,-2.791400E-1,-1.110000E-2,0.28,0.00,0.28,0.01
-6.01,-4.12,-33.25,-6.01,-3.82,-33.24,-1.090000E-3,-2.989400E-1,-1.130000E-2,0.30,0.00,0.30,0.01
-9.03,-4.00,-33.23,-9.02,-3.68,-33.22,-2.830000E-3,-3.196400E-1,-1.120000E-2,0.32,0.00,0.32,0.01
-12.04,-3.81,-33.21,-12.04,-3.47,-33.19,-5.300000E-3,-3.408000E-1,-1.050000E-2,0.34,0.01,0.34,0.01
-15.06,-3.60,-33.17,-15.05,-3.23,-33.16,-7.400000E-3,-3.621500E-1,-1.000000E-2,0.36,0.01,0.36,0.01
-18.06,-3.35,-33.14,-18.05,-2.97,-33.13,-9.800000E-3,-3.827200E-1,-9.000000E-3,0.38,0.01,0.38,0.01
-21.06,-3.10,-33.11,-21.05,-2.70,-33.10,-1.170000E-2,-4.020100E-1,-8.400000E-3,0.40,0.01,0.40,0.01
-24.06,-2.85,-33.09,-24.05,-2.43,-33.08,-1.320000E-2,-4.179600E-1,-7.400000E-3,0.42,0.01,0.42,0.01
-27.06,-2.61,-33.07,-27.05,-2.18,-33.06,-1.430000E-2,-4.293400E-1,-6.600000E-3,0.43,0.01,0.43,0.01
-30.05,-2.37,-33.05,-30.04,-1.94,-33.04,-1.460000E-2,-4.349200E-1,-5.700000E-3,0.44,0.01,0.43,0.01
-33.05,-2.15,-33.04,-33.03,-1.71,-33.03,-1.460000E-2,-4.335200E-1,-5.000000E-3,0.43,0.01,0.43,0.00
-36.04,-1.93,-33.03,-36.03,-1.50,-33.02,-1.390000E-2,-4.247700E-1,-4.100000E-3,0.43,0.01,0.42,0.00
-39.03,-1.72,-33.02,-39.02,-1.31,-33.02,-1.310000E-2,-4.085200E-1,-3.400000E-3,0.41,0.01,0.41,0.00
-42.03,-1.51,-33.01,-42.02,-1.13,-33.01,-1.180000E-2,-3.850400E-1,-2.500000E-3,0.39,0.01,0.39,0.00
-45.02,-1.31,-33.01,-45.01,-0.958713,-33.01,-1.020000E-2,-3.549570E-1,-1.700000E-3,0.36,0.01,0.35,0.00
-48.02,-1.12,-33.01,-48.01,-0.804500,-33.00,-8.500000E-3,-3.191500E-1,-9.000000E-4,0.32,0.01,0.32,0.00
-51.01,-0.942369,-33.00,-51.01,-0.663630,-33.00,-6.800000E-3,-2.787390E-1,-2.000000E-4,0.28,0.01,0.28,0.00
-54.01,-0.770329,-33.00,-54.00,-0.535280,-33.00,-5.100000E-3,-2.350490E-1,3.000000E-4,0.24,0.01,0.24,0.00
-57.00,-0.608599,-33.00,-57.00,-0.418989,-33.00,-3.400000E-3,-1.896100E-1,7.000000E-4,0.19,0.00,0.19,0.00
-60.00,-0.458831,-33.00,-60.00,-0.314645,-33.00,-1.900000E-3,-1.441860E-1,1.000000E-3,0.14,0.00,0.14,0.00
-63.00,-0.322808,-33.00,-63.00,-0.222017,-33.00,-8.000000E-4,-1.007910E-1,1.100000E-3,0.10,0.00,0.10,0.00
-66.00,-0.203035,-33.00,-66.00,-0.141289,-33.00,0.000000E+0,-6.174600E-2,1.000000E-3,0.06,0,0.06,0.00
-69.00,-0.103241,-33.00,-69.00,-0.073493,-33.00,5.000000E-4,-2.974780E-2,8.000000E-4,0.03,0.00,0.03,0.00
-72.00,-0.029451,-33.00,-72.00,-0.021528,-33.00,4.000000E-4,-7.922900E-3,4.000000E-4,0.01,0.00,0.01,0.00
-75,0.000000,-33,-75,0.000000,-33,0.000000E+0,0.000000E+0,0.000000E+0,0,0,0,0
75,0.000000,-36,75,0.000000,-36,0.000000E+0,0.000000E+0,0.000000E+0,0,0,0,0
72.00,-0.017669,-36.00,72.00,-0.016326,-36.00,-3.000000E-4,-1.343600E-3,0.000000E+0,0.00,0.00,0.00,0
69.00,-0.062524,-36.00,69.00,-0.057429,-36.00,-5.000000E-4,-5.095100E-3,1.000000E-4,0.01,0.00,0.01,0.00
66.00,-0.123506,-36.00,66.00,-0.112889,-36.00,-7.000000E-4,-1.061700E-2,1.000000E-4,0.01,0.00,0.01,0.00
63.00,-0.198162,-36.00,63.00,-0.180744,-36.00,-9.000000E-4,-1.741800E-2,1.000000E-4,0.02,0.00,0.02,0.00
60.00,-0.284635,-36.00,60.00,-0.259517,-36.00,-1.100000E-3,-2.511800E-2,0.000000E+0,0.03,0.00,0.03,0
57.00,-0.382112,-36.00,57.00,-0.348704,-36.00,-1.100000E-3,-3.340800E-2,-1.000000E-4,0.03,0.00,0.03,0.00
54.00,-0.490749,-36.00,54.00,-0.448667,-36.00,-1.200000E-3,-4.208200E-2,-3.000000E-4,0.04,0.00,0.04,0.00
51.00,-0.609755,-36.00,51.00,-0.558805,-36.00,-1.200000E-3,-5.095000E-2,-4.000000E-4,0.05,0.00,0.05,0.00
48.00,-0.739618,-36.00,48.01,-0.679649,-36.00,-1.200000E-3,-5.996900E-2,-7.000000E-4,0.06,0.00,0.06,0.00
45.01,-0.880470,-36.01,45.01,-0.811428,-36.01,-1.200000E-3,-6.904200E-2,-1.000000E-3,0.07,0.00,0.07,0.00
42.01,-1.03,-36.01,42.01,-0.954264,-36.01,-1.200000E-3,-7.827600E-2,-1.400000E-3,0.08,0.00,0.08,0.00
39.01,-1.20,-36.01,39.01,-1.11,-36.01,-1.100000E-3,-8.763000E-2,-1.800000E-3,0.09,0.00,0.09,0.00
36.02,-1.37,-36.02,36.02,-1.27,-36.02,-1.000000E-3,-9.728000E-2,-2.300000E-3,0.10,0.00,0.10,0.00
33.02,-1.55,-36.03,33.02,-1.45,-36.02,-9.000000E-4,-1.072000E-1,-2.800000E-3,0.11,0.00,0.11,0.00
30.03,-1.75,-36.03,30.03,-1.63,-36.03,-8.000000E-4,-1.176100E-1,-3.300000E-3,0.12,0.00,0.12,0.00
27.03,-1.95,-36.05,27.03,-1.82,-36.04,-6.000000E-4,-1.285200E-1,-4.100000E-3,0.13,0.00,0.13,0.00
24.03,-2.16,-36.06,24.04,-2.02,-36.05,-5.000000E-4,-1.401700E-1,-4.700000E-3,0.14,0.00,0.14,0.00
21.04,-2.37,-36.07,21.04,-2.22,-36.07,-2.000000E-4,-1.524400E-1,-5.600000E-3,0.15,0.00,0.15,0.01
18.04,-2.59,-36.09,18.04,-2.43,-36.08,-2.000000E-4,-1.655200E-1,-6.400000E-3,0.17,0.00,0.17,0.01
15.04,-2.80,-36.11,15.04,-2.62,-36.10,1.000000E-4,-1.794600E-1,-7.300000E-3,0.18,0.00,0.18,0.01
12.04,-2.99,-36.13,12.04,-2.80,-36.12,1.000000E-4,-1.941200E-1,-8.100000E-3,0.19,0.00,0.19,0.01
9.04,-3.16,-36.15,9.04,-2.95,-36.14,-8.000000E-5,-2.097900E-1,-9.100000E-3,0.21,0.00,0.21,0.01
6.03,-3.29,-36.16,6.03,-3.06,-36.15,-2.100000E-4,-2.261100E-1,-9.700000E-3,0.23,0.00,0.23,0.01
3.02,-3.39,-36.17,3.03,-3.15,-36.16,-8.600000E-4,-2.433100E-1,-1.060000E-2,0.24,0.00,0.24,0.01
0.014124,-3.45,-36.18,0.015531,-3.19,-36.17,-1.406700E-3,-2.609700E-1,-1.090000E-2,0.26,0.00,0.26,0.01
-3.00,-3.46,-36.18,-3.00,-3.18,-36.17,-2.580000E-3,-2.791100E-1,-1.130000E-2,0.28,0.00,0.28,0.01
-6.01,-3.42,-36.17,-6.01,-3.12,-36.16,-3.690000E-3,-2.977300E-1,-1.120000E-2,0.30,0.00,0.30,0.01
-9.02,-3.33,-36.16,-9.02,-3.02,-36.15,-5.440000E-3,-3.164400E-1,-1.090000E-2,0.32,0.01,0.32,0.01
-12.03,-3.21,-36.14,-12.03,-2.87,-36.13,-6.900000E-3,-3.351400E-1,-1.040000E-2,0.34,0.01,0.34,0.01
-15.04,-3.05,-36.12,-15.03,-2.70,-36.12,-8.600000E-3,-3.532500E-1,-9.400000E-3,0.35,0.01,0.35,0.01
-18.05,-2.88,-36.10,-18.04,-2.51,-36.09,-9.900000E-3,-3.703500E-1,-8.800000E-3,0.37,0.01,0.37,0.01
-21.05,-2.69,-36.08,-21.04,-2.30,-36.08,-1.120000E-2,-3.851300E-1,-7.800000E-3,0.39,0.01,0.39,0.01
-24.05,-2.49,-36.07,-24.04,-2.09,-36.06,-1.210000E-2,-3.968700E-1,-6.900000E-3,0.40,0.01,0.40,0.01
-27.04,-2.30,-36.05,-27.03,-1.89,-36.05,-1.250000E-2,-4.043200E-1,-6.000000E-3,0.40,0.01,0.40,0.01
-30.04,-2.10,-36.04,-30.03,-1.70,-36.03,-1.260000E-2,-4.065200E-1,-5.100000E-3,0.41,0.01,0.41,0.01
-33.04,-1.91,-36.03,-33.02,-1.51,-36.03,-1.240000E-2,-4.029200E-1,-4.200000E-3,0.40,0.01,0.40,0.00
-36.03,-1.72,-36.02,-36.02,-1.33,-36.02,-1.180000E-2,-3.929800E-1,-3.500000E-3,0.39,0.01,0.39,0.00
-39.03,-1.54,-36.02,-39.02,-1.16,-36.01,-1.090000E-2,-3.766100E-1,-2.700000E-3,0.38,0.01,0.38,0.00
-42.02,-1.36,-36.01,-42.01,-1.00,-36.01,-9.700000E-3,-3.540200E-1,-2.000000E-3,0.35,0.01,0.35,0.00
-45.02,-1.18,-36.01,-45.01,-0.853710,-36.01,-8.400000E-3,-3.256900E-1,-1.100000E-3,0.33,0.01,0.33,0.00
-48.01,-1.01,-36.00,-48.01,-0.716712,-36.00,-7.000000E-3,-2.923680E-1,-6.000000E-4,0.29,0.01,0.29,0.00
-51.01,-0.845645,-36.00,-51.00,-0.590631,-36.00,-5.400000E-3,-2.550140E-1,1.000000E-4,0.26,0.01,0.26,0.00
-54.01,-0.690375,-36.00,-54.00,-0.475585,-36.00,-4.000000E-3,-2.147900E-1,6.000000E-4,0.21,0.00,0.21,0.00
-57.00,-0.544200,-36.00,-57.00,-0.371122,-36.00,-2.600000E-3,-1.730780E-1,9.000000E-4,0.17,0.00,0.17,0.00
-60.00,-0.408546,-36.00,-60.00,-0.277083,-36,-1.400000E-3,-1.314630E-1,1.100000E-3,0.13,0.00,0.13,0.00
-63.00,-0.285962,-36.00,-63.00,-0.194180,-36.00,-4.000000E-4,-9.178200E-2,1.100000E-3,0.09,0.00,0.09,0.00
-66.00,-0.178332,-36.00,-66.00,-0.122186,-36.00,2.000000E-4,-5.614600E-2,1.000000E-3,0.06,0.00,0.06,0.00
-69.00,-0.089617,-36.00,-69.00,-0.062614,-36.00,5.000000E-4,-2.700220E-2,8.000000E-4,0.03,0.00,0.03,0.00
-72.00,-0.025621,-36.00,-72.00,-0.018439,-36.00,4.000000E-4,-7.182300E-3,5.000000E-4,0.01,0.00,0.01,0.00
-75,0.000000,-36,-75,0.000000,-36,0.000000E+0,0.000000E+0,0.000000E+0,0,0,0,0
75,0.000000,-39,75,0.000000,-39,0.000000E+0,0.000000E+0,0.000000E+0,0,0,0,0
72.00,-0.014563,-39.00,72.00,-0.013337,-39.00,-3.000000E-4,-1.226000E-3,1.000000E-4,0.00,0.00,0.00,0.00
69.00,-0.052547,-39.00,69.00,-0.047866,-39.00,-5.000000E-4,-4.681900E-3,2.000000E-4,0.00,0.00,0.00,0.00
66.00,-0.105656,-39.00,66.00,-0.095857,-39.00,-8.000000E-4,-9.799000E-3,2.000000E-4,0.01,0.00,0.01,0.00
63.00,-0.171697,-39.00,63.00,-0.155557,-39.00,-9.000000E-4,-1.614000E-2,2.000000E-4,0.02,0.00,0.02,0.00
60.00,-0.248787,-39,60.00,-0.225426,-39,-1.100000E-3,-2.336100E-2,0.000000E+0,0.02,0.00,0.02,0
57.00,-0.336198,-39.00,57.00,-0.304985,-39.00,-1.200000E-3,-3.121300E-2,-1.000000E-4,0.03,0.00,0.03,0.00
54.00,-0.433501,-39.00,54.00,-0.394019,-39.00,-1.300000E-3,-3.948200E-2,-1.000000E-4,0.04,0.00,0.04,0.00
51.00,-0.540020,-39.00,51.00,-0.491953,-39.00,-1.300000E-3,-4.806700E-2,-4.000000E-4,0.05,0.00,0.05,0.00
48.00,-0.656058,-39.00,48.00,-0.599216,-39.00,-1.400000E-3,-5.684200E-2,-6.000000E-4,0.06,0.00,0.06,0.00
45.00,-0.781518,-39.01,45.01,-0.715675,-39.00,-1.400000E-3,-6.584300E-2,-9.000000E-4,0.07,0.00,0.07,0.00
42.01,-0.916128,-39.01,42.01,-0.841101,-39.01,-1.400000E-3,-7.502700E-2,-1.200000E-3,0.08,0.00,0.08,0.00
39.01,-1.06,-39.01,39.01,-0.975172,-39.01,-1.400000E-3,-8.450800E-2,-1.600000E-3,0.08,0.00,0.08,0.00
36.01,-1.21,-39.02,36.01,-1.12,-39.01,-1.400000E-3,-9.428000E-2,-2.100000E-3,0.09,0.00,0.09,0.00
33.01,-1.37,-39.02,33.02,-1.27,-39.02,-1.400000E-3,-1.045000E-1,-2.600000E-3,0.10,0.00,0.10,0.00
30.02,-1.54,-39.03,30.02,-1.42,-39.02,-1.200000E-3,-1.151600E-1,-3.200000E-3,0.12,0.00,0.12,0.00
27.02,-1.71,-39.04,27.02,-1.58,-39.03,-1.300000E-3,-1.264300E-1,-3.800000E-3,0.13,0.00,0.13,0.00
24.02,-1.88,-39.05,24.02,-1.74,-39.04,-1.200000E-3,-1.382800E-1,-4.600000E-3,0.14,0.00,0.14,0.00
21.03,-2.05,-39.06,21.03,-1.90,-39.05,-1.200000E-3,-1.508800E-1,-5.400000E-3,0.15,0.00,0.15,0.01
18.03,-2.22,-39.07,18.03,-2.06,-39.06,-1.100000E-3,-1.642200E-1,-6.200000E-3,0.16,0.00,0.16,0.01
15.03,-2.39,-39.08,15.03,-2.21,-39.07,-1.200000E-3,-1.782700E-1,-7.100000E-3,0.18,0.00,0.18,0.01
12.03,-2.53,-39.09,12.03,-2.34,-39.09,-1.400000E-3,-1.930900E-1,-7.900000E-3,0.19,0.00,0.19,0.01
9.02,-2.66,-39.11,9.02,-2.45,-39.10,-1.530000E-3,-2.085800E-1,-8.800000E-3,0.21,0.00,0.21,0.01
6.02,-2.76,-39.12,6.02,-2.54,-39.11,-2.030000E-3,-2.247100E-1,-9.500000E-3,0.22,0.00,0.22,0.01
3.01,-2.84,-39.12,3.01,-2.60,-39.11,-2.460000E-3,-2.412300E-1,-1.010000E-2,0.24,0.00,0.24,0.01
0.004849,-2.88,-39.13,0.008224,-2.63,-39.12,-3.374620E-3,-2.581200E-1,-1.050000E-2,0.26,0.00,0.26,0.01
-3.00,-2.89,-39.13,-3.00,-2.62,-39.12,-4.130000E-3,-2.751500E-1,-1.070000E-2,0.28,0.00,0.28,0.01
-6.01,-2.87,-39.12,-6.01,-2.58,-39.11,-5.400000E-3,-2.921100E-1,-1.060000E-2,0.29,0.01,0.29,0.01
-9.02,-2.81,-39.11,-9.01,-2.50,-39.10,-6.360000E-3,-3.088500E-1,-1.030000E-2,0.31,0.01,0.31,0.01
-12.03,-2.72,-39.10,-12.02,-2.39,-39.09,-7.700000E-3,-3.249600E-1,-9.700000E-3,0.33,0.01,0.32,0.01
-15.03,-2.60,-39.09,-15.02,-2.26,-39.08,-8.600000E-3,-3.401200E-1,-9.000000E-3,0.34,0.01,0.34,0.01
-18.03,-2.47,-39.08,-18.02,-2.12,-39.07,-9.600000E-3,-3.535300E-1,-8.000000E-3,0.35,0.01,0.35,0.01
-21.04,-2.32,-39.06,-21.03,-1.96,-39.06,-1.030000E-2,-3.647300E-1,-7.100000E-3,0.36,0.01,0.36,0.01
-24.04,-2.17,-39.05,-24.02,-1.80,-39.05,-1.080000E-2,-3.727800E-1,-6.100000E-3,0.37,0.01,0.37,0.01
-27.03,-2.01,-39.04,-27.02,-1.63,-39.04,-1.090000E-2,-3.769600E-1,-5.200000E-3,0.38,0.01,0.38,0.01
-30.03,-1.85,-39.03,-30.02,-1.47,-39.03,-1.070000E-2,-3.766600E-1,-4.400000E-3,0.38,0.01,0.38,0.00
-33.03,-1.69,-39.02,-33.02,-1.32,-39.02,-1.050000E-2,-3.712800E-1,-3.600000E-3,0.37,0.01,0.37,0.00
-36.02,-1.52,-39.02,-36.01,-1.16,-39.01,-9.800000E-3,-3.605400E-1,-2.800000E-3,0.36,0.01,0.36,0.00
-39.02,-1.36,-39.01,-39.01,-1.02,-39.01,-9.000000E-3,-3.442700E-1,-2.100000E-3,0.34,0.01,0.34,0.00
-42.02,-1.20,-39.01,-42.01,-0.880691,-39.01,-7.900000E-3,-3.227190E-1,-1.400000E-3,0.32,0.01,0.32,0.00
-45.01,-1.05,-39.01,-45.01,-0.751264,-39.00,-6.800000E-3,-2.962160E-1,-8.000000E-4,0.30,0.01,0.30,0.00
-48.01,-0.896062,-39.00,-48.00,-0.630648,-39.00,-5.500000E-3,-2.654140E-1,-1.000000E-4,0.27,0.01,0.27,0.00
-51.01,-0.750189,-39.00,-51.00,-0.519068,-39.00,-4.300000E-3,-2.311210E-1,4.000000E-4,0.23,0.00,0.23,0.00
-54.00,-0.611242,-39,-54.00,-0.416860,-39.00,-3.000000E-3,-1.943820E-1,8.000000E-4,0.19,0.00,0.19,0.00
-57.00,-0.480319,-39.00,-57.00,-0.323912,-39.00,-2.000000E-3,-1.564070E-1,1.000000E-3,0.16,0.00,0.16,0.00
-60.00,-0.359114,-39.00,-60.00,-0.240485,-39.00,-1.000000E-3,-1.186290E-1,1.200000E-3,0.12,0.00,0.12,0.00
-63.00,-0.249548,-39.00,-63.00,-0.166854,-39.00,-3.000000E-4,-8.269400E-2,1.200000E-3,0.08,0.00,0.08,0.00
-66.00,-0.154243,-39.00,-66.00,-0.103743,-39.00,3.000000E-4,-5.050000E-2,1.100000E-3,0.05,0.00,0.05,0.00
-69.00,-0.076351,-39.00,-69.00,-0.052114,-39.00,5.000000E-4,-2.423670E-2,9.000000E-4,0.02,0.00,0.02,0.00
-72.00,-0.021361,-39.00,-72.00,-0.014928,-39.00,4.000000E-4,-6.432800E-3,5.000000E-4,0.01,0.00,0.01,0.00
-75,0.000000,-39,-75,0.000000,-39,0.000000E+0,0.000000E+0,0.000000E+0,0,0,0,0
75,-0.000001,-42,75,-0.000001,-42,0.000000E+0,0.000000E+0,0.000000E+0,0,0,0,0
72.00,-0.011785,-42.00,72.00,-0.010685,-42.00,-3.000000E-4,-1.100300E-3,1.000000E-4,0.00,0.00,0.00,0.00
69.00,-0.043257,-42.00,69.00,-0.039002,-42.00,-5.000000E-4,-4.255100E-3,2.000000E-4,0.00,0.00,0.00,0.00
66.00,-0.088759,-42.00,66.00,-0.079815,-42.00,-8.000000E-4,-8.944000E-3,1.000000E-4,0.01,0.00,0.01,0.00
63.00,-0.146238,-42.00,63.00,-0.131463,-42.00,-1.000000E-3,-1.477500E-2,2.000000E-4,0.01,0.00,0.01,0.00
60.00,-0.213852,-42.00,60.00,-0.192380,-42.00,-1.100000E-3,-2.147200E-2,1.000000E-4,0.02,0.00,0.02,0.00
57.00,-0.291265,-42.00,57.00,-0.262469,-42.00,-1.200000E-3,-2.879600E-2,1.000000E-4,0.03,0.00,0.03,0.00
54.00,-0.377137,-42.00,54.00,-0.340532,-42.00,-1.300000E-3,-3.660500E-2,-1.000000E-4,0.04,0.00,0.04,0.00
51.00,-0.471460,-42.00,51.00,-0.426697,-42.00,-1.400000E-3,-4.476300E-2,-2.000000E-4,0.04,0.00,0.04,0.00
48.00,-0.574119,-42.00,48.00,-0.520885,-42.00,-1.500000E-3,-5.323400E-2,-4.000000E-4,0.05,0.00,0.05,0.00
45.00,-0.684620,-42.00,45.00,-0.622653,-42.00,-1.600000E-3,-6.196700E-2,-7.000000E-4,0.06,0.00,0.06,0.00
42.00,-0.802783,-42.01,42.01,-0.731772,-42.01,-1.600000E-3,-7.101100E-2,-1.100000E-3,0.07,0.00,0.07,0.00
39.01,-0.927959,-42.01,39.01,-0.847590,-42.01,-1.600000E-3,-8.036900E-2,-1.500000E-3,0.08,0.00,0.08,0.00
36.01,-1.06,-42.01,36.01,-0.969755,-42.01,-1.700000E-3,-9.013500E-2,-1.900000E-3,0.09,0.00,0.09,0.00
33.01,-1.20,-42.02,33.01,-1.10,-42.01,-1.700000E-3,-1.003100E-1,-2.400000E-3,0.10,0.00,0.10,0.00
30.01,-1.34,-42.02,30.01,-1.23,-42.02,-1.700000E-3,-1.110400E-1,-2.900000E-3,0.11,0.00,0.11,0.00
27.01,-1.48,-42.03,27.02,-1.36,-42.02,-1.700000E-3,-1.222900E-1,-3.600000E-3,0.12,0.00,0.12,0.00
24.02,-1.63,-42.04,24.02,-1.49,-42.03,-1.800000E-3,-1.342100E-1,-4.200000E-3,0.13,0.00,0.13,0.00
21.02,-1.77,-42.04,21.02,-1.62,-42.04,-1.800000E-3,-1.467600E-1,-5.000000E-3,0.15,0.00,0.15,0.01
18.02,-1.91,-42.05,18.02,-1.75,-42.05,-1.900000E-3,-1.600100E-1,-5.800000E-3,0.16,0.00,0.16,0.01
15.02,-2.04,-42.06,15.02,-1.86,-42.05,-2.100000E-3,-1.739400E-1,-6.600000E-3,0.17,0.00,0.17,0.01
12.01,-2.15,-42.07,12.02,-1.96,-42.06,-2.300000E-3,-1.884700E-1,-7.400000E-3,0.19,0.00,0.19,0.01
9.01,-2.25,-42.08,9.01,-2.05,-42.07,-2.660000E-3,-2.035100E-1,-8.100000E-3,0.20,0.00,0.20,0.01
6.01,-2.33,-42.08,6.01,-2.11,-42.08,-3.030000E-3,-2.189800E-1,-8.700000E-3,0.22,0.00,0.22,0.01
3.00,-2.39,-42.09,3.01,-2.15,-42.08,-3.700000E-3,-2.347000E-1,-9.300000E-3,0.23,0.00,0.23,0.01
-0.000830,-2.42,-42.09,0.003410,-2.17,-42.08,-4.239873E-3,-2.504500E-1,-9.600000E-3,0.25,0.00,0.25,0.01
-3.01,-2.43,-42.09,-3.00,-2.17,-42.08,-5.190000E-3,-2.660400E-1,-9.800000E-3,0.27,0.01,0.27,0.01
-6.01,-2.41,-42.09,-6.01,-2.13,-42.08,-5.850000E-3,-2.812700E-1,-9.600000E-3,0.28,0.01,0.28,0.01
-9.02,-2.37,-42.08,-9.01,-2.08,-42.07,-6.900000E-3,-2.958100E-1,-9.300000E-3,0.30,0.01,0.30,0.01
-12.02,-2.31,-42.07,-12.01,-2.00,-42.07,-7.500000E-3,-3.094800E-1,-8.600000E-3,0.31,0.01,0.31,0.01
-15.02,-2.22,-42.07,-15.02,-1.90,-42.06,-8.400000E-3,-3.217100E-1,-8.000000E-3,0.32,0.01,0.32,0.01
-18.03,-2.12,-42.06,-18.02,-1.79,-42.05,-8.900000E-3,-3.321800E-1,-7.100000E-3,0.33,0.01,0.33,0.01
-21.03,-2.00,-42.05,-21.02,-1.66,-42.04,-9.300000E-3,-3.402600E-1,-6.200000E-3,0.34,0.01,0.34,0.01
-24.03,-1.88,-42.04,-24.02,-1.54,-42.03,-9.400000E-3,-3.454400E-1,-5.300000E-3,0.35,0.01,0.35,0.01
-27.03,-1.75,-42.03,-27.02,-1.40,-42.03,-9.300000E-3,-3.471800E-1,-4.400000E-3,0.35,0.01,0.35,0.00
-30.02,-1.61,-42.02,-30.01,-1.27,-42.02,-9.100000E-3,-3.449500E-1,-3.600000E-3,0.35,0.01,0.34,0.00
-33.02,-1.48,-42.02,-33.01,-1.14,-42.02,-8.600000E-3,-3.383800E-1,-2.800000E-3,0.34,0.01,0.34,0.00
-36.02,-1.34,-42.01,-36.01,-1.01,-42.01,-8.100000E-3,-3.272000E-1,-2.200000E-3,0.33,0.01,0.33,0.00
-39.02,-1.19,-42.01,-39.01,-0.883464,-42.01,-7.200000E-3,-3.113960E-1,-1.500000E-3,0.31,0.01,0.31,0.00
-42.01,-1.06,-42.01,-42.01,-0.764474,-42.01,-6.400000E-3,-2.910360E-1,-9.000000E-4,0.29,0.01,0.29,0.00
-45.01,-0.918661,-42.00,-45.00,-0.652167,-42.00,-5.300000E-3,-2.664940E-1,-3.000000E-4,0.27,0.01,0.27,0.00
-48.01,-0.785359,-42.00,-48.00,-0.547089,-42.00,-4.400000E-3,-2.382700E-1,2.000000E-4,0.24,0.00,0.24,0.00
-51.01,-0.656685,-42.00,-51.00,-0.449586,-42.00,-3.300000E-3,-2.070990E-1,6.000000E-4,0.21,0.00,0.21,0.00
-54.00,-0.533777,-42.00,-54.00,-0.359909,-42.00,-2.300000E-3,-1.738680E-1,1.000000E-3,0.17,0.00,0.17,0.00
-57.00,-0.417958,-42.00,-57.00,-0.278296,-42.00,-1.400000E-3,-1.396620E-1,1.200000E-3,0.14,0.00,0.14,0.00
-60.00,-0.310570,-42.00,-60.00,-0.204829,-42.00,-6.000000E-4,-1.057410E-1,1.300000E-3,0.11,0.00,0.11,0.00
-63.00,-0.214534,-42.00,-63.00,-0.140960,-42.00,0.000000E+0,-7.357400E-2,1.200000E-3,0.07,0,0.07,0.00
-66.00,-0.131100,-42.00,-66.00,-0.086260,-42.00,3.000000E-4,-4.483970E-2,1.100000E-3,0.04,0.00,0.04,0.00
-69.00,-0.064060,-42.00,-69.00,-0.042591,-42.00,4.000000E-4,-2.146890E-2,8.000000E-4,0.02,0.00,0.02,0.00
-72.00,-0.017376,-42.00,-72.00,-0.011701,-42.00,3.000000E-4,-5.675000E-3,5.000000E-4,0.01,0.00,0.01,0.00
-75,-0.000001,-42,-75,-0.000001,-42,0.000000E+0,0.000000E+0,0.000000E+0,0,0,0,0
75,-0.000001,-45,75,-0.000001,-45,0.000000E+0,0.000000E+0,0.000000E+0,0,0,0,0
72.00,-0.008993,-45.00,72.00,-0.008012,-45.00,-3.000000E-4,-9.805100E-4,1.000000E-4,0.00,0.00,0.00,0.00
69.00,-0.034701,-45.00,69.00,-0.030883,-45.00,-5.000000E-4,-3.818200E-3,1.000000E-4,0.00,0.00,0.00,0.00
66.00,-0.073185,-45.00,66.00,-0.065143,-45.00,-7.000000E-4,-8.041900E-3,2.000000E-4,0.01,0.00,0.01,0.00
63.00,-0.122395,-45.00,63.00,-0.109067,-45.00,-9.000000E-4,-1.332800E-2,2.000000E-4,0.01,0.00,0.01,0.00
60.00,-0.180817,-45.00,60.00,-0.161391,-45.00,-1.100000E-3,-1.942600E-2,1.000000E-4,0.02,0.00,0.02,0.00
57.00,-0.247864,-45.00,57.00,-0.221701,-45.00,-1.200000E-3,-2.616300E-2,1.000000E-4,0.03,0.00,0.03,0.00
54.00,-0.322563,-45.00,54.00,-0.289172,-45.00,-1.400000E-3,-3.339100E-2,0.000000E+0,0.03,0.00,0.03,0
51.00,-0.404960,-45.00,51.00,-0.363918,-45.00,-1.500000E-3,-4.104200E-2,-2.000000E-4,0.04,0.00,0.04,0.00
48,-0.494615,-45.00,48.00,-0.445575,-45.00,-1.600000E-3,-4.904000E-2,-3.000000E-4,0.05,0.00,0.05,0.00
45.00,-0.590640,-45.00,45.00,-0.533252,-45.00,-1.700000E-3,-5.738800E-2,-5.000000E-4,0.06,0.00,0.06,0.00
42.00,-0.693162,-45.00,42.00,-0.627089,-45.00,-1.800000E-3,-6.607300E-2,-8.000000E-4,0.07,0.00,0.07,0.00
39.00,-0.801588,-45.01,39.01,-0.726442,-45.01,-1.800000E-3,-7.514600E-2,-1.200000E-3,0.08,0.00,0.08,0.00
36.00,-0.915073,-45.01,36.01,-0.830465,-45.01,-1.800000E-3,-8.460800E-2,-1.500000E-3,0.08,0.00,0.08,0.00
33.01,-1.03,-45.01,33.01,-0.938243,-45.01,-2.000000E-3,-9.455700E-2,-2.100000E-3,0.09,0.00,0.09,0.00
30.01,-1.15,-45.02,30.01,-1.05,-45.01,-2.000000E-3,-1.049700E-1,-2.500000E-3,0.11,0.00,0.10,0.00
27.01,-1.27,-45.02,27.01,-1.16,-45.02,-2.100000E-3,-1.159600E-1,-3.200000E-3,0.12,0.00,0.12,0.00
24.01,-1.40,-45.03,24.01,-1.27,-45.02,-2.200000E-3,-1.275200E-1,-3.700000E-3,0.13,0.00,0.13,0.00
21.01,-1.51,-45.03,21.01,-1.37,-45.03,-2.300000E-3,-1.397300E-1,-4.400000E-3,0.14,0.00,0.14,0.00
18.01,-1.63,-45.04,18.01,-1.47,-45.03,-2.400000E-3,-1.525300E-1,-5.100000E-3,0.15,0.00,0.15,0.01
15.01,-1.73,-45.05,15.01,-1.56,-45.04,-2.700000E-3,-1.659000E-1,-5.900000E-3,0.17,0.00,0.17,0.01
12.01,-1.82,-45.05,12.01,-1.64,-45.04,-3.000000E-3,-1.797500E-1,-6.500000E-3,0.18,0.00,0.18,0.01
9.01,-1.90,-45.06,9.01,-1.71,-45.05,-3.280000E-3,-1.940000E-1,-7.200000E-3,0.19,0.00,0.19,0.01
6.00,-1.97,-45.06,6.01,-1.76,-45.05,-3.770000E-3,-2.084500E-1,-7.700000E-3,0.21,0.00,0.21,0.01
3.00,-2.01,-45.06,3.00,-1.79,-45.06,-4.180000E-3,-2.229700E-1,-8.100000E-3,0.22,0.00,0.22,0.01
-0.003261,-2.04,-45.06,0.001612,-1.80,-45.06,-4.873110E-3,-2.373400E-1,-8.400000E-3,0.24,0.00,0.24,0.01
-3.01,-2.05,-45.06,-3.00,-1.80,-45.06,-5.350000E-3,-2.513200E-1,-8.400000E-3,0.25,0.01,0.25,0.01
-6.01,-2.04,-45.06,-6.00,-1.77,-45.05,-6.130000E-3,-2.646500E-1,-8.300000E-3,0.26,0.01,0.26,0.01
-9.01,-2.00,-45.06,-9.01,-1.73,-45.05,-6.600000E-3,-2.771500E-1,-7.900000E-3,0.28,0.01,0.28,0.01
-12.02,-1.95,-45.05,-12.01,-1.67,-45.05,-7.300000E-3,-2.884400E-1,-7.400000E-3,0.29,0.01,0.29,0.01
-15.02,-1.89,-45.05,-15.01,-1.59,-45.04,-7.600000E-3,-2.982800E-1,-6.700000E-3,0.30,0.01,0.30,0.01
-18.02,-1.81,-45.04,-18.01,-1.50,-45.04,-8.000000E-3,-3.062100E-1,-5.900000E-3,0.31,0.01,0.31,0.01
-21.02,-1.72,-45.03,-21.01,-1.40,-45.03,-8.100000E-3,-3.119000E-1,-5.200000E-3,0.31,0.01,0.31,0.01
-24.02,-1.62,-45.03,-24.01,-1.30,-45.02,-8.100000E-3,-3.149000E-1,-4.300000E-3,0.32,0.01,0.31,0.00
-27.02,-1.51,-45.02,-27.01,-1.19,-45.02,-7.900000E-3,-3.148000E-1,-3.500000E-3,0.31,0.01,0.31,0.00
-30.02,-1.39,-45.02,-30.01,-1.08,-45.01,-7.600000E-3,-3.112900E-1,-2.800000E-3,0.31,0.01,0.31,0.00
-33.02,-1.27,-45.01,-33.01,-0.970584,-45.01,-7.000000E-3,-3.040460E-1,-2.100000E-3,0.30,0.01,0.30,0.00
-36.01,-1.15,-45.01,-36.01,-0.861629,-45.01,-6.400000E-3,-2.929110E-1,-1.400000E-3,0.29,0.01,0.29,0.00
-39.01,-1.03,-45.01,-39.01,-0.755800,-45.01,-5.800000E-3,-2.778200E-1,-9.000000E-4,0.28,0.01,0.28,0.00
-42.01,-0.913166,-45.00,-42.00,-0.654248,-45.00,-4.900000E-3,-2.589180E-1,-3.000000E-4,0.26,0.00,0.26,0.00
-45.01,-0.794438,-45.00,-45.00,-0.557966,-45.00,-4.100000E-3,-2.364720E-1,1.000000E-4,0.24,0.00,0.24,0.00
-48.01,-0.678259,-45.00,-48.00,-0.467305,-45.00,-3.200000E-3,-2.109540E-1,6.000000E-4,0.21,0.00,0.21,0.00
-51.00,-0.565942,-45.00,-51.00,-0.382976,-45.00,-2.400000E-3,-1.829660E-1,9.000000E-4,0.18,0.00,0.18,0.00
-54.00,-0.458678,-45.00,-54.00,-0.305376,-45,-1.600000E-3,-1.533020E-1,1.100000E-3,0.15,0.00,0.15,0.00
-57.00,-0.357665,-45.00,-57.00,-0.234770,-45.00,-9.000000E-4,-1.228950E-1,1.200000E-3,0.12,0.00,0.12,0.00
-60.00,-0.264611,-45.00,-60.00,-0.171754,-45.00,-3.000000E-4,-9.285700E-2,1.300000E-3,0.09,0.00,0.09,0.00
-63.00,-0.181269,-45.00,-63.00,-0.116800,-45.00,1.000000E-4,-6.446900E-2,1.200000E-3,0.06,0.00,0.06,0.00
-66.00,-0.109727,-45.00,-66.00,-0.070528,-45.00,4.000000E-4,-3.919950E-2,1.100000E-3,0.04,0.00,0.04,0.00
-69.00,-0.052665,-45.00,-69.00,-0.033946,-45.00,4.000000E-4,-1.871920E-2,8.000000E-4,0.02,0.00,0.02,0.00
-72.00,-0.014081,-45.00,-72.00,-0.009151,-45.00,3.000000E-4,-4.929570E-3,4.000000E-4,0.00,0.00,0.00,0.00
-75,-0.000001,-45,-75,-0.000001,-45,0.000000E+0,0.000000E+0,0.000000E+0,0,0,0,0
75,-0.000001,-48,75,-0.000001,-48,0.000000E+0,0.000000E+0,0.000000E+0,0,0,0,0
72.00,-0.007387,-48.00,72.00,-0.006513,-48.00,-2.000000E-4,-8.740400E-4,1.000000E-4,0.00,0.00,0.00,0.00
69.00,-0.027489,-48.00,69.00,-0.024124,-48.00,-5.000000E-4,-3.365300E-3,2.000000E-4,0.00,0.00,0.00,0.00
66.00,-0.059034,-48.00,66.00,-0.051936,-48.00,-7.000000E-4,-7.098200E-3,3.000000E-4,0.01,0.00,0.01,0.00
63.00,-0.100377,-48.00,63.00,-0.088592,-48.00,-8.000000E-4,-1.178550E-2,2.000000E-4,0.01,0.00,0.01,0.00
60.00,-0.149542,-48.00,60.00,-0.132306,-48.00,-1.000000E-3,-1.723600E-2,2.000000E-4,0.02,0.00,0.02,0.00
57.00,-0.206631,-48.00,57.00,-0.183338,-48.00,-1.300000E-3,-2.329300E-2,2.000000E-4,0.02,0.00,0.02,0.00
54.00,-0.270383,-48.00,54.00,-0.240518,-48.00,-1.400000E-3,-2.986500E-2,1.000000E-4,0.03,0.00,0.03,0.00
51.00,-0.341117,-48.00,51.00,-0.304249,-48.00,-1.600000E-3,-3.686800E-2,0.000000E+0,0.04,0.00,0.04,0
48.00,-0.417950,-48.00,48.00,-0.373678,-48.00,-1.700000E-3,-4.427200E-2,-2.000000E-4,0.04,0.00,0.04,0.00
45.00,-0.500537,-48.00,45.00,-0.448494,-48.00,-1.700000E-3,-5.204300E-2,-4.000000E-4,0.05,0.00,0.05,0.00
42.00,-0.588517,-48.00,42.00,-0.528319,-48.00,-1.900000E-3,-6.019800E-2,-6.000000E-4,0.06,0.00,0.06,0.00
39.00,-0.681339,-48.00,39.00,-0.612608,-48.00,-2.000000E-3,-6.873100E-2,-1.000000E-3,0.07,0.00,0.07,0.00
36.00,-0.778044,-48.01,36.00,-0.700353,-48.01,-2.100000E-3,-7.769100E-2,-1.300000E-3,0.08,0.00,0.08,0.00
33.00,-0.877773,-48.01,33.01,-0.790707,-48.01,-2.100000E-3,-8.706600E-2,-1.700000E-3,0.09,0.00,0.09,0.00
30.00,-0.979404,-48.01,30.01,-0.882467,-48.01,-2.300000E-3,-9.693700E-2,-2.100000E-3,0.10,0.00,0.10,0.00
27.01,-1.08,-48.02,27.01,-0.974232,-48.01,-2.400000E-3,-1.072980E-1,-2.600000E-3,0.11,0.00,0.11,0.00
24.01,-1.18,-48.02,24.01,-1.06,-48.02,-2.500000E-3,-1.182000E-1,-3.200000E-3,0.12,0.00,0.12,0.00
21.01,-1.28,-48.02,21.01,-1.15,-48.02,-2.600000E-3,-1.296300E-1,-3.700000E-3,0.13,0.00,0.13,0.00
18.01,-1.37,-48.03,18.01,-1.23,-48.02,-2.900000E-3,-1.416100E-1,-4.400000E-3,0.14,0.00,0.14,0.00
15.01,-1.46,-48.03,15.01,-1.30,-48.03,-3.100000E-3,-1.540500E-1,-5.000000E-3,0.15,0.00,0.15,0.00
12.00,-1.53,-48.04,12.01,-1.37,-48.03,-3.400000E-3,-1.668600E-1,-5.500000E-3,0.17,0.00,0.17,0.01
9.00,-1.60,-48.04,9.01,-1.42,-48.03,-3.730000E-3,-1.798900E-1,-6.000000E-3,0.18,0.00,0.18,0.01
6.00,-1.65,-48.04,6.00,-1.46,-48.04,-4.050000E-3,-1.930700E-1,-6.600000E-3,0.19,0.00,0.19,0.01
3.00,-1.69,-48.04,3.00,-1.48,-48.04,-4.540000E-3,-2.061200E-1,-6.800000E-3,0.21,0.00,0.21,0.01
-0.004219,-1.71,-48.05,0.000682,-1.49,-48.04,-4.900795E-3,-2.188900E-1,-7.000000E-3,0.22,0.00,0.22,0.01
-3.01,-1.72,-48.05,-3.00,-1.49,-48.04,-5.480000E-3,-2.311300E-1,-7.000000E-3,0.23,0.01,0.23,0.01
-6.01,-1.71,-48.04,-6.00,-1.47,-48.04,-5.810000E-3,-2.426200E-1,-6.800000E-3,0.24,0.01,0.24,0.01
-9.01,-1.69,-48.04,-9.01,-1.43,-48.03,-6.320000E-3,-2.531100E-1,-6.500000E-3,0.25,0.01,0.25,0.01
-12.01,-1.65,-48.04,-12.01,-1.38,-48.03,-6.600000E-3,-2.623700E-1,-6.000000E-3,0.26,0.01,0.26,0.01
-15.01,-1.59,-48.03,-15.01,-1.32,-48.03,-6.800000E-3,-2.701100E-1,-5.400000E-3,0.27,0.01,0.27,0.01
-18.02,-1.53,-48.03,-18.01,-1.25,-48.02,-6.900000E-3,-2.760500E-1,-4.700000E-3,0.28,0.01,0.28,0.00
-21.02,-1.45,-48.02,-21.01,-1.17,-48.02,-6.900000E-3,-2.798800E-1,-4.000000E-3,0.28,0.01,0.28,0.00
-24.02,-1.37,-48.02,-24.01,-1.09,-48.02,-6.800000E-3,-2.812800E-1,-3.200000E-3,0.28,0.01,0.28,0.00
-27.01,-1.28,-48.02,-27.01,-1.00,-48.01,-6.500000E-3,-2.800100E-1,-2.600000E-3,0.28,0.01,0.28,0.00
-30.01,-1.18,-48.01,-30.01,-0.908965,-48.01,-6.200000E-3,-2.757450E-1,-2.000000E-3,0.28,0.01,0.28,0.00
-33.01,-1.09,-48.01,-33.01,-0.816810,-48.01,-5.600000E-3,-2.683200E-1,-1.300000E-3,0.27,0.01,0.27,0.00
-36.01,-0.983072,-48.01,-36.00,-0.725485,-48.01,-5.100000E-3,-2.575870E-1,-8.000000E-4,0.26,0.01,0.26,0.00
-39.01,-0.879984,-48.00,-39.00,-0.636414,-48.00,-4.400000E-3,-2.435700E-1,-4.000000E-4,0.24,0.00,0.24,0.00
-42.01,-0.776848,-48.00,-42.00,-0.550502,-48.00,-3.700000E-3,-2.263460E-1,2.000000E-4,0.23,0.00,0.23,0.00
-45.00,-0.675043,-48.00,-45.00,-0.468845,-48.00,-3.000000E-3,-2.061980E-1,5.000000E-4,0.21,0.00,0.21,0.00
-48.00,-0.575107,-48.00,-48.00,-0.391609,-48.00,-2.400000E-3,-1.834980E-1,8.000000E-4,0.18,0.00,0.18,0.00
-51.00,-0.478672,-48.00,-51.00,-0.319877,-48,-1.700000E-3,-1.587950E-1,1.100000E-3,0.16,0.00,0.16,0.00
-54.00,-0.386547,-48.00,-54.00,-0.253797,-48.00,-1.000000E-3,-1.327500E-1,1.300000E-3,0.13,0.00,0.13,0.00
-57,-0.299969,-48.00,-57.00,-0.193788,-48.00,-5.000000E-4,-1.061810E-1,1.300000E-3,0.11,0.00,0.11,0.00
-60.00,-0.220726,-48.00,-60.00,-0.140686,-48.00,-1.000000E-4,-8.004000E-2,1.300000E-3,0.08,0.00,0.08,0.00
-63.00,-0.149676,-48.00,-63.00,-0.094243,-48.00,2.000000E-4,-5.543290E-2,1.100000E-3,0.06,0.00,0.06,0.00
-66.00,-0.089868,-48.00,-66.00,-0.056252,-48.00,4.000000E-4,-3.361650E-2,1.000000E-3,0.03,0.00,0.03,0.00
-69.00,-0.042344,-48.00,-69.00,-0.026333,-48.00,4.000000E-4,-1.601010E-2,8.000000E-4,0.02,0.00,0.02,0.00
-72.00,-0.011141,-48.00,-72.00,-0.006931,-48.00,2.000000E-4,-4.210110E-3,4.000000E-4,0.00,0.00,0.00,0.00
-75,-0.000001,-48,-75,-0.000001,-48,0.000000E+0,0.000000E+0,0.000000E+0,0,0,0,0
75,-0.000001,-51,75,-0.000001,-51,0.000000E+0,0.000000E+0,0.000000E+0,0,0,0,0
72.00,-0.005350,-51.00,72.00,-0.004584,-51.00,-2.000000E-4,-7.655700E-4,1.000000E-4,0.00,0.00,0.00,0.00
69.00,-0.021350,-51.00,69.00,-0.018448,-51.00,-4.000000E-4,-2.901400E-3,2.000000E-4,0.00,0.00,0.00,0.00
66.00,-0.046238,-51.00,66.00,-0.040131,-51.00,-7.000000E-4,-6.107300E-3,2.000000E-4,0.01,0.00,0.01,0.00
63.00,-0.079792,-51.00,63.00,-0.069629,-51.00,-9.000000E-4,-1.016290E-2,2.000000E-4,0.01,0.00,0.01,0.00
60.00,-0.120516,-51.00,60.00,-0.105614,-51.00,-1.000000E-3,-1.490200E-2,3.000000E-4,0.01,0.00,0.01,0.00
57.00,-0.167857,-51.00,57.00,-0.147636,-51.00,-1.200000E-3,-2.022100E-2,2.000000E-4,0.02,0.00,0.02,0.00
54.00,-0.221329,-51.00,54.00,-0.195300,-51.00,-1.300000E-3,-2.602900E-2,2.000000E-4,0.03,0.00,0.03,0.00
51.00,-0.280801,-51.00,51.00,-0.248517,-51.00,-1.400000E-3,-3.228400E-2,1.000000E-4,0.03,0.00,0.03,0.00
48.00,-0.345249,-51.00,48.00,-0.306311,-51.00,-1.700000E-3,-3.893800E-2,0.000000E+0,0.04,0.00,0.04,0
45.00,-0.414923,-51.00,45.00,-0.368944,-51.00,-1.800000E-3,-4.597900E-2,-2.000000E-4,0.05,0.00,0.05,0.00
42.00,-0.489137,-51.00,42.00,-0.435746,-51.00,-1.900000E-3,-5.339100E-2,-4.000000E-4,0.05,0.00,0.05,0.00
39.00,-0.567553,-51.00,39.00,-0.506365,-51.00,-2.000000E-3,-6.118800E-2,-6.000000E-4,0.06,0.00,0.06,0.00
36.00,-0.648819,-51.00,36.00,-0.579457,-51.00,-2.200000E-3,-6.936200E-2,-9.000000E-4,0.07,0.00,0.07,0.00
33.00,-0.732529,-51.01,33.00,-0.654574,-51.00,-2.300000E-3,-7.795500E-2,-1.300000E-3,0.08,0.00,0.08,0.00
30.00,-0.817595,-51.01,30.00,-0.730640,-51.01,-2.400000E-3,-8.695500E-2,-1.700000E-3,0.09,0.00,0.09,0.00
27.00,-0.902613,-51.01,27.01,-0.806199,-51.01,-2.600000E-3,-9.641400E-2,-2.100000E-3,0.10,0.00,0.10,0.00
24.00,-0.986306,-51.01,24.01,-0.879985,-51.01,-2.700000E-3,-1.063210E-1,-2.500000E-3,0.11,0.00,0.11,0.00
21.00,-1.07,-51.02,21.01,-0.950380,-51.01,-2.900000E-3,-1.166900E-1,-3.000000E-3,0.12,0.00,0.12,0.00
18.00,-1.14,-51.02,18.01,-1.02,-51.02,-3.000000E-3,-1.274800E-1,-3.400000E-3,0.13,0.00,0.13,0.00
15.00,-1.21,-51.02,15.01,-1.07,-51.02,-3.300000E-3,-1.386400E-1,-4.000000E-3,0.14,0.00,0.14,0.00
12.00,-1.28,-51.03,12.01,-1.13,-51.02,-3.500000E-3,-1.500600E-1,-4.400000E-3,0.15,0.00,0.15,0.00
9.00,-1.33,-51.03,9.00,-1.17,-51.02,-3.830000E-3,-1.616200E-1,-4.800000E-3,0.16,0.00,0.16,0.00
6.00,-1.37,-51.03,6.00,-1.20,-51.02,-4.190000E-3,-1.731800E-1,-5.100000E-3,0.17,0.00,0.17,0.01
3.00,-1.40,-51.03,3.00,-1.22,-51.03,-4.470000E-3,-1.845700E-1,-5.400000E-3,0.18,0.00,0.18,0.01
-0.004338,-1.42,-51.03,0.000547,-1.23,-51.03,-4.885243E-3,-1.955800E-1,-5.400000E-3,0.20,0.00,0.20,0.01
-3.01,-1.43,-51.03,-3.00,-1.22,-51.03,-5.140000E-3,-2.060300E-1,-5.400000E-3,0.21,0.01,0.21,0.01
-6.01,-1.42,-51.03,-6.00,-1.21,-51.02,-5.530000E-3,-2.157000E-1,-5.300000E-3,0.22,0.01,0.22,0.01
-9.01,-1.40,-51.03,-9.00,-1.18,-51.02,-5.690000E-3,-2.243700E-1,-4.900000E-3,0.22,0.01,0.22,0.00
-12.01,-1.37,-51.03,-12.00,-1.14,-51.02,-6.000000E-3,-2.318400E-1,-4.500000E-3,0.23,0.01,0.23,0.00
-15.01,-1.33,-51.02,-15.01,-1.09,-51.02,-6.000000E-3,-2.378700E-1,-3.900000E-3,0.24,0.01,0.24,0.00
-18.01,-1.28,-51.02,-18.01,-1.03,-51.02,-6.000000E-3,-2.422500E-1,-3.400000E-3,0.24,0.01,0.24,0.00
-21.01,-1.21,-51.02,-21.01,-0.969889,-51.01,-5.800000E-3,-2.447210E-1,-2.800000E-3,0.24,0.01,0.24,0.00
-24.01,-1.15,-51.01,-24.01,-0.900701,-51.01,-5.600000E-3,-2.450690E-1,-2.200000E-3,0.25,0.01,0.25,0.00
-27.01,-1.07,-51.01,-27.01,-0.827561,-51.01,-5.300000E-3,-2.430690E-1,-1.600000E-3,0.24,0.01,0.24,0.00
-30.01,-0.990645,-51.01,-30.00,-0.752092,-51.01,-4.900000E-3,-2.385530E-1,-1.100000E-3,0.24,0.00,0.24,0.00
-33.01,-0.907118,-51.01,-33.00,-0.675758,-51.00,-4.300000E-3,-2.313600E-1,-6.000000E-4,0.23,0.00,0.23,0.00
-36.01,-0.821360,-51.00,-36.00,-0.599929,-51.00,-3.900000E-3,-2.214310E-1,-1.000000E-4,0.22,0.00,0.22,0.00
-39.01,-0.734353,-51.00,-39.00,-0.525598,-51.00,-3.300000E-3,-2.087550E-1,2.000000E-4,0.21,0.00,0.21,0.00
-42.00,-0.647322,-51.00,-42.00,-0.453850,-51.00,-2.700000E-3,-1.934720E-1,6.000000E-4,0.19,0.00,0.19,0.00
-45.00,-0.560994,-51.00,-45.00,-0.385214,-51.00,-2.200000E-3,-1.757800E-1,8.000000E-4,0.18,0.00,0.18,0.00
-48.00,-0.476671,-51.00,-48.00,-0.320627,-51.00,-1.500000E-3,-1.560440E-1,1.000000E-3,0.16,0.00,0.16,0.00
-51.00,-0.395496,-51.00,-51,-0.260794,-51.00,-1.000000E-3,-1.347020E-1,1.200000E-3,0.13,0.00,0.13,0.00
-54.00,-0.318195,-51.00,-54.00,-0.205861,-51.00,-6.000000E-4,-1.123340E-1,1.300000E-3,0.11,0.00,0.11,0.00
-57.00,-0.245792,-51.00,-57.00,-0.156169,-51.00,-2.000000E-4,-8.962300E-2,1.300000E-3,0.09,0.00,0.09,0.00
-60.00,-0.179855,-51.00,-60.00,-0.112476,-51.00,1.000000E-4,-6.737900E-2,1.200000E-3,0.07,0.00,0.07,0.00
-63.00,-0.120966,-51.00,-63.00,-0.074435,-51.00,3.000000E-4,-4.653070E-2,1.100000E-3,0.05,0.00,0.05,0.00
-66.00,-0.071627,-51.00,-66.00,-0.043491,-51.00,4.000000E-4,-2.813510E-2,9.000000E-4,0.03,0.00,0.03,0.00
-69.00,-0.033388,-51.00,-69.00,-0.020025,-51.00,4.000000E-4,-1.336290E-2,6.000000E-4,0.01,0.00,0.01,0.00
-72.00,-0.008637,-51.00,-72.00,-0.005121,-51.00,2.000000E-4,-3.515950E-3,4.000000E-4,0.00,0.00,0.00,0.00
-75,-0.000001,-51,-75,-0.000001,-51,0.000000E+0,0.000000E+0,0.000000E+0,0,0,0,0
75,-0.000001,-54,75,-0.000001,-54,0.000000E+0,0.000000E+0,0.000000E+0,0,0,0,0
72.00,-0.004134,-54.00,72.00,-0.003483,-54.00,-2.000000E-4,-6.510100E-4,1.000000E-4,0.00,0.00,0.00,0.00
69.00,-0.016092,-54.00,69.00,-0.013675,-54.00,-4.000000E-4,-2.417800E-3,2.000000E-4,0.00,0.00,0.00,0.00
66.00,-0.035192,-54.00,66.00,-0.030108,-54.00,-6.000000E-4,-5.083900E-3,3.000000E-4,0.01,0.00,0.01,0.00
63.00,-0.061394,-54.00,63.00,-0.052922,-54.00,-8.000000E-4,-8.472200E-3,3.000000E-4,0.01,0.00,0.01,0.00
60.00,-0.093767,-54.00,60.00,-0.081301,-54.00,-1.000000E-3,-1.246640E-2,3.000000E-4,0.01,0.00,0.01,0.00
57.00,-0.131902,-54.00,57.00,-0.114926,-54.00,-1.200000E-3,-1.697600E-2,3.000000E-4,0.02,0.00,0.02,0.00
54.00,-0.175286,-54.00,54.00,-0.153336,-54.00,-1.300000E-3,-2.195000E-2,3.000000E-4,0.02,0.00,0.02,0.00
51.00,-0.224013,-54.00,51.00,-0.196672,-54.00,-1.500000E-3,-2.734100E-2,2.000000E-4,0.03,0.00,0.03,0.00
48.00,-0.277036,-54.00,48.00,-0.243911,-54.00,-1.600000E-3,-3.312500E-2,1.000000E-4,0.03,0.00,0.03,0.00
45.00,-0.334347,-54.00,45.00,-0.295076,-54,-1.700000E-3,-3.927100E-2,-1.000000E-4,0.04,0.00,0.04,0.00
42.00,-0.395705,-54.00,42.00,-0.349933,-54.00,-1.900000E-3,-4.577200E-2,-2.000000E-4,0.05,0.00,0.05,0.00
39.00,-0.460717,-54.00,39.00,-0.408102,-54.00,-2.000000E-3,-5.261500E-2,-3.000000E-4,0.05,0.00,0.05,0.00
36.00,-0.527886,-54.00,36.00,-0.468074,-54.00,-2.100000E-3,-5.981200E-2,-6.000000E-4,0.06,0.00,0.06,0.00
33.00,-0.597117,-54.00,33.00,-0.529763,-54.00,-2.300000E-3,-6.735400E-2,-9.000000E-4,0.07,0.00,0.07,0.00
30.00,-0.667396,-54.00,30.00,-0.592124,-54.00,-2.500000E-3,-7.527200E-2,-1.200000E-3,0.08,0.00,0.08,0.00
27.00,-0.737359,-54.01,27.00,-0.653804,-54.01,-2.600000E-3,-8.355500E-2,-1.400000E-3,0.08,0.00,0.08,0.00
24.00,-0.806156,-54.01,24.00,-0.713932,-54.01,-2.800000E-3,-9.222400E-2,-1.800000E-3,0.09,0.00,0.09,0.00
21.00,-0.872297,-54.01,21.00,-0.771050,-54.01,-2.900000E-3,-1.012470E-1,-2.200000E-3,0.10,0.00,0.10,0.00
18.00,-0.934604,-54.01,18.00,-0.824005,-54.01,-3.100000E-3,-1.105990E-1,-2.600000E-3,0.11,0.00,0.11,0.00
15.00,-0.991732,-54.01,15.00,-0.871527,-54.01,-3.400000E-3,-1.202050E-1,-2.900000E-3,0.12,0.00,0.12,0.00
12.00,-1.04,-54.02,12.00,-0.912408,-54.01,-3.600000E-3,-1.299820E-1,-3.200000E-3,0.13,0.00,0.13,0.00
9.00,-1.09,-54.02,9.00,-0.945754,-54.01,-3.850000E-3,-1.398360E-1,-3.500000E-3,0.14,0.00,0.14,0.00
6.00,-1.12,-54.02,6.00,-0.970842,-54.02,-4.060000E-3,-1.496280E-1,-3.800000E-3,0.15,0.00,0.15,0.00
3.00,-1.15,-54.02,3.00,-0.986827,-54.02,-4.350000E-3,-1.592030E-1,-3.900000E-3,0.16,0.00,0.16,0.00
-0.004366,-1.16,-54.02,0.000176,-0.993390,-54.02,-4.541342E-3,-1.683900E-1,-3.900000E-3,0.17,0.00,0.17,0.00
-3.01,-1.17,-54.02,-3.00,-0.990201,-54.02,-4.820000E-3,-1.770290E-1,-3.900000E-3,0.18,0.00,0.18,0.00
-6.01,-1.16,-54.02,-6.00,-0.977404,-54.02,-4.930000E-3,-1.849460E-1,-3.700000E-3,0.19,0.00,0.18,0.00
-9.01,-1.15,-54.02,-9.00,-0.955253,-54.01,-5.110000E-3,-1.919470E-1,-3.400000E-3,0.19,0.01,0.19,0.00
-12.01,-1.12,-54.02,-12.00,-0.924115,-54.01,-5.100000E-3,-1.978550E-1,-3.000000E-3,0.20,0.01,0.20,0.00
-15.01,-1.09,-54.01,-15.00,-0.885196,-54.01,-5.100000E-3,-2.024840E-1,-2.600000E-3,0.20,0.01,0.20,0.00
-18.01,-1.04,-54.01,-18.00,-0.839243,-54.01,-5.000000E-3,-2.056470E-1,-2.100000E-3,0.21,0.00,0.21,0.00
-21.01,-0.99,-54.01,-21.00,-0.787355,-54.01,-4.800000E-3,-2.071530E-1,-1.600000E-3,0.21,0.00,0.21,0.00
-24.01,-0.937978,-54.01,-24.00,-0.731132,-54.01,-4.500000E-3,-2.068460E-1,-1.100000E-3,0.21,0.00,0.21,0.00
-27.01,-0.875847,-54.01,-27.00,-0.671282,-54.01,-4.200000E-3,-2.045650E-1,-7.000000E-4,0.20,0.00,0.20,0.00
-30.01,-0.809699,-54.00,-30.00,-0.609524,-54.00,-3.700000E-3,-2.001750E-1,-3.000000E-4,0.20,0.00,0.20,0.00
-33.01,-0.740668,-54.00,-33.00,-0.547080,-54.00,-3.300000E-3,-1.935880E-1,1.000000E-4,0.19,0.00,0.19,0.00
-36.00,-0.669414,-54.00,-36.00,-0.484660,-54.00,-2.800000E-3,-1.847540E-1,4.000000E-4,0.18,0.00,0.18,0.00
-39.00,-0.597016,-54,-39.00,-0.423305,-54.00,-2.400000E-3,-1.737110E-1,7.000000E-4,0.17,0.00,0.17,0.00
-42.00,-0.525096,-54.00,-42.00,-0.364544,-54.00,-1.900000E-3,-1.605520E-1,9.000000E-4,0.16,0.00,0.16,0.00
-45.00,-0.453538,-54.00,-45.00,-0.308043,-54.00,-1.400000E-3,-1.454950E-1,1.000000E-3,0.15,0.00,0.15,0.00
-48.00,-0.384118,-54.00,-48,-0.255303,-54.00,-1.000000E-3,-1.288150E-1,1.200000E-3,0.13,0.00,0.13,0.00
-51.00,-0.317317,-54.00,-51.00,-0.206409,-54.00,-6.000000E-4,-1.109080E-1,1.300000E-3,0.11,0.00,0.11,0.00
-54.00,-0.254073,-54.00,-54.00,-0.161834,-54.00,-2.000000E-4,-9.223900E-2,1.400000E-3,0.09,0.00,0.09,0.00
-57.00,-0.195185,-54.00,-57.00,-0.121803,-54.00,1.000000E-4,-7.338200E-2,1.300000E-3,0.07,0.00,0.07,0.00
-60.00,-0.141608,-54.00,-60.00,-0.086611,-54.00,3.000000E-4,-5.499730E-2,1.200000E-3,0.06,0.00,0.05,0.00
-63.00,-0.094386,-54.00,-63.00,-0.056533,-54.00,4.000000E-4,-3.785350E-2,1.000000E-3,0.04,0.00,0.04,0.00
-66.00,-0.055138,-54.00,-66.00,-0.032334,-54.00,4.000000E-4,-2.280350E-2,8.000000E-4,0.02,0.00,0.02,0.00
-69.00,-0.025133,-54.00,-69.00,-0.014337,-54.00,4.000000E-4,-1.079590E-2,6.000000E-4,0.01,0.00,0.01,0.00
-72.00,-0.006493,-54.00,-72.00,-0.003649,-54.00,2.000000E-4,-2.844340E-3,3.000000E-4,0.00,0.00,0.00,0.00
-75,-0.000001,-54,-75,-0.000001,-54,0.000000E+0,0.000000E+0,0.000000E+0,0,0,0,0
75,-0.000001,-57,75,-0.000001,-57,0.000000E+0,0.000000E+0,0.000000E+0,0,0,0,0
72.00,-0.002659,-57.00,72.00,-0.002131,-57.00,-2.000000E-4,-5.277500E-4,1.000000E-4,0.00,0.00,0.00,0.00
69.00,-0.011356,-57.00,69.00,-0.009431,-57.00,-3.000000E-4,-1.925300E-3,2.000000E-4,0.00,0.00,0.00,0.00
66.00,-0.025310,-57.00,66.00,-0.021269,-57.00,-5.000000E-4,-4.040600E-3,3.000000E-4,0.00,0.00,0.00,0.00
63.00,-0.044945,-57.00,63.00,-0.038191,-57.00,-7.000000E-4,-6.754500E-3,3.000000E-4,0.01,0.00,0.01,0.00
60.00,-0.069780,-57.00,60.00,-0.059807,-57.00,-9.000000E-4,-9.973100E-3,4.000000E-4,0.01,0.00,0.01,0.00
57.00,-0.099613,-57.00,57.00,-0.085971,-57.00,-1.000000E-3,-1.364160E-2,3.000000E-4,0.01,0.00,0.01,0.00
54.00,-0.133609,-57.00,54.00,-0.115896,-57.00,-1.200000E-3,-1.771300E-2,3.000000E-4,0.02,0.00,0.02,0.00
51.00,-0.171695,-57.00,51.00,-0.149530,-57.00,-1.400000E-3,-2.216500E-2,2.000000E-4,0.02,0.00,0.02,0.00
48.00,-0.213771,-57.00,48.00,-0.186808,-57.00,-1.500000E-3,-2.696300E-2,2.000000E-4,0.03,0.00,0.03,0.00
45.00,-0.259876,-57.00,45.00,-0.227782,-57.00,-1.700000E-3,-3.209400E-2,1.000000E-4,0.03,0.00,0.03,0.00
42.00,-0.309029,-57.00,42.00,-0.271496,-57.00,-1.700000E-3,-3.753300E-2,0.000000E+0,0.04,0.00,0.04,0
39.00,-0.361106,-57,39.00,-0.317835,-57.00,-1.900000E-3,-4.327100E-2,-1.000000E-4,0.04,0.00,0.04,0.00
36.00,-0.415621,-57.00,36.00,-0.366323,-57.00,-2.100000E-3,-4.929800E-2,-2.000000E-4,0.05,0.00,0.05,0.00
33.00,-0.471880,-57.00,33.00,-0.416252,-57.00,-2.200000E-3,-5.562800E-2,-4.000000E-4,0.06,0.00,0.06,0.00
30.00,-0.528595,-57.00,30.00,-0.466346,-57.00,-2.400000E-3,-6.224900E-2,-7.000000E-4,0.06,0.00,0.06,0.00
27.00,-0.585311,-57.00,27.00,-0.516134,-57.00,-2.500000E-3,-6.917700E-2,-9.000000E-4,0.07,0.00,0.07,0.00
24.00,-0.640859,-57.00,24.00,-0.564466,-57.00,-2.700000E-3,-7.639300E-2,-1.100000E-3,0.08,0.00,0.08,0.00
21.00,-0.694295,-57.01,21.00,-0.610406,-57.00,-2.900000E-3,-8.388900E-2,-1.400000E-3,0.08,0.00,0.08,0.00
18.00,-0.744646,-57.01,18.00,-0.653035,-57.01,-3.100000E-3,-9.161100E-2,-1.700000E-3,0.09,0.00,0.09,0.00
15.00,-0.790681,-57.01,15.00,-0.691173,-57.01,-3.200000E-3,-9.950800E-2,-1.900000E-3,0.10,0.00,0.10,0.00
12.00,-0.831679,-57.01,12.00,-0.724169,-57.01,-3.500000E-3,-1.075100E-1,-2.100000E-3,0.11,0.00,0.11,0.00
9.00,-0.866573,-57.01,9.00,-0.751042,-57.01,-3.620000E-3,-1.155310E-1,-2.300000E-3,0.12,0.00,0.12,0.00
6.00,-0.894742,-57.01,6.00,-0.771278,-57.01,-3.840000E-3,-1.234640E-1,-2.400000E-3,0.12,0.00,0.12,0.00
3.00,-0.915346,-57.01,3.00,-0.784163,-57.01,-3.990000E-3,-1.311830E-1,-2.500000E-3,0.13,0.00,0.13,0.00
-0.004047,-0.928158,-57.01,0.000140,-0.789615,-57.01,-4.186380E-3,-1.385430E-1,-2.400000E-3,0.14,0.00,0.14,0.00
-3.00,-0.932610,-57.01,-3.00,-0.787200,-57.01,-4.260000E-3,-1.454100E-1,-2.400000E-3,0.15,0.00,0.15,0.00
-6.01,-0.928617,-57.01,-6.00,-0.776975,-57.01,-4.380000E-3,-1.516420E-1,-2.200000E-3,0.15,0.00,0.15,0.00
-9.01,-0.916264,-57.01,-9.00,-0.759173,-57.01,-4.360000E-3,-1.570910E-1,-1.900000E-3,0.16,0.00,0.16,0.00
-12.01,-0.895908,-57.01,-12.00,-0.734289,-57.01,-4.400000E-3,-1.616190E-1,-1.600000E-3,0.16,0.00,0.16,0.00
-15.01,-0.868067,-57.01,-15.00,-0.703000,-57.01,-4.200000E-3,-1.650670E-1,-1.300000E-3,0.17,0.00,0.17,0.00
-18.01,-0.833364,-57.01,-18.00,-0.666073,-57.01,-4.100000E-3,-1.672910E-1,-1.000000E-3,0.17,0.00,0.17,0.00
-21.01,-0.792509,-57.00,-21.00,-0.624357,-57.00,-3.800000E-3,-1.681520E-1,-6.000000E-4,0.17,0.00,0.17,0.00
-24.01,-0.746288,-57.00,-24.00,-0.578773,-57.00,-3.500000E-3,-1.675150E-1,-2.000000E-4,0.17,0.00,0.17,0.00
-27.01,-0.695816,-57.00,-27.00,-0.530545,-57.00,-3.100000E-3,-1.652710E-1,1.000000E-4,0.17,0.00,0.17,0.00
-30.00,-0.641874,-57.00,-30.00,-0.480545,-57.00,-2.700000E-3,-1.613290E-1,5.000000E-4,0.16,0.00,0.16,0.00
-33.00,-0.585611,-57.00,-33.00,-0.429986,-57.00,-2.400000E-3,-1.556250E-1,7.000000E-4,0.16,0.00,0.16,0.00
-36.00,-0.527757,-57.00,-36.00,-0.379609,-57.00,-2.000000E-3,-1.481480E-1,9.000000E-4,0.15,0.00,0.15,0.00
-39.00,-0.469201,-57.00,-39.00,-0.330276,-57.00,-1.600000E-3,-1.389250E-1,1.000000E-3,0.14,0.00,0.14,0.00
-42.00,-0.410780,-57.00,-42.00,-0.282711,-57.00,-1.200000E-3,-1.280690E-1,1.200000E-3,0.13,0.00,0.13,0.00
-45.00,-0.353432,-57.00,-45,-0.237689,-57.00,-8.000000E-4,-1.157430E-1,1.300000E-3,0.12,0.00,0.12,0.00
-48.00,-0.297889,-57.00,-48.00,-0.195692,-57.00,-5.000000E-4,-1.021970E-1,1.300000E-3,0.10,0.00,0.10,0.00
-51.00,-0.244768,-57.00,-51.00,-0.157030,-57.00,-2.000000E-4,-8.773800E-2,1.300000E-3,0.09,0.00,0.09,0.00
-54.00,-0.194848,-57.00,-54.00,-0.122097,-57.00,1.000000E-4,-7.275100E-2,1.300000E-3,0.07,0.00,0.07,0.00
-57.00,-0.148651,-57.00,-57.00,-0.090965,-57.00,2.000000E-4,-5.768600E-2,1.200000E-3,0.06,0.00,0.06,0.00
-60.00,-0.106818,-57.00,-60.00,-0.063743,-57.00,4.000000E-4,-4.307510E-2,1.100000E-3,0.04,0.00,0.04,0.00
-63.00,-0.070589,-57.00,-63.00,-0.041072,-57.00,5.000000E-4,-2.951750E-2,1.000000E-3,0.03,0.00,0.03,0.00
-66.00,-0.040632,-57.00,-66.00,-0.022937,-57.00,4.000000E-4,-1.769540E-2,8.000000E-4,0.02,0.00,0.02,0.00
-69.00,-0.018400,-57.00,-69.00,-0.010063,-57.00,3.000000E-4,-8.337100E-3,5.000000E-4,0.01,0.00,0.01,0.00
-72.00,-0.004705,-57.00,-72.00,-0.002507,-57.00,2.000000E-4,-2.198070E-3,2.000000E-4,0.00,0.00,0.00,0.00
-75,-0.000001,-57,-75,-0.000001,-57,0.000000E+0,0.000000E+0,0.000000E+0,0,0,0,0
75,-0.000001,-60,75,-0.000001,-60,0.000000E+0,0.000000E+0,0.000000E+0,0,0,0,0
72.00,-0.001735,-60.00,72.00,-0.001332,-60.00,-1.000000E-4,-4.037200E-4,1.000000E-4,0.00,0.00,0.00,0.00
69.00,-0.007057,-60.00,69.00,-0.005621,-60.00,-3.000000E-4,-1.436140E-3,2.000000E-4,0.00,0.00,0.00,0.00
66.00,-0.016980,-60.00,66.00,-0.013964,-60.00,-4.000000E-4,-3.016000E-3,2.000000E-4,0.00,0.00,0.00,0.00
63.00,-0.030794,-60.00,63.00,-0.025733,-60.00,-7.000000E-4,-5.060100E-3,3.000000E-4,0.01,0.00,0.01,0.00
60.00,-0.049037,-60.00,60.00,-0.041528,-60.00,-8.000000E-4,-7.509000E-3,4.000000E-4,0.01,0.00,0.01,0.00
57.00,-0.070511,-60.00,57.00,-0.060193,-60.00,-1.000000E-3,-1.031820E-2,4.000000E-4,0.01,0.00,0.01,0.00
54.00,-0.095878,-60.00,54.00,-0.082414,-60.00,-1.100000E-3,-1.346410E-2,4.000000E-4,0.01,0.00,0.01,0.00
51.00,-0.124617,-60.00,51.00,-0.107696,-60.00,-1.200000E-3,-1.692100E-2,3.000000E-4,0.02,0.00,0.02,0.00
48.00,-0.156492,-60.00,48.00,-0.135817,-60.00,-1.400000E-3,-2.067500E-2,3.000000E-4,0.02,0.00,0.02,0.00
45.00,-0.191773,-60.00,45.00,-0.167074,-60.00,-1.500000E-3,-2.469900E-2,2.000000E-4,0.02,0.00,0.02,0.00
42.00,-0.229593,-60.00,42.00,-0.200612,-60.00,-1.600000E-3,-2.898100E-2,1.000000E-4,0.03,0.00,0.03,0.00
39.00,-0.270044,-60.00,39.00,-0.236543,-60.00,-1.800000E-3,-3.350100E-2,1.000000E-4,0.03,0.00,0.03,0.00
36.00,-0.312794,-60.00,36.00,-0.274538,-60.00,-1.900000E-3,-3.825600E-2,0.000000E+0,0.04,0.00,0.04,0
33.00,-0.356554,-60.00,33.00,-0.313315,-60.00,-2.000000E-3,-4.323900E-2,-1.000000E-4,0.04,0.00,0.04,0.00
30.00,-0.401231,-60.00,30.00,-0.352773,-60.00,-2.200000E-3,-4.845800E-2,-2.000000E-4,0.05,0.00,0.05,0.00
27.00,-0.445935,-60.00,27.00,-0.392038,-60.00,-2.400000E-3,-5.389700E-2,-4.000000E-4,0.05,0.00,0.05,0.00
24.00,-0.489709,-60.00,24.00,-0.430152,-60.00,-2.600000E-3,-5.955700E-2,-6.000000E-4,0.06,0.00,0.06,0.00
21.00,-0.531896,-60.00,21.00,-0.466493,-60.00,-2.700000E-3,-6.540300E-2,-7.000000E-4,0.07,0.00,0.07,0.00
18.00,-0.571496,-60.00,18.00,-0.500089,-60.00,-2.800000E-3,-7.140700E-2,-9.000000E-4,0.07,0.00,0.07,0.00
15.00,-0.608013,-60.00,15.00,-0.530490,-60.00,-3.000000E-3,-7.752300E-2,-1.000000E-3,0.08,0.00,0.08,0.00
12.00,-0.640361,-60.00,12.00,-0.556669,-60.00,-3.100000E-3,-8.369200E-2,-1.100000E-3,0.08,0.00,0.08,0.00
9.00,-0.667823,-60.00,9.00,-0.577975,-60.00,-3.330000E-3,-8.984800E-2,-1.200000E-3,0.09,0.00,0.09,0.00
6.00,-0.690171,-60.00,6.00,-0.594265,-60.00,-3.440000E-3,-9.590600E-2,-1.200000E-3,0.10,0.00,0.10,0.00
3.00,-0.706433,-60.00,3.00,-0.604655,-60.00,-3.590000E-3,-1.017780E-1,-1.300000E-3,0.10,0.00,0.10,0.00
-0.003730,-0.716272,-60.00,-0.000086,-0.608919,-60.00,-3.643952E-3,-1.073530E-1,-1.300000E-3,0.11,0.00,0.11,0.00
-3.00,-0.719599,-60.00,-3.00,-0.607074,-60.00,-3.720000E-3,-1.125250E-1,-1.100000E-3,0.11,0.00,0.11,0.00
-6.00,-0.716300,-60.00,-6.00,-0.599113,-60.00,-3.700000E-3,-1.171870E-1,-9.000000E-4,0.12,0.00,0.12,0.00
-9.00,-0.706376,-60.00,-9.00,-0.585140,-60.00,-3.690000E-3,-1.212360E-1,-8.000000E-4,0.12,0.00,0.12,0.00
-12.01,-0.689934,-60.00,-12.00,-0.565383,-60.00,-3.500000E-3,-1.245510E-1,-5.000000E-4,0.12,0.00,0.12,0.00
-15.01,-0.667523,-60.00,-15.00,-0.540503,-60.00,-3.400000E-3,-1.270200E-1,-3.000000E-4,0.13,0.00,0.13,0.00
-18.00,-0.639812,-60.00,-18.00,-0.511283,-60.00,-3.100000E-3,-1.285290E-1,1.000000E-4,0.13,0.00,0.13,0.00
-21.00,-0.607062,-60.00,-21.00,-0.478096,-60.00,-2.900000E-3,-1.289660E-1,3.000000E-4,0.13,0.00,0.13,0.00
-24.00,-0.570322,-60.00,-24.00,-0.442080,-60.00,-2.600000E-3,-1.282420E-1,6.000000E-4,0.13,0.00,0.13,0.00
-27.00,-0.530066,-60.00,-27.00,-0.403795,-60.00,-2.300000E-3,-1.262710E-1,8.000000E-4,0.13,0.00,0.13,0.00
-30.00,-0.487245,-60.00,-30.00,-0.364248,-60.00,-1.900000E-3,-1.229970E-1,1.000000E-3,0.12,0.00,0.12,0.00
-33.00,-0.442499,-60.00,-33.00,-0.324116,-60.00,-1.600000E-3,-1.183830E-1,1.100000E-3,0.12,0.00,0.12,0.00
-36.00,-0.397065,-60.00,-36.00,-0.284641,-60.00,-1.300000E-3,-1.124240E-1,1.300000E-3,0.11,0.00,0.11,0.00
-39.00,-0.350877,-60.00,-39.00,-0.245713,-60.00,-9.000000E-4,-1.051640E-1,1.400000E-3,0.11,0.00,0.11,0.00
-42.00,-0.305843,-60.00,-42.00,-0.209155,-60.00,-6.000000E-4,-9.668800E-2,1.400000E-3,0.10,0.00,0.10,0.00
-45,-0.261653,-60.00,-45.00,-0.174509,-60.00,-3.000000E-4,-8.714400E-2,1.400000E-3,0.09,0.00,0.09,0.00
-48.00,-0.219115,-60.00,-48.00,-0.142395,-60.00,-1.000000E-4,-7.672000E-2,1.400000E-3,0.08,0.00,0.08,0.00
-51.00,-0.179057,-60.00,-51.00,-0.113392,-60.00,1.000000E-4,-6.566500E-2,1.300000E-3,0.07,0.00,0.07,0.00
-54.00,-0.141419,-60.00,-54.00,-0.087158,-60.00,2.000000E-4,-5.426060E-2,1.300000E-3,0.05,0.00,0.05,0.00
-57.00,-0.106824,-60.00,-57.00,-0.063966,-60.00,4.000000E-4,-4.285780E-2,1.100000E-3,0.04,0.00,0.04,0.00
-60.00,-0.076024,-60.00,-60.00,-0.044174,-60.00,4.000000E-4,-3.184990E-2,1.000000E-3,0.03,0.00,0.03,0.00
-63.00,-0.049266,-60.00,-63.00,-0.027567,-60.00,4.000000E-4,-2.169870E-2,8.000000E-4,0.02,0.00,0.02,0.00
-66.00,-0.027920,-60.00,-66.00,-0.015007,-60.00,4.000000E-4,-1.291280E-2,7.000000E-4,0.01,0.00,0.01,0.00
-69.00,-0.012444,-60.00,-69.00,-0.006407,-60.00,3.000000E-4,-6.036290E-3,5.000000E-4,0.01,0.00,0.01,0.00
-72.00,-0.003052,-60.00,-72.00,-0.001463,-60.00,2.000000E-4,-1.588980E-3,3.000000E-4,0.00,0.00,0.00,0.00
-75,-0.000001,-60,-75,-0.000001,-60,0.000000E+0,0.000000E+0,0.000000E+0,0,0,0,0
75,-0.000001,-63,75,-0.000001,-63,0.000000E+0,0.000000E+0,0.000000E+0,0,0,0,0
72.00,-0.000855,-63.00,72.00,-0.000572,-63.00,-2.000000E-4,-2.828360E-4,1.000000E-4,0.00,0.00,0.00,0.00
69.00,-0.004148,-63.00,69.00,-0.003171,-63.00,-3.000000E-4,-9.773100E-4,2.000000E-4,0.00,0.00,0.00,0.00
66.00,-0.010017,-63.00,66.00,-0.007961,-63.00,-4.000000E-4,-2.055390E-3,2.000000E-4,0.00,0.00,0.00,0.00
63.00,-0.019330,-63.00,63.00,-0.015860,-63.00,-5.000000E-4,-3.470600E-3,3.000000E-4,0.00,0.00,0.00,0.00
60.00,-0.031164,-63.00,60.00,-0.025984,-63.00,-7.000000E-4,-5.180000E-3,3.000000E-4,0.01,0.00,0.01,0.00
57.00,-0.045686,-63.00,57.00,-0.038528,-63.00,-8.000000E-4,-7.158000E-3,3.000000E-4,0.01,0.00,0.01,0.00
54.00,-0.063181,-63.00,54.00,-0.053795,-63.00,-9.000000E-4,-9.386000E-3,4.000000E-4,0.01,0.00,0.01,0.00
51.00,-0.083324,-63.00,51.00,-0.071471,-63.00,-1.000000E-3,-1.185320E-2,3.000000E-4,0.01,0.00,0.01,0.00
48.00,-0.105715,-63.00,48.00,-0.091171,-63.00,-1.200000E-3,-1.454380E-2,3.000000E-4,0.01,0.00,0.01,0.00
45.00,-0.131168,-63.00,45.00,-0.113727,-63.00,-1.300000E-3,-1.744100E-2,3.000000E-4,0.02,0.00,0.02,0.00
42.00,-0.158601,-63.00,42.00,-0.138071,-63.00,-1.400000E-3,-2.053000E-2,3.000000E-4,0.02,0.00,0.02,0.00
39.00,-0.188095,-63.00,39.00,-0.164296,-63.00,-1.600000E-3,-2.379900E-2,2.000000E-4,0.02,0.00,0.02,0.00
36.00,-0.219620,-63.00,36.00,-0.192384,-63.00,-1.700000E-3,-2.723600E-2,2.000000E-4,0.03,0.00,0.03,0.00
33.00,-0.252378,-63.00,33,-0.221536,-63.00,-1.800000E-3,-3.084200E-2,2.000000E-4,0.03,0.00,0.03,0.00
30.00,-0.285717,-63.00,30.00,-0.251107,-63.00,-2.000000E-3,-3.461000E-2,0.000000E+0,0.03,0.00,0.03,0
27.00,-0.319265,-63.00,27.00,-0.280725,-63.00,-2.100000E-3,-3.854000E-2,0.000000E+0,0.04,0.00,0.04,0
24.00,-0.352485,-63.00,24.00,-0.309876,-63.00,-2.200000E-3,-4.260900E-2,0.000000E+0,0.04,0.00,0.04,0
21.00,-0.384275,-63.00,21.00,-0.337469,-63.00,-2.400000E-3,-4.680600E-2,-1.000000E-4,0.05,0.00,0.05,0.00
18.00,-0.414319,-63.00,18.00,-0.363220,-63.00,-2.600000E-3,-5.109900E-2,-2.000000E-4,0.05,0.00,0.05,0.00
15.00,-0.441988,-63.00,15.00,-0.386535,-63.00,-2.700000E-3,-5.545300E-2,-3.000000E-4,0.06,0.00,0.06,0.00
12.00,-0.466542,-63.00,12.00,-0.406708,-63.00,-2.800000E-3,-5.983400E-2,-3.000000E-4,0.06,0.00,0.06,0.00
9.00,-0.487372,-63.00,9.00,-0.423186,-63.00,-2.870000E-3,-6.418600E-2,-4.000000E-4,0.06,0.00,0.06,0.00
6.00,-0.504388,-63.00,6.00,-0.435931,-63.00,-2.980000E-3,-6.845700E-2,-3.000000E-4,0.07,0.00,0.07,0.00
3.00,-0.516547,-63.00,3.00,-0.443976,-63.00,-3.030000E-3,-7.257100E-2,-3.000000E-4,0.07,0.00,0.07,0.00
-0.003187,-0.523898,-63.00,-0.000099,-0.447431,-63.00,-3.087583E-3,-7.646700E-2,-2.000000E-4,0.08,0.00,0.08,0.00
-3.00,-0.526275,-63.00,-3.00,-0.446205,-63.00,-3.060000E-3,-8.007000E-2,-1.000000E-4,0.08,0.00,0.08,0.00
-6.00,-0.523472,-63.00,-6.00,-0.440161,-63.00,-3.040000E-3,-8.331100E-2,0.000000E+0,0.08,0.00,0.08,0
-9.00,-0.515442,-63.00,-9.00,-0.429340,-63.00,-2.930000E-3,-8.610200E-2,2.000000E-4,0.09,0.00,0.09,0.00
-12.00,-0.502645,-63.00,-12.00,-0.414279,-63.00,-2.800000E-3,-8.836600E-2,4.000000E-4,0.09,0.00,0.09,0.00
-15.00,-0.485299,-63.00,-15.00,-0.395281,-63.00,-2.600000E-3,-9.001800E-2,6.000000E-4,0.09,0.00,0.09,0.00
-18.00,-0.463508,-63.00,-18.00,-0.372537,-63.00,-2.400000E-3,-9.097100E-2,8.000000E-4,0.09,0.00,0.09,0.00
-21.00,-0.438478,-63.00,-21.00,-0.347320,-63.00,-2.100000E-3,-9.115800E-2,9.000000E-4,0.09,0.00,0.09,0.00
-24.00,-0.410047,-63.00,-24.00,-0.319543,-63.00,-1.900000E-3,-9.050400E-2,1.100000E-3,0.09,0.00,0.09,0.00
-27.00,-0.379298,-63.00,-27.00,-0.290337,-63.00,-1.600000E-3,-8.896100E-2,1.300000E-3,0.09,0.00,0.09,0.00
-30.00,-0.346712,-63.00,-30.00,-0.260223,-63.00,-1.200000E-3,-8.648900E-2,1.300000E-3,0.09,0.00,0.09,0.00
-33.00,-0.312558,-63.00,-33.00,-0.229489,-63.00,-1.000000E-3,-8.306900E-2,1.400000E-3,0.08,0.00,0.08,0.00
-36.00,-0.278631,-63.00,-36,-0.199925,-63.00,-7.000000E-4,-7.870600E-2,1.400000E-3,0.08,0.00,0.08,0.00
-39.00,-0.244578,-63.00,-39.00,-0.171142,-63.00,-5.000000E-4,-7.343600E-2,1.400000E-3,0.07,0.00,0.07,0.00
-42.00,-0.211337,-63.00,-42.00,-0.143999,-63.00,-2.000000E-4,-6.733800E-2,1.400000E-3,0.07,0.00,0.07,0.00
-45.00,-0.179209,-63.00,-45.00,-0.118695,-63.00,0.000000E+0,-6.051400E-2,1.400000E-3,0.06,0,0.06,0.00
-48.00,-0.149015,-63.00,-48.00,-0.095902,-63.00,2.000000E-4,-5.311310E-2,1.300000E-3,0.05,0.00,0.05,0.00
-51.00,-0.120301,-63.00,-51.00,-0.074999,-63.00,4.000000E-4,-4.530230E-2,1.200000E-3,0.05,0.00,0.05,0.00
-54.00,-0.094446,-63.00,-54.00,-0.057154,-63.00,4.000000E-4,-3.729140E-2,1.100000E-3,0.04,0.00,0.04,0.00
-57.00,-0.070656,-63.00,-57.00,-0.041341,-63.00,5.000000E-4,-2.931410E-2,1.000000E-3,0.03,0.00,0.03,0.00
-60.00,-0.049543,-63.00,-60.00,-0.027889,-63.00,5.000000E-4,-2.165400E-2,9.000000E-4,0.02,0.00,0.02,0.00
-63.00,-0.031524,-63.00,-63.00,-0.016895,-63.00,5.000000E-4,-1.462900E-2,7.000000E-4,0.01,0.00,0.01,0.00
-66.00,-0.017495,-63.00,-66.00,-0.008888,-63.00,4.000000E-4,-8.607510E-3,5.000000E-4,0.01,0.00,0.01,0.00
-69.00,-0.007234,-63.00,-69.00,-0.003268,-63.00,3.000000E-4,-3.966020E-3,4.000000E-4,0.00,0.00,0.00,0.00
-72.00,-0.001639,-63.00,-72.00,-0.000600,-63.00,1.000000E-4,-1.038820E-3,2.000000E-4,0.00,0.00,0.00,0.00
-75,-0.000001,-63,-75,-0.000001,-63,0.000000E+0,0.000000E+0,0.000000E+0,0,0,0,0
75,-0.000001,-66,75,-0.000001,-66,0.000000E+0,0.000000E+0,0.000000E+0,0,0,0,0
72.00,-0.000592,-66.00,72.00,-0.000417,-66.00,-2.000000E-4,-1.750060E-4,1.000000E-4,0.00,0.00,0.00,0.00
69.00,-0.001796,-66.00,69.00,-0.001219,-66.00,-3.000000E-4,-5.772600E-4,2.000000E-4,0.00,0.00,0.00,0.00
66.00,-0.005026,-66.00,66.00,-0.003804,-66.00,-4.000000E-4,-1.221710E-3,2.000000E-4,0.00,0.00,0.00,0.00
63.00,-0.010227,-66.00,63.00,-0.008148,-66.00,-4.000000E-4,-2.079400E-3,2.000000E-4,0.00,0.00,0.00,0.00
60.00,-0.017240,-66.00,60.00,-0.014115,-66.00,-5.000000E-4,-3.125000E-3,2.000000E-4,0.00,0.00,0.00,0.00
57.00,-0.026172,-66.00,57.00,-0.021832,-66.00,-7.000000E-4,-4.340600E-3,3.000000E-4,0.00,0.00,0.00,0.00
54.00,-0.036665,-66.00,54.00,-0.030947,-66.00,-7.000000E-4,-5.718500E-3,3.000000E-4,0.01,0.00,0.01,0.00
51.00,-0.049062,-66.00,51.00,-0.041810,-66.00,-8.000000E-4,-7.252200E-3,3.000000E-4,0.01,0.00,0.01,0.00
48.00,-0.063243,-66.00,48.00,-0.054307,-66.00,-9.000000E-4,-8.936100E-3,3.000000E-4,0.01,0.00,0.01,0.00
45.00,-0.079470,-66.00,45.00,-0.068712,-66.00,-1.000000E-3,-1.075810E-2,4.000000E-4,0.01,0.00,0.01,0.00
42.00,-0.097395,-66.00,42.00,-0.084686,-66.00,-1.100000E-3,-1.270850E-2,3.000000E-4,0.01,0.00,0.01,0.00
39.00,-0.117114,-66.00,39.00,-0.102339,-66.00,-1.300000E-3,-1.477500E-2,3.000000E-4,0.01,0.00,0.01,0.00
36.00,-0.138243,-66.00,36.00,-0.121292,-66.00,-1.300000E-3,-1.695100E-2,3.000000E-4,0.02,0.00,0.02,0.00
33.00,-0.160497,-66.00,33.00,-0.141263,-66.00,-1.500000E-3,-1.923400E-2,3.000000E-4,0.02,0.00,0.02,0.00
30.00,-0.183401,-66.00,30.00,-0.161778,-66.00,-1.600000E-3,-2.162300E-2,3.000000E-4,0.02,0.00,0.02,0.00
27.00,-0.206689,-66.00,27.00,-0.182580,-66.00,-1.700000E-3,-2.410900E-2,3.000000E-4,0.02,0.00,0.02,0.00
24.00,-0.229446,-66.00,24.00,-0.202761,-66.00,-1.800000E-3,-2.668500E-2,3.000000E-4,0.03,0.00,0.03,0.00
21.00,-0.251834,-66.00,21.00,-0.222506,-66.00,-2.000000E-3,-2.932800E-2,3.000000E-4,0.03,0.00,0.03,0.00
18.00,-0.272838,-66.00,18,-0.240811,-66.00,-2.000000E-3,-3.202700E-2,3.000000E-4,0.03,0.00,0.03,0.00
15.00,-0.292304,-66.00,15.00,-0.257548,-66.00,-2.100000E-3,-3.475600E-2,2.000000E-4,0.03,0.00,0.03,0.00
12.00,-0.309449,-66.00,12.00,-0.271960,-66.00,-2.300000E-3,-3.748900E-2,3.000000E-4,0.04,0.00,0.04,0.00
9.00,-0.324542,-66.00,9.00,-0.284343,-66.00,-2.330000E-3,-4.019900E-2,3.000000E-4,0.04,0.00,0.04,0.00
6.00,-0.336305,-66.00,6.00,-0.293460,-66.00,-2.380000E-3,-4.284500E-2,3.000000E-4,0.04,0.00,0.04,0.00
3.00,-0.344803,-66.00,3.00,-0.299410,-66.00,-2.420000E-3,-4.539300E-2,4.000000E-4,0.05,0.00,0.05,0.00
-0.002651,-0.349977,-66.00,-0.000242,-0.302181,-66.00,-2.409077E-3,-4.779600E-2,5.000000E-4,0.05,0.00,0.05,0.00
-3.00,-0.351525,-66.00,-3.00,-0.301509,-66.00,-2.400000E-3,-5.001600E-2,6.000000E-4,0.05,0.00,0.05,0.00
-6.00,-0.349130,-66.00,-6.00,-0.297127,-66.00,-2.310000E-3,-5.200300E-2,8.000000E-4,0.05,0.00,0.05,0.00
-9.00,-0.343072,-66.00,-9.00,-0.289363,-66.00,-2.230000E-3,-5.370900E-2,9.000000E-4,0.05,0.00,0.05,0.00
-12.00,-0.333271,-65.99,-12.00,-0.278190,-66.00,-2.100000E-3,-5.508100E-2,1.000000E-3,0.06,0.00,0.06,0.00
-15.00,-0.320573,-65.99,-15.00,-0.264512,-66.00,-1.900000E-3,-5.606100E-2,1.100000E-3,0.06,0.00,0.06,0.00
-18.00,-0.304775,-65.99,-18.00,-0.248174,-66.00,-1.700000E-3,-5.660100E-2,1.200000E-3,0.06,0.00,0.06,0.00
-21.00,-0.286415,-66.00,-21.00,-0.229766,-66.00,-1.500000E-3,-5.664900E-2,1.300000E-3,0.06,0.00,0.06,0.00
-24.00,-0.266307,-66.00,-24.00,-0.210143,-66.00,-1.200000E-3,-5.616400E-2,1.500000E-3,0.06,0.00,0.06,0.00
-27.00,-0.244422,-66.00,-27.00,-0.189309,-66.00,-1.000000E-3,-5.511300E-2,1.400000E-3,0.06,0.00,0.06,0.00
-30.00,-0.221623,-66.00,-30,-0.168144,-66.00,-7.000000E-4,-5.347900E-2,1.500000E-3,0.05,0.00,0.05,0.00
-33.00,-0.198189,-66.00,-33.00,-0.146938,-66.00,-5.000000E-4,-5.125100E-2,1.500000E-3,0.05,0.00,0.05,0.00
-36,-0.174673,-66.00,-36.00,-0.126232,-66.00,-3.000000E-4,-4.844100E-2,1.500000E-3,0.05,0.00,0.05,0.00
-39.00,-0.151776,-66.00,-39.00,-0.106693,-66.00,-1.000000E-4,-4.508300E-2,1.400000E-3,0.05,0.00,0.05,0.00
-42.00,-0.129673,-66.00,-42.00,-0.088454,-66.00,1.000000E-4,-4.121910E-2,1.400000E-3,0.04,0.00,0.04,0.00
-45.00,-0.108853,-66.00,-45.00,-0.071923,-66.00,2.000000E-4,-3.693010E-2,1.200000E-3,0.04,0.00,0.04,0.00
-48.00,-0.089331,-66.00,-48.00,-0.057028,-66.00,3.000000E-4,-3.230280E-2,1.100000E-3,0.03,0.00,0.03,0.00
-51.00,-0.071277,-66.00,-51.00,-0.043824,-66.00,4.000000E-4,-2.745220E-2,1.000000E-3,0.03,0.00,0.03,0.00
-54.00,-0.055332,-66.00,-54.00,-0.032833,-66.00,4.000000E-4,-2.249900E-2,9.000000E-4,0.02,0.00,0.02,0.00
-57.00,-0.040534,-66.00,-57.00,-0.022943,-66.00,4.000000E-4,-1.759060E-2,8.000000E-4,0.02,0.00,0.02,0.00
-60.00,-0.027945,-66.00,-60.00,-0.015053,-66.00,5.000000E-4,-1.289250E-2,7.000000E-4,0.01,0.00,0.01,0.00
-63.00,-0.017351,-66.00,-63.00,-0.008742,-66.00,4.000000E-4,-8.609200E-3,5.000000E-4,0.01,0.00,0.01,0.00
-66.00,-0.009253,-66.00,-66.00,-0.004281,-66.00,3.000000E-4,-4.972610E-3,4.000000E-4,0.00,0.00,0.00,0.00
-69.00,-0.003401,-66.00,-69.00,-0.001170,-66.00,2.000000E-4,-2.230830E-3,3.000000E-4,0.00,0.00,0.00,0.00
-72.00,-0.000960,-66.00,-72.00,-0.000384,-66.00,2.000000E-4,-5.756170E-4,1.000000E-4,0.00,0.00,0.00,0.00
-75,-0.000001,-66,-75,-0.000001,-66,0.000000E+0,0.000000E+0,0.000000E+0,0,0,0,0
75,-0.000001,-69,75,-0.000001,-69,0.000000E+0,0.000000E+0,0.000000E+0,0,0,0,0
72.00,0.000054,-69.00,72.00,0.000141,-69.00,-1.000000E-4,-8.749340E-5,1.000000E-4,0.00,0.00,0.00,0.00
69.00,-0.000419,-69.00,69.00,-0.000147,-69.00,-2.000000E-4,-2.718740E-4,1.000000E-4,0.00,0.00,0.00,0.00
66.00,-0.001793,-69.00,66.00,-0.001215,-69.00,-3.000000E-4,-5.778300E-4,2.000000E-4,0.00,0.00,0.00,0.00
63.00,-0.004038,-69.00,63.00,-0.003048,-69.00,-3.000000E-4,-9.893200E-4,2.000000E-4,0.00,0.00,0.00,0.00
60.00,-0.007427,-69.00,60.00,-0.005937,-69.00,-3.000000E-4,-1.490090E-3,2.000000E-4,0.00,0.00,0.00,0.00
57.00,-0.011568,-69.00,57.00,-0.009494,-69.00,-5.000000E-4,-2.073460E-3,2.000000E-4,0.00,0.00,0.00,0.00
54.00,-0.016656,-69.00,54.00,-0.013920,-69.00,-5.000000E-4,-2.735200E-3,2.000000E-4,0.00,0.00,0.00,0.00
51.00,-0.022342,-69.00,51.00,-0.018868,-69.00,-6.000000E-4,-3.473700E-3,2.000000E-4,0.00,0.00,0.00,0.00
48.00,-0.029888,-69.00,48.00,-0.025599,-69.00,-6.000000E-4,-4.289700E-3,3.000000E-4,0.00,0.00,0.00,0.00
45.00,-0.038084,-69.00,45.00,-0.032898,-69.00,-7.000000E-4,-5.185300E-3,3.000000E-4,0.01,0.00,0.01,0.00
42.00,-0.047880,-69.00,42.00,-0.041728,-69.00,-8.000000E-4,-6.151100E-3,3.000000E-4,0.01,0.00,0.01,0.00
39.00,-0.058766,-69.00,39.00,-0.051585,-69.00,-9.000000E-4,-7.180200E-3,3.000000E-4,0.01,0.00,0.01,0.00
36.00,-0.070595,-69.00,36.00,-0.062329,-69.00,-1.000000E-3,-8.266700E-3,3.000000E-4,0.01,0.00,0.01,0.00
33.00,-0.082906,-69.00,33.00,-0.073501,-69.00,-1.000000E-3,-9.404500E-3,3.000000E-4,0.01,0.00,0.01,0.00
30.00,-0.095787,-69.00,30.00,-0.085191,-69.00,-1.200000E-3,-1.059520E-2,3.000000E-4,0.01,0.00,0.01,0.00
27.00,-0.108851,-69.00,27.00,-0.097011,-69.00,-1.200000E-3,-1.184020E-2,4.000000E-4,0.01,0.00,0.01,0.00
24.00,-0.122224,-69.00,24.00,-0.109095,-69.00,-1.300000E-3,-1.312900E-2,4.000000E-4,0.01,0.00,0.01,0.00
21.00,-0.134969,-68.99,21.00,-0.120517,-69.00,-1.400000E-3,-1.445200E-2,4.000000E-4,0.01,0.00,0.01,0.00
18.00,-0.147790,-68.99,18.00,-0.131995,-68.99,-1.500000E-3,-1.579500E-2,5.000000E-4,0.02,0.00,0.02,0.00
15.00,-0.159500,-68.99,15.00,-0.142350,-68.99,-1.500000E-3,-1.715000E-2,5.000000E-4,0.02,0.00,0.02,0.00
12.00,-0.169671,-68.99,12.00,-0.151167,-68.99,-1.600000E-3,-1.850400E-2,5.000000E-4,0.02,0.00,0.02,0.00
9.00,-0.178921,-68.99,9.00,-0.159081,-68.99,-1.650000E-3,-1.984000E-2,6.000000E-4,0.02,0.00,0.02,0.00
6.00,-0.185965,-68.99,6.00,-0.164819,-68.99,-1.700000E-3,-2.114600E-2,7.000000E-4,0.02,0.00,0.02,0.00
3.00,-0.191103,-68.99,3.00,-0.168706,-68.99,-1.690000E-3,-2.239700E-2,7.000000E-4,0.02,0.00,0.02,0.00
-0.001972,-0.194126,-68.99,-0.000277,-0.170547,-68.99,-1.694720E-3,-2.357900E-2,8.000000E-4,0.02,0.00,0.02,0.00
-3.00,-0.194982,-68.99,-3.00,-0.170318,-68.99,-1.650000E-3,-2.466400E-2,9.000000E-4,0.02,0.00,0.02,0.00
-6.00,-0.192830,-68.99,-6.00,-0.167196,-68.99,-1.590000E-3,-2.563400E-2,1.000000E-3,0.03,0.00,0.03,0.00
-9.00,-0.188781,-68.99,-9.00,-0.162319,-68.99,-1.490000E-3,-2.646200E-2,1.100000E-3,0.03,0.00,0.03,0.00
-12.00,-0.182240,-68.99,-12.00,-0.155120,-68.99,-1.400000E-3,-2.712000E-2,1.200000E-3,0.03,0.00,0.03,0.00
-15.00,-0.174440,-68.99,-15,-0.146858,-68.99,-1.200000E-3,-2.758200E-2,1.300000E-3,0.03,0.00,0.03,0.00
-18.00,-0.164604,-68.99,-18.00,-0.136786,-68.99,-1.100000E-3,-2.781800E-2,1.300000E-3,0.03,0.00,0.03,0.00
-21.00,-0.153360,-68.99,-21.00,-0.125553,-68.99,-9.000000E-4,-2.780700E-2,1.300000E-3,0.03,0.00,0.03,0.00
-24.00,-0.140866,-68.99,-24.00,-0.113343,-69.00,-8.000000E-4,-2.752300E-2,1.400000E-3,0.03,0.00,0.03,0.00
-27.00,-0.128086,-68.99,-27.00,-0.101132,-69.00,-5.000000E-4,-2.695400E-2,1.400000E-3,0.03,0.00,0.03,0.00
-30.00,-0.114663,-69.00,-30.00,-0.088571,-69.00,-3.000000E-4,-2.609160E-2,1.300000E-3,0.03,0.00,0.03,0.00
-33.00,-0.101458,-69.00,-33.00,-0.076519,-69.00,-2.000000E-4,-2.493920E-2,1.300000E-3,0.02,0.00,0.02,0.00
-36.00,-0.088283,-69.00,-36.00,-0.064773,-69.00,-1.000000E-4,-2.351010E-2,1.200000E-3,0.02,0.00,0.02,0.00
-39.00,-0.075535,-69.00,-39.00,-0.053724,-69.00,1.000000E-4,-2.181160E-2,1.100000E-3,0.02,0.00,0.02,0.00
-42.00,-0.063477,-69.00,-42.00,-0.043598,-69.00,1.000000E-4,-1.987980E-2,1.000000E-3,0.02,0.00,0.02,0.00
-45.00,-0.051979,-69.00,-45.00,-0.034230,-69.00,2.000000E-4,-1.774930E-2,9.000000E-4,0.02,0.00,0.02,0.00
-48.00,-0.042394,-69.00,-48.00,-0.026922,-69.00,3.000000E-4,-1.547220E-2,8.000000E-4,0.02,0.00,0.02,0.00
-51.00,-0.033283,-69.00,-51.00,-0.020182,-69.00,4.000000E-4,-1.310110E-2,7.000000E-4,0.01,0.00,0.01,0.00
-54.00,-0.025561,-69.00,-54.00,-0.014866,-69.00,4.000000E-4,-1.069430E-2,6.000000E-4,0.01,0.00,0.01,0.00
-57.00,-0.018422,-69.00,-57.00,-0.010108,-69.00,4.000000E-4,-8.313900E-3,6.000000E-4,0.01,0.00,0.01,0.00
-60.00,-0.012499,-69.00,-60.00,-0.006457,-69.00,4.000000E-4,-6.041810E-3,4.000000E-4,0.01,0.00,0.01,0.00
-63.00,-0.007731,-69.00,-63.00,-0.003757,-69.00,4.000000E-4,-3.974560E-3,4.000000E-4,0.00,0.00,0.00,0.00
-66.00,-0.003667,-69.00,-66.00,-0.001433,-69.00,2.000000E-4,-2.234470E-3,3.000000E-4,0.00,0.00,0.00,0.00
-69.00,-0.001405,-69.00,-69.00,-0.000451,-69.00,2.000000E-4,-9.534480E-4,2.000000E-4,0.00,0.00,0.00,0.00
-72.00,0.000002,-69.00,-72.00,0.000238,-69.00,1.000000E-4,-2.367453E-4,2.000000E-4,0.00,0.00,0.00,0.00
-75,-0.000001,-69,-75,-0.000001,-69,0.000000E+0,0.000000E+0,0.000000E+0,0,0,0,0
75,-0.000001,-72,75,-0.000001,-72,0.000000E+0,0.000000E+0,0.000000E+0,0,0,0,0
72.00,-0.000224,-72.00,72.00,-0.000194,-72.00,0.000000E+0,-3.018900E-5,0.000000E+0,0.00,0,0.00,0
69.00,0.000073,-72.00,69.00,0.000161,-72.00,-1.000000E-4,-8.731720E-5,1.000000E-4,0.00,0.00,0.00,0.00
66.00,-0.000578,-72.00,66.00,-0.000403,-72.00,-2.000000E-4,-1.746630E-4,1.000000E-4,0.00,0.00,0.00,0.00
63.00,-0.000569,-72.00,63.00,-0.000284,-72.00,-1.000000E-4,-2.851330E-4,2.000000E-4,0.00,0.00,0.00,0.00
60.00,-0.001965,-72.00,60.00,-0.001549,-72.00,-2.000000E-4,-4.164600E-4,1.000000E-4,0.00,0.00,0.00,0.00
57.00,-0.002758,-72.00,57.00,-0.002192,-72.00,-3.000000E-4,-5.657400E-4,1.000000E-4,0.00,0.00,0.00,0.00
54.00,-0.004171,-72.00,54.00,-0.003437,-72.00,-2.000000E-4,-7.336800E-4,2.000000E-4,0.00,0.00,0.00,0.00
51.00,-0.005600,-72.00,51.00,-0.004682,-72.00,-3.000000E-4,-9.177100E-4,1.000000E-4,0.00,0.00,0.00,0.00
48.00,-0.007706,-72.00,48.00,-0.006586,-72.00,-3.000000E-4,-1.120840E-3,1.000000E-4,0.00,0.00,0.00,0.00
45.00,-0.010076,-72.00,45.00,-0.008723,-72.00,-4.000000E-4,-1.353240E-3,2.000000E-4,0.00,0.00,0.00,0.00
42.00,-0.013227,-72.00,42.00,-0.011604,-72.00,-4.000000E-4,-1.623000E-3,2.000000E-4,0.00,0.00,0.00,0.00
39.00,-0.016713,-72.00,39.00,-0.014797,-72.00,-5.000000E-4,-1.915800E-3,2.000000E-4,0.00,0.00,0.00,0.00
36.00,-0.020036,-72.00,36.00,-0.017824,-72.00,-5.000000E-4,-2.212200E-3,2.000000E-4,0.00,0.00,0.00,0.00
33.00,-0.024309,-72.00,33.00,-0.021790,-72.00,-5.000000E-4,-2.519000E-3,2.000000E-4,0.00,0.00,0.00,0.00
30.00,-0.028083,-72.00,30.00,-0.025238,-72.00,-6.000000E-4,-2.844900E-3,3.000000E-4,0.00,0.00,0.00,0.00
27.00,-0.032262,-72.00,27.00,-0.029070,-72.00,-6.000000E-4,-3.192100E-3,3.000000E-4,0.00,0.00,0.00,0.00
24.00,-0.036175,-72.00,24.00,-0.032622,-72.00,-7.000000E-4,-3.553400E-3,3.000000E-4,0.00,0.00,0.00,0.00
21.00,-0.040668,-71.99,21.00,-0.036741,-72.00,-8.000000E-4,-3.927000E-3,3.000000E-4,0.00,0.00,0.00,0.00
18.00,-0.044847,-71.99,18.00,-0.040543,-71.99,-8.000000E-4,-4.304700E-3,4.000000E-4,0.00,0.00,0.00,0.00
15.00,-0.048545,-71.99,15.00,-0.043861,-71.99,-8.000000E-4,-4.683200E-3,4.000000E-4,0.00,0.00,0.00,0.00
12.00,-0.052331,-71.99,12.00,-0.047271,-71.99,-9.000000E-4,-5.060900E-3,5.000000E-4,0.01,0.00,0.01,0.00
9.00,-0.055215,-71.99,9.00,-0.049782,-71.99,-8.800000E-4,-5.432800E-3,6.000000E-4,0.01,0.00,0.01,0.00
6.00,-0.057726,-71.99,6.00,-0.051932,-71.99,-8.900000E-4,-5.794000E-3,6.000000E-4,0.01,0.00,0.01,0.00
3.00,-0.059574,-71.99,3.00,-0.053431,-71.99,-9.000000E-4,-6.143000E-3,7.000000E-4,0.01,0.00,0.01,0.00
-0.001168,-0.060334,-71.99,-0.000289,-0.053868,-71.99,-8.790610E-4,-6.465500E-3,7.000000E-4,0.01,0.00,0.01,0.00
-3.00,-0.060521,-71.99,-3.00,-0.053758,-71.99,-8.600000E-4,-6.762600E-3,7.000000E-4,0.01,0.00,0.01,0.00
-6.00,-0.060001,-71.99,-6.00,-0.052974,-71.99,-8.200000E-4,-7.027000E-3,8.000000E-4,0.01,0.00,0.01,0.00
-9.00,-0.058360,-71.99,-9.00,-0.051112,-71.99,-7.600000E-4,-7.248000E-3,8.000000E-4,0.01,0.00,0.01,0.00
-12.00,-0.056169,-71.99,-12.00,-0.048748,-71.99,-7.000000E-4,-7.420900E-3,9.000000E-4,0.01,0.00,0.01,0.00
-15.00,-0.053398,-71.99,-15.00,-0.045864,-71.99,-6.000000E-4,-7.533800E-3,9.000000E-4,0.01,0.00,0.01,0.00
-18.00,-0.049754,-71.99,-18.00,-0.042169,-71.99,-5.000000E-4,-7.585300E-3,9.000000E-4,0.01,0.00,0.01,0.00
-21.00,-0.045990,-71.99,-21.00,-0.038421,-71.99,-4.000000E-4,-7.568400E-3,1.000000E-3,0.01,0.00,0.01,0.00
-24.00,-0.041952,-71.99,-24.00,-0.034479,-72.00,-3.000000E-4,-7.473200E-3,9.000000E-4,0.01,0.00,0.01,0.00
-27.00,-0.037476,-72.00,-27.00,-0.030183,-72.00,-2.000000E-4,-7.293500E-3,8.000000E-4,0.01,0.00,0.01,0.00
-30.00,-0.033408,-72.00,-30.00,-0.026375,-72.00,-1.000000E-4,-7.033200E-3,8.000000E-4,0.01,0.00,0.01,0.00
-33.00,-0.029047,-72.00,-33.00,-0.022345,-72.00,-1.000000E-4,-6.701800E-3,7.000000E-4,0.01,0.00,0.01,0.00
-36.00,-0.025218,-72.00,-36.00,-0.018915,-72.00,1.000000E-4,-6.302900E-3,7.000000E-4,0.01,0.00,0.01,0.00
-39.00,-0.021005,-72.00,-39.00,-0.015171,-72.00,1.000000E-4,-5.833600E-3,7.000000E-4,0.01,0.00,0.01,0.00
-42.00,-0.017560,-72.00,-42.00,-0.012269,-72.00,1.000000E-4,-5.291700E-3,6.000000E-4,0.01,0.00,0.01,0.00
-45.00,-0.014193,-72.00,-45.00,-0.009488,-72.00,2.000000E-4,-4.704690E-3,5.000000E-4,0.00,0.00,0.00,0.00
-48.00,-0.011088,-72.00,-48.00,-0.006995,-72.00,2.000000E-4,-4.093110E-3,5.000000E-4,0.00,0.00,0.00,0.00
-51.00,-0.008536,-72.00,-51.00,-0.005071,-72.00,2.000000E-4,-3.465870E-3,4.000000E-4,0.00,0.00,0.00,0.00
-54.00,-0.006481,-72.00,-54.00,-0.003651,-72.00,2.000000E-4,-2.830050E-3,3.000000E-4,0.00,0.00,0.00,0.00
-57.00,-0.004600,-72.00,-57.00,-0.002399,-72.00,2.000000E-4,-2.200600E-3,3.000000E-4,0.00,0.00,0.00,0.00
-60.00,-0.002805,-72.00,-60.00,-0.001209,-72.00,2.000000E-4,-1.595290E-3,2.000000E-4,0.00,0.00,0.00,0.00
-63.00,-0.001938,-72.00,-63.00,-0.000894,-72.00,2.000000E-4,-1.043739E-3,2.000000E-4,0.00,0.00,0.00,0.00
-66.00,-0.000839,-72.00,-66.00,-0.000262,-72.00,1.000000E-4,-5.777190E-4,2.000000E-4,0.00,0.00,0.00,0.00
-69.00,-0.000309,-72.00,-69.00,-0.000072,-72.00,2.000000E-4,-2.372200E-4,1.000000E-4,0.00,0.00,0.00,0.00
-72.00,-0.000085,-72.00,-72.00,-0.000028,-72.00,1.000000E-4,-5.692820E-5,1.000000E-4,0.00,0.00,0.00,0.00
-75,-0.000001,-72,-75,-0.000001,-72,0.000000E+0,0.000000E+0,0.000000E+0,0,0,0,0
75,-0.000001,-75,75,-0.000001,-75,0.000000E+0,0.000000E+0,0.000000E+0,0,0,0,0
72,-0.000001,-75,72,-0.000001,-75,0.000000E+0,0.000000E+0,0.000000E+0,0,0,0,0
69,-0.000001,-75,69,-0.000001,-75,0.000000E+0,0.000000E+0,0.000000E+0,0,0,0,0
66,-0.000001,-75,66,-0.000001,-75,0.000000E+0,0.000000E+0,0.000000E+0,0,0,0,0
63,-0.000001,-75,63,-0.000001,-75,0.000000E+0,0.000000E+0,0.000000E+0,0,0,0,0
60,-0.000001,-75,60,-0.000001,-75,0.000000E+0,0.000000E+0,0.000000E+0,0,0,0,0
57,-0.000001,-75,57,-0.000001,-75,0.000000E+0,0.000000E+0,0.000000E+0,0,0,0,0
54,-0.000001,-75,54,-0.000001,-75,0.000000E+0,0.000000E+0,0.000000E+0,0,0,0,0
51,-0.000001,-75,51,-0.000001,-75,0.000000E+0,0.000000E+0,0.000000E+0,0,0,0,0
48,-0.000001,-75,48,-0.000001,-75,0.000000E+0,0.000000E+0,0.000000E+0,0,0,0,0
45,-0.000001,-75,45,-0.000001,-75,0.000000E+0,0.000000E+0,0.000000E+0,0,0,0,0
42,-0.000001,-75,42,-0.000001,-75,0.000000E+0,0.000000E+0,0.000000E+0,0,0,0,0
39,-0.000001,-75,39,-0.000001,-75,0.000000E+0,0.000000E+0,0.000000E+0,0,0,0,0
36,-0.000001,-75,36,-0.000001,-75,0.000000E+0,0.000000E+0,0.000000E+0,0,0,0,0
33,-0.000001,-75,33,-0.000001,-75,0.000000E+0,0.000000E+0,0.000000E+0,0,0,0,0
30,-0.000001,-75,30,-0.000001,-75,0.000000E+0,0.000000E+0,0.000000E+0,0,0,0,0
27,-0.000001,-75,27,-0.000001,-75,0.000000E+0,0.000000E+0,0.000000E+0,0,0,0,0
24,-0.000001,-75,24,-0.000001,-75,0.000000E+0,0.000000E+0,0.000000E+0,0,0,0,0
21,-0.000001,-75,21,-0.000001,-75,0.000000E+0,0.000000E+0,0.000000E+0,0,0,0,0
18,-0.000001,-75,18,-0.000001,-75,0.000000E+0,0.000000E+0,0.000000E+0,0,0,0,0
15,-0.000001,-75,15,-0.000001,-75,0.000000E+0,0.000000E+0,0.000000E+0,0,0,0,0
12,-0.000001,-75,12,-0.000001,-75,0.000000E+0,0.000000E+0,0.000000E+0,0,0,0,0
9,-0.000001,-75,9,-0.000001,-75,0.000000E+0,0.000000E+0,0.000000E+0,0,0,0,0
6,-0.000001,-75,6,-0.000001,-75,0.000000E+0,0.000000E+0,0.000000E+0,0,0,0,0
3,-0.000001,-75,3,-0.000001,-75,0.000000E+0,0.000000E+0,0.000000E+0,0,0,0,0
0,-0.000001,-75,0.000000,-0.000001,-75,6.530080E-35,0.000000E+0,0.000000E+0,0.00,0.00,0,0
-3,-0.000001,-75,-3,-0.000001,-75,0.000000E+0,0.000000E+0,0.000000E+0,0,0,0,0
-6,-0.000001,-75,-6,-0.000001,-75,0.000000E+0,0.000000E+0,0.000000E+0,0,0,0,0
-9,-0.000001,-75,-9,-0.000001,-75,0.000000E+0,0.000000E+0,0.000000E+0,0,0,0,0
-12,-0.000001,-75,-12,-0.000001,-75,0.000000E+0,0.000000E+0,0.000000E+0,0,0,0,0
-15,-0.000001,-75,-15,-0.000001,-75,0.000000E+0,0.000000E+0,0.000000E+0,0,0,0,0
-18,-0.000001,-75,-18,-0.000001,-75,0.000000E+0,0.000000E+0,0.000000E+0,0,0,0,0
-21,-0.000001,-75,-21,-0.000001,-75,0.000000E+0,0.000000E+0,0.000000E+0,0,0,0,0
-24,-0.000001,-75,-24,-0.000001,-75,0.000000E+0,0.000000E+0,0.000000E+0,0,0,0,0
-27,-0.000001,-75,-27,-0.000001,-75,0.000000E+0,0.000000E+0,0.000000E+0,0,0,0,0
-30,-0.000001,-75,-30,-0.000001,-75,0.000000E+0,0.000000E+0,0.000000E+0,0,0,0,0
-33,-0.000001,-75,-33,-0.000001,-75,0.000000E+0,0.000000E+0,0.000000E+0,0,0,0,0
-36,-0.000001,-75,-36,-0.000001,-75,0.000000E+0,0.000000E+0,0.000000E+0,0,0,0,0
-39,-0.000001,-75,-39,-0.000001,-75,0.000000E+0,0.000000E+0,0.000000E+0,0,0,0,0
-42,-0.000001,-75,-42,-0.000001,-75,0.000000E+0,0.000000E+0,0.000000E+0,0,0,0,0
-45,-0.000001,-75,-45,-0.000001,-75,0.000000E+0,0.000000E+0,0.000000E+0,0,0,0,0
-48,-0.000001,-75,-48,-0.000001,-75,0.000000E+0,0.000000E+0,0.000000E+0,0,0,0,0
-51,-0.000001,-75,-51,-0.000001,-75,0.000000E+0,0.000000E+0,0.000000E+0,0,0,0,0
-54,-0.000001,-75,-54,-0.000001,-75,0.000000E+0,0.000000E+0,0.000000E+0,0,0,0,0
-57,-0.000001,-75,-57,-0.000001,-75,0.000000E+0,0.000000E+0,0.000000E+0,0,0,0,0
-60,-0.000001,-75,-60,-0.000001,-75,0.000000E+0,0.000000E+0,0.000000E+0,0,0,0,0
-63,-0.000001,-75,-63,-0.000001,-75,0.000000E+0,0.000000E+0,0.000000E+0,0,0,0,0
-66,-0.000001,-75,-66,-0.000001,-75,0.000000E+0,0.000000E+0,0.000000E+0,0,0,0,0
-69,-0.000001,-75,-69,-0.000001,-75,0.000000E+0,0.000000E+0,0.000000E+0,0,0,0,0
-72,-0.000001,-75,-72,-0.000001,-75,0.000000E+0,0.000000E+0,0.000000E+0,0,0,0,0
-75,-0.000001,-75,-75,-0.000001,-75,0.000000E+0,0.000000E+0,0.000000E+0,0,0,0,0
