x,y,z,diff_x,diff_y,diff_z,d_x,d_y,d_z,d_n,di_x,di_y,di_z
75,0.000001,75,75,0.000001,75,0.000000E+0,0.000000E+0,0.000000E+0,0,0,0,0
72,0.000001,75,72,0.000001,75,0.000000E+0,0.000000E+0,0.000000E+0,0,0,0,0
69,0.000001,75,69,0.000001,75,0.000000E+0,0.000000E+0,0.000000E+0,0,0,0,0
66,0.000001,75,66,0.000001,75,0.000000E+0,0.000000E+0,0.000000E+0,0,0,0,0
63,0.000001,75,63,0.000001,75,0.000000E+0,0.000000E+0,0.000000E+0,0,0,0,0
60,0.000001,75,60,0.000001,75,0.000000E+0,0.000000E+0,0.000000E+0,0,0,0,0
57,0.000001,75,57,0.000001,75,0.000000E+0,0.000000E+0,0.000000E+0,0,0,0,0
54,0.000001,75,54,0.000001,75,0.000000E+0,0.000000E+0,0.000000E+0,0,0,0,0
51,0.000001,75,51,0.000001,75,0.000000E+0,0.000000E+0,0.000000E+0,0,0,0,0
48,0.000001,75,48,0.000001,75,0.000000E+0,0.000000E+0,0.000000E+0,0,0,0,0
45,0.000001,75,45,0.000001,75,0.000000E+0,0.000000E+0,0.000000E+0,0,0,0,0
42,0.000001,75,42,0.000001,75,0.000000E+0,0.000000E+0,0.000000E+0,0,0,0,0
39,0.000001,75,39,0.000001,75,0.000000E+0,0.000000E+0,0.000000E+0,0,0,0,0
36,0.000001,75,36,0.000001,75,0.000000E+0,0.000000E+0,0.000000E+0,0,0,0,0
33,0.000001,75,33,0.000001,75,0.000000E+0,0.000000E+0,0.000000E+0,0,0,0,0
30,0.000001,75,30,0.000001,75,0.000000E+0,0.000000E+0,0.000000E+0,0,0,0,0
27,0.000001,75,27,0.000001,75,0.000000E+0,0.000000E+0,0.000000E+0,0,0,0,0
24,0.000001,75,24,0.000001,75,0.000000E+0,0.000000E+0,0.000000E+0,0,0,0,0
21,0.000001,75,21,0.000001,75,0.000000E+0,0.000000E+0,0.000000E+0,0,0,0,0
18,0.000001,75,18,0.000001,75,0.000000E+0,0.000000E+0,0.000000E+0,0,0,0,0
15,0.000001,75,15,0.000001,75,0.000000E+0,0.000000E+0,0.000000E+0,0,0,0,0
12,0.000001,75,12,0.000001,75,0.000000E+0,0.000000E+0,0.000000E+0,0,0,0,0
9,0.000001,75,9,0.000001,75,0.000000E+0,0.000000E+0,0.000000E+0,0,0,0,0
6,0.000001,75,6,0.000001,75,0.000000E+0,0.000000E+0,0.000000E+0,0,0,0,0
3,0.000001,75,3,0.000001,75,0.000000E+0,0.000000E+0,0.000000E+0,0,0,0,0
0,0.000001,75,0.000000,0.000001,75,7.424430E-35,0.000000E+0,0.000000E+0,0.00,0.00,0,0
-3,0.000001,75,-3,0.000001,75,0.000000E+0,0.000000E+0,0.000000E+0,0,0,0,0
-6,0.000001,75,-6,0.000001,75,0.000000E+0,0.000000E+0,0.000000E+0,0,0,0,0
-9,0.000001,75,-9,0.000001,75,0.000000E+0,0.000000E+0,0.000000E+0,0,0,0,0
-12,0.000001,75,-12,0.000001,75,0.000000E+0,0.000000E+0,0.000000E+0,0,0,0,0
-15,0.000001,75,-15,0.000001,75,0.000000E+0,0.000000E+0,0.000000E+0,0,0,0,0
-18,0.000001,75,-18,0.000001,75,0.000000E+0,0.000000E+0,0.000000E+0,0,0,0,0
-21,0.000001,75,-21,0.000001,75,0.000000E+0,0.000000E+0,0.000000E+0,0,0,0,0
-24,0.000001,75,-24,0.000001,75,0.000000E+0,0.000000E+0,0.000000E+0,0,0,0,0
-27,0.000001,75,-27,0.000001,75,0.000000E+0,0.000000E+0,0.000000E+0,0,0,0,0
-30,0.000001,75,-30,0.000001,75,0.000000E+0,0.000000E+0,0.000000E+0,0,0,0,0
-33,0.000001,75,-33,0.000001,75,0.000000E+0,0.000000E+0,0.000000E+0,0,0,0,0
-36,0.000001,75,-36,0.000001,75,0.000000E+0,0.000000E+0,0.000000E+0,0,0,0,0
-39,0.000001,75,-39,0.000001,75,0.000000E+0,0.000000E+0,0.000000E+0,0,0,0,0
-42,0.000001,75,-42,0.000001,75,0.000000E+0,0.000000E+0,0.000000E+0,0,0,0,0
-45,0.000001,75,-45,0.000001,75,0.000000E+0,0.000000E+0,0.000000E+0,0,0,0,0
-48,0.000001,75,-48,0.000001,75,0.000000E+0,0.000000E+0,0.000000E+0,0,0,0,0
-51,0.000001,75,-51,0.000001,75,0.000000E+0,0.000000E+0,0.000000E+0,0,0,0,0
-54,0.000001,75,-54,0.000001,75,0.000000E+0,0.000000E+0,0.000000E+0,0,0,0,0
-57,0.000001,75,-57,0.000001,75,0.000000E+0,0.000000E+0,0.000000E+0,0,0,0,0
-60,0.000001,75,-60,0.000001,75,0.000000E+0,0.000000E+0,0.000000E+0,0,0,0,0
-63,0.000001,75,-63,0.000001,75,0.000000E+0,0.000000E+0,0.000000E+0,0,0,0,0
-66,0.000001,75,-66,0.000001,75,0.000000E+0,0.000000E+0,0.000000E+0,0,0,0,0
-69,0.000001,75,-69,0.000001,75,0.000000E+0,0.000000E+0,0.000000E+0,0,0,0,0
-72,0.000001,75,-72,0.000001,75,0.000000E+0,0.000000E+0,0.000000E+0,0,0,0,0
-75,0.000001,75,-75,0.000001,75,0.000000E+0,0.000000E+0,0.000000E+0,0,0,0,0
75,0.000001,72,75,0.000001,72,0.000000E+0,0.000000E+0,0.000000E+0,0,0,0,0
72.00,-0.000292,72.00,72.00,-0.000258,72.00,0.000000E+0,-3.467000E-5,0.000000E+0,0.00,0,0.00,0
69.00,0.000114,72.00,69.00,0.000240,72.00,-1.000000E-4,-1.256870E-4,-1.000000E-4,0.00,0.00,0.00,0.00
66.00,-0.000385,72.00,66.00,-0.000106,72.00,-2.000000E-4,-2.794860E-4,-1.000000E-4,0.00,0.00,0.00,0.00
63.00,-0.000828,72.00,63.00,-0.000350,72.00,-1.000000E-4,-4.776470E-4,-1.000000E-4,0.00,0.00,0.00,0.00
60.00,-0.001686,72.00,60.00,-0.000983,72.00,-2.000000E-4,-7.025640E-4,-1.000000E-4,0.00,0.00,0.00,0.00
57.00,-0.002781,72.00,57.00,-0.001838,72.00,-3.000000E-4,-9.428500E-4,-1.000000E-4,0.00,0.00,0.00,0.00
54.00,-0.003831,72.00,54.00,-0.002643,72.00,-3.000000E-4,-1.187960E-3,-1.000000E-4,0.00,0.00,0.00,0.00
51.00,-0.005253,72.00,51.00,-0.003820,72.00,-3.000000E-4,-1.433160E-3,-2.000000E-4,0.00,0.00,0.00,0.00
48.00,-0.006818,72.00,48.00,-0.005138,72.00,-4.000000E-4,-1.679670E-3,-2.000000E-4,0.00,0.00,0.00,0.00
45.00,-0.008570,72.00,45.00,-0.006636,72.00,-4.000000E-4,-1.933900E-3,-2.000000E-4,0.00,0.00,0.00,0.00
42.00,-0.010892,72.00,42.00,-0.008691,72.00,-4.000000E-4,-2.201300E-3,-2.000000E-4,0.00,0.00,0.00,0.00
39.00,-0.013452,72.00,39.00,-0.010957,72.00,-5.000000E-4,-2.494900E-3,-3.000000E-4,0.00,0.00,0.00,0.00
36.00,-0.016481,72.00,36.00,-0.013674,72.00,-5.000000E-4,-2.807400E-3,-3.000000E-4,0.00,0.00,0.00,0.00
33.00,-0.019969,72.00,33.00,-0.016844,72.00,-5.000000E-4,-3.124600E-3,-3.000000E-4,0.00,0.00,0.00,0.00
30.00,-0.023318,72.00,30.00,-0.019870,72.00,-6.000000E-4,-3.448200E-3,-3.000000E-4,0.00,0.00,0.00,0.00
27.00,-0.026684,72.00,27.00,-0.022896,72.00,-6.000000E-4,-3.788000E-3,-3.000000E-4,0.00,0.00,0.00,0.00
24.00,-0.030447,72.00,24.00,-0.026306,72.00,-7.000000E-4,-4.140500E-3,-4.000000E-4,0.00,0.00,0.00,0.00
21.00,-0.034072,72.00,21.00,-0.029570,72.00,-7.000000E-4,-4.502000E-3,-5.000000E-4,0.00,0.00,0.00,0.00
18.00,-0.037465,72.00,18.00,-0.032596,72.00,-8.000000E-4,-4.868900E-3,-5.000000E-4,0.00,0.00,0.00,0.00
15.00,-0.040838,71.99,15.00,-0.035610,72.00,-7.000000E-4,-5.228400E-3,-5.000000E-4,0.01,0.00,0.01,0.00
12.00,-0.043602,71.99,12.00,-0.038027,71.99,-8.000000E-4,-5.575300E-3,-5.000000E-4,0.01,0.00,0.01,0.00
9.00,-0.046083,71.99,9.00,-0.040172,71.99,-8.100000E-4,-5.910900E-3,-6.000000E-4,0.01,0.00,0.01,0.00
6.00,-0.048017,71.99,6.00,-0.041786,71.99,-8.200000E-4,-6.230900E-3,-6.000000E-4,0.01,0.00,0.01,0.00
3.00,-0.049425,71.99,3.00,-0.042896,71.99,-8.100000E-4,-6.529300E-3,-7.000000E-4,0.01,0.00,0.01,0.00
-0.000686,-0.050096,71.99,0.000110,-0.043298,71.99,-7.965520E-4,-6.798000E-3,-7.000000E-4,0.01,0.00,0.01,0.00
-3.00,-0.050142,71.99,-3.00,-0.043119,71.99,-7.700000E-4,-7.023000E-3,-8.000000E-4,0.01,0.00,0.01,0.00
-6.00,-0.050163,71.99,-6.00,-0.042960,71.99,-7.300000E-4,-7.203000E-3,-8.000000E-4,0.01,0.00,0.01,0.00
-9.00,-0.048405,71.99,-9.00,-0.041075,71.99,-6.800000E-4,-7.329900E-3,-8.000000E-4,0.01,0.00,0.01,0.00
-12.00,-0.046692,71.99,-12.00,-0.039286,71.99,-7.000000E-4,-7.405600E-3,-8.000000E-4,0.01,0.00,0.01,0.00
-15,-0.044232,71.99,-15.00,-0.036803,72.00,-5.000000E-4,-7.429700E-3,-9.000000E-4,0.01,0.00,0.01,0.00
-18.00,-0.041569,71.99,-18.00,-0.034162,72.00,-5.000000E-4,-7.406700E-3,-9.000000E-4,0.01,0.00,0.01,0.00
-21.00,-0.038451,72.00,-21.00,-0.031120,72.00,-4.000000E-4,-7.330800E-3,-1.000000E-3,0.01,0.00,0.01,0.00
-24.00,-0.035501,72.00,-24.00,-0.028306,72.00,-2.000000E-4,-7.195000E-3,-9.000000E-4,0.01,0.00,0.01,0.00
-27.00,-0.032062,72.00,-27.00,-0.025061,72.00,-2.000000E-4,-7.001000E-3,-8.000000E-4,0.01,0.00,0.01,0.00
-30.00,-0.028661,72.00,-30.00,-0.021908,72.00,-1.000000E-4,-6.752400E-3,-8.000000E-4,0.01,0.00,0.01,0.00
-33.00,-0.025153,72.00,-33.00,-0.018706,72.00,0.000000E+0,-6.446400E-3,-8.000000E-4,0.01,0,0.01,0.00
-36.00,-0.021791,72.00,-36.00,-0.015715,72.00,0.000000E+0,-6.076300E-3,-7.000000E-4,0.01,0,0.01,0.00
-39.00,-0.018277,72.00,-39.00,-0.012640,72.00,1.000000E-4,-5.637100E-3,-7.000000E-4,0.01,0.00,0.01,0.00
-42.00,-0.015153,72.00,-42.00,-0.010010,72.00,2.000000E-4,-5.142900E-3,-6.000000E-4,0.01,0.00,0.01,0.00
-45.00,-0.012513,72.00,-45.00,-0.007908,72.00,2.000000E-4,-4.605320E-3,-5.000000E-4,0.00,0.00,0.00,0.00
-48.00,-0.010039,72.00,-48.00,-0.006010,72.00,2.000000E-4,-4.028780E-3,-5.000000E-4,0.00,0.00,0.00,0.00
-51.00,-0.008153,72.00,-51.00,-0.004732,72.00,2.000000E-4,-3.420910E-3,-4.000000E-4,0.00,0.00,0.00,0.00
-54.00,-0.005852,72.00,-54.00,-0.003061,72.00,2.000000E-4,-2.791520E-3,-4.000000E-4,0.00,0.00,0.00,0.00
-57.00,-0.004200,72.00,-57.00,-0.002038,72.00,3.000000E-4,-2.161640E-3,-3.000000E-4,0.00,0.00,0.00,0.00
-60.00,-0.002581,72.00,-60.00,-0.001023,72.00,2.000000E-4,-1.557940E-3,-2.000000E-4,0.00,0.00,0.00,0.00
-63.00,-0.001592,72.00,-63.00,-0.000581,72.00,2.000000E-4,-1.010464E-3,-3.000000E-4,0.00,0.00,0.00,0.00
-66.00,-0.000591,72.00,-66.00,-0.000038,72.00,2.000000E-4,-5.523291E-4,-2.000000E-4,0.00,0.00,0.00,0.00
-69.00,-0.000105,72.00,-69.00,0.000117,72.00,2.000000E-4,-2.219780E-4,-1.000000E-4,0.00,0.00,0.00,0.00
-72.00,-0.000350,72.00,-72.00,-0.000298,72.00,1.000000E-4,-5.172800E-5,-1.000000E-4,0.00,0.00,0.00,0.00
-75,0.000001,72,-75,0.000001,72,0.000000E+0,0.000000E+0,0.000000E+0,0,0,0,0
75,0.000001,69,75,0.000001,69,0.000000E+0,0.000000E+0,0.000000E+0,0,0,0,0
72.00,0.000138,69.00,72.00,0.000265,69.00,-1.000000E-4,-1.263040E-4,-1.000000E-4,0.00,0.00,0.00,0.00
69.00,-0.000751,69.00,69.00,-0.000292,69.00,-2.000000E-4,-4.582870E-4,-1.000000E-4,0.00,0.00,0.00,0.00
66.00,-0.001816,69.00,66.00,-0.000801,69.00,-3.000000E-4,-1.015024E-3,-2.000000E-4,0.00,0.00,0.00,0.00
63.00,-0.003750,69.00,63.00,-0.002008,69.00,-3.000000E-4,-1.741860E-3,-2.000000E-4,0.00,0.00,0.00,0.00
60.00,-0.007128,69.00,60.00,-0.004548,69.00,-4.000000E-4,-2.580550E-3,-2.000000E-4,0.00,0.00,0.00,0.00
57.00,-0.010794,69.00,57.00,-0.007310,69.00,-4.000000E-4,-3.483830E-3,-3.000000E-4,0.00,0.00,0.00,0.00
54.00,-0.014948,69.00,54.00,-0.010528,69.00,-6.000000E-4,-4.420000E-3,-2.000000E-4,0.00,0.00,0.00,0.00
51.00,-0.020095,69.00,51.00,-0.014722,69.00,-6.000000E-4,-5.372300E-3,-3.000000E-4,0.01,0.00,0.01,0.00
48.00,-0.025916,69.00,48.00,-0.019577,69.00,-7.000000E-4,-6.339000E-3,-3.000000E-4,0.01,0.00,0.01,0.00
45.00,-0.032544,69.00,45.00,-0.025217,69.00,-8.000000E-4,-7.326400E-3,-4.000000E-4,0.01,0.00,0.01,0.00
42.00,-0.040166,69.00,42.00,-0.031813,69.00,-9.000000E-4,-8.352300E-3,-4.000000E-4,0.01,0.00,0.01,0.00
39.00,-0.049280,69.00,39.00,-0.039861,69.00,-9.000000E-4,-9.418800E-3,-4.000000E-4,0.01,0.00,0.01,0.00
36.00,-0.058977,69.00,36.00,-0.048447,69.00,-1.000000E-3,-1.052970E-2,-4.000000E-4,0.01,0.00,0.01,0.00
33.00,-0.069476,69.00,33.00,-0.057792,69.00,-1.100000E-3,-1.168450E-2,-5.000000E-4,0.01,0.00,0.01,0.00
30.00,-0.080687,69.00,30.00,-0.067809,69.00,-1.200000E-3,-1.287840E-2,-5.000000E-4,0.01,0.00,0.01,0.00
27.00,-0.091604,69.00,27.00,-0.077497,69.00,-1.200000E-3,-1.410740E-2,-5.000000E-4,0.01,0.00,0.01,0.00
24.00,-0.103162,69.00,24.00,-0.087790,69.00,-1.300000E-3,-1.537230E-2,-5.000000E-4,0.02,0.00,0.02,0.00
21.00,-0.114145,69.00,21.00,-0.097484,69.00,-1.400000E-3,-1.666100E-2,-6.000000E-4,0.02,0.00,0.02,0.00
18.00,-0.124877,69.00,18.00,-0.106921,69.00,-1.400000E-3,-1.795600E-2,-6.000000E-4,0.02,0.00,0.02,0.00
15.00,-0.134879,68.99,15.00,-0.115636,69.00,-1.500000E-3,-1.924300E-2,-7.000000E-4,0.02,0.00,0.02,0.00
12.00,-0.143815,68.99,12.00,-0.123314,69.00,-1.600000E-3,-2.050100E-2,-8.000000E-4,0.02,0.00,0.02,0.00
9.00,-0.151111,68.99,9.00,-0.129393,68.99,-1.550000E-3,-2.171800E-2,-8.000000E-4,0.02,0.00,0.02,0.00
6.00,-0.156952,68.99,6.00,-0.134074,68.99,-1.550000E-3,-2.287800E-2,-8.000000E-4,0.02,0.00,0.02,0.00
3.00,-0.161316,68.99,3.00,-0.137358,68.99,-1.550000E-3,-2.395800E-2,-9.000000E-4,0.02,0.00,0.02,0.00
-0.001413,-0.163772,68.99,0.000106,-0.138846,68.99,-1.518555E-3,-2.492600E-2,-1.000000E-3,0.02,0.00,0.02,0.00
-3.00,-0.164304,68.99,-3.00,-0.138553,68.99,-1.480000E-3,-2.575100E-2,-1.100000E-3,0.03,0.00,0.03,0.00
-6.00,-0.162654,68.99,-6.00,-0.136241,68.99,-1.400000E-3,-2.641300E-2,-1.200000E-3,0.03,0.00,0.03,0.00
-9.00,-0.159484,68.99,-9.00,-0.132580,68.99,-1.330000E-3,-2.690400E-2,-1.200000E-3,0.03,0.00,0.03,0.00
-12.00,-0.154300,68.99,-12.00,-0.127082,69.00,-1.200000E-3,-2.721800E-2,-1.200000E-3,0.03,0.00,0.03,0.00
-15.00,-0.147649,68.99,-15.00,-0.120297,69.00,-1.100000E-3,-2.735200E-2,-1.300000E-3,0.03,0.00,0.03,0.00
-18.00,-0.139597,68.99,-18.00,-0.112290,69.00,-1.000000E-3,-2.730700E-2,-1.300000E-3,0.03,0.00,0.03,0.00
-21.00,-0.130237,68.99,-21.00,-0.103164,69.00,-8.000000E-4,-2.707300E-2,-1.400000E-3,0.03,0.00,0.03,0.00
-24.00,-0.120712,69.00,-24.00,-0.094081,69.00,-7.000000E-4,-2.663110E-2,-1.400000E-3,0.03,0.00,0.03,0.00
-27,-0.110033,69.00,-27.00,-0.084060,69.00,-5.000000E-4,-2.597310E-2,-1.400000E-3,0.03,0.00,0.03,0.00
-30.00,-0.099400,69.00,-30.00,-0.074302,69.00,-3.000000E-4,-2.509800E-2,-1.400000E-3,0.03,0.00,0.03,0.00
-33.00,-0.088295,69.00,-33.00,-0.064296,69.00,-1.000000E-4,-2.399920E-2,-1.300000E-3,0.02,0.00,0.02,0.00
-36.00,-0.077067,69.00,-36.00,-0.054396,69.00,0.000000E+0,-2.267070E-2,-1.200000E-3,0.02,0,0.02,0.00
-39.00,-0.066555,69.00,-39.00,-0.045442,69.00,1.000000E-4,-2.111220E-2,-1.200000E-3,0.02,0.00,0.02,0.00
-42.00,-0.056442,69.00,-42.00,-0.037114,69.00,2.000000E-4,-1.932870E-2,-1.100000E-3,0.02,0.00,0.02,0.00
-45.00,-0.047188,69.00,-45.00,-0.029846,69.00,2.000000E-4,-1.734170E-2,-1.000000E-3,0.02,0.00,0.02,0.00
-48.00,-0.038349,69.00,-48.00,-0.023167,69.00,4.000000E-4,-1.518170E-2,-9.000000E-4,0.02,0.00,0.02,0.00
-51.00,-0.030554,69.00,-51.00,-0.017664,69.00,4.000000E-4,-1.289000E-2,-8.000000E-4,0.01,0.00,0.01,0.00
-54.00,-0.023260,69.00,-54.00,-0.012732,69.00,3.000000E-4,-1.052800E-2,-7.000000E-4,0.01,0.00,0.01,0.00
-57.00,-0.017080,69.00,-57.00,-0.008908,69.00,4.000000E-4,-8.172050E-3,-6.000000E-4,0.01,0.00,0.01,0.00
-60.00,-0.011407,69.00,-60.00,-0.005490,69.00,3.000000E-4,-5.916840E-3,-5.000000E-4,0.01,0.00,0.01,0.00
-63.00,-0.006662,69.00,-63.00,-0.002791,69.00,3.000000E-4,-3.871380E-3,-4.000000E-4,0.00,0.00,0.00,0.00
-66.00,-0.003499,69.00,-66.00,-0.001340,69.00,2.000000E-4,-2.158910E-3,-4.000000E-4,0.00,0.00,0.00,0.00
-69.00,-0.000991,69.00,-69.00,-0.000080,69.00,2.000000E-4,-9.105145E-4,-3.000000E-4,0.00,0.00,0.00,0.00
-72.00,-0.000236,69.00,-72.00,-0.000014,69.00,1.000000E-4,-2.220088E-4,-2.000000E-4,0.00,0.00,0.00,0.00
-75,0.000001,69,-75,0.000001,69,0.000000E+0,0.000000E+0,0.000000E+0,0,0,0,0
75,0.000001,66,75,0.000001,66,0.000000E+0,0.000000E+0,0.000000E+0,0,0,0,0
72.00,-0.000500,66.00,72.00,-0.000218,66.00,-1.000000E-4,-2.822820E-4,-1.000000E-4,0.00,0.00,0.00,0.00
69.00,-0.001662,66.00,69.00,-0.000642,66.00,-3.000000E-4,-1.019725E-3,-2.000000E-4,0.00,0.00,0.00,0.00
66.00,-0.004762,66.00,66.00,-0.002576,66.00,-4.000000E-4,-2.185860E-3,-2.000000E-4,0.00,0.00,0.00,0.00
63.00,-0.009655,66.00,63.00,-0.005972,66.00,-4.000000E-4,-3.683240E-3,-2.000000E-4,0.00,0.00,0.00,0.00
60.00,-0.015992,66.00,60.00,-0.010585,66.00,-6.000000E-4,-5.406700E-3,-3.000000E-4,0.01,0.00,0.01,0.00
57.00,-0.023759,66.00,57.00,-0.016491,66.00,-7.000000E-4,-7.267300E-3,-3.000000E-4,0.01,0.00,0.01,0.00
54.00,-0.033242,66.00,54.00,-0.024039,66.00,-8.000000E-4,-9.203400E-3,-3.000000E-4,0.01,0.00,0.01,0.00
51.00,-0.043646,66.00,51.00,-0.032466,66.00,-9.000000E-4,-1.117990E-2,-3.000000E-4,0.01,0.00,0.01,0.00
48.00,-0.055610,66.00,48.00,-0.042424,66.00,-1.000000E-3,-1.318670E-2,-3.000000E-4,0.01,0.00,0.01,0.00
45.00,-0.069169,66.00,45.00,-0.053938,66.00,-1.100000E-3,-1.523110E-2,-4.000000E-4,0.02,0.00,0.02,0.00
42.00,-0.083903,66.00,42.00,-0.066575,66.00,-1.200000E-3,-1.732830E-2,-4.000000E-4,0.02,0.00,0.02,0.00
39.00,-0.100377,66.00,39.00,-0.080883,66.00,-1.300000E-3,-1.949400E-2,-4.000000E-4,0.02,0.00,0.02,0.00
36.00,-0.117975,66.00,36.00,-0.096242,66.00,-1.400000E-3,-2.173280E-2,-4.000000E-4,0.02,0.00,0.02,0.00
33.00,-0.136877,66.00,33.00,-0.112823,66.00,-1.500000E-3,-2.405400E-2,-5.000000E-4,0.02,0.00,0.02,0.00
30.00,-0.156507,66.00,30.00,-0.130055,66.00,-1.700000E-3,-2.645200E-2,-5.000000E-4,0.03,0.00,0.03,0.00
27.00,-0.176227,66.00,27.00,-0.147304,66.00,-1.700000E-3,-2.892300E-2,-5.000000E-4,0.03,0.00,0.03,0.00
24.00,-0.195968,66.00,24,-0.164512,66.00,-1.900000E-3,-3.145600E-2,-5.000000E-4,0.03,0.00,0.03,0.00
21.00,-0.215312,66.00,21,-0.181279,66.00,-1.900000E-3,-3.403300E-2,-5.000000E-4,0.03,0.00,0.03,0.00
18.00,-0.233680,66.00,18.00,-0.197049,66.00,-2.000000E-3,-3.663100E-2,-5.000000E-4,0.04,0.00,0.04,0.00
15.00,-0.250471,66.00,15.00,-0.211253,66.00,-2.000000E-3,-3.921800E-2,-5.000000E-4,0.04,0.00,0.04,0.00
12.00,-0.265484,66.00,12.00,-0.223722,66.00,-2.100000E-3,-4.176200E-2,-6.000000E-4,0.04,0.00,0.04,0.00
9.00,-0.278275,66.00,9.00,-0.234047,66.00,-2.160000E-3,-4.422800E-2,-5.000000E-4,0.04,0.00,0.04,0.00
6.00,-0.288574,66.00,6.00,-0.241999,66.00,-2.210000E-3,-4.657500E-2,-6.000000E-4,0.05,0.00,0.05,0.00
3.00,-0.296075,66.00,3.00,-0.247325,66.00,-2.190000E-3,-4.875000E-2,-7.000000E-4,0.05,0.00,0.05,0.00
-0.002057,-0.300451,66.00,0.000141,-0.249749,66.00,-2.198660E-3,-5.070200E-2,-8.000000E-4,0.05,0.00,0.05,0.00
-3.00,-0.301552,66.00,-3.00,-0.249174,66.00,-2.140000E-3,-5.237800E-2,-8.000000E-4,0.05,0.00,0.05,0.00
-6.00,-0.299757,66.00,-6.00,-0.246014,66.00,-2.080000E-3,-5.374300E-2,-1.000000E-3,0.05,0.00,0.05,0.00
-9.00,-0.294566,66.00,-9.00,-0.239795,66.00,-1.970000E-3,-5.477100E-2,-1.100000E-3,0.05,0.00,0.05,0.00
-12.00,-0.286486,66.00,-12,-0.231034,66.00,-1.900000E-3,-5.545200E-2,-1.200000E-3,0.06,0.00,0.06,0.00
-15.00,-0.275834,66.00,-15,-0.220053,66.00,-1.700000E-3,-5.578100E-2,-1.300000E-3,0.06,0.00,0.06,0.00
-18.00,-0.262674,66.00,-18,-0.206932,66.00,-1.500000E-3,-5.574200E-2,-1.400000E-3,0.06,0.00,0.06,0.00
-21.00,-0.247514,66.00,-21,-0.192192,66.00,-1.300000E-3,-5.532200E-2,-1.600000E-3,0.06,0.00,0.06,0.00
-24.00,-0.230793,66.00,-24.00,-0.176297,66.00,-1.100000E-3,-5.449600E-2,-1.600000E-3,0.05,0.00,0.05,0.00
-27.00,-0.212995,66.00,-27.00,-0.159751,66.00,-9.000000E-4,-5.324400E-2,-1.600000E-3,0.05,0.00,0.05,0.00
-30.00,-0.193758,66.00,-30.00,-0.142212,66.00,-7.000000E-4,-5.154600E-2,-1.700000E-3,0.05,0.00,0.05,0.00
-33.00,-0.174379,66.00,-33.00,-0.124992,66.00,-5.000000E-4,-4.938700E-2,-1.600000E-3,0.05,0.00,0.05,0.00
-36.00,-0.154551,66.00,-36.00,-0.107798,66.00,-3.000000E-4,-4.675300E-2,-1.600000E-3,0.05,0.00,0.05,0.00
-39.00,-0.135171,66.00,-39.00,-0.091533,66.00,0.000000E+0,-4.363840E-2,-1.600000E-3,0.04,0,0.04,0.00
-42.00,-0.116589,66.00,-42.00,-0.076533,66.00,1.000000E-4,-4.005600E-2,-1.400000E-3,0.04,0.00,0.04,0.00
-45.00,-0.098373,66.00,-45.00,-0.062336,66.00,3.000000E-4,-3.603710E-2,-1.400000E-3,0.04,0.00,0.04,0.00
-48.00,-0.081732,66.00,-48.00,-0.050087,66.00,4.000000E-4,-3.164520E-2,-1.200000E-3,0.03,0.00,0.03,0.00
-51.00,-0.065512,66.00,-51.00,-0.038541,66.00,4.000000E-4,-2.697090E-2,-1.100000E-3,0.03,0.00,0.03,0.00
-54.00,-0.050977,66.00,-54.00,-0.028838,66.00,4.000000E-4,-2.213810E-2,-1.000000E-3,0.02,0.00,0.02,0.00
-57.00,-0.037716,66.00,-57.00,-0.020409,66.00,4.000000E-4,-1.730750E-2,-9.000000E-4,0.02,0.00,0.02,0.00
-60.00,-0.025953,66.00,-60.00,-0.013287,66.00,4.000000E-4,-1.266690E-2,-8.000000E-4,0.01,0.00,0.01,0.00
-63.00,-0.016154,66.00,-63.00,-0.007720,66.00,4.000000E-4,-8.434520E-3,-6.000000E-4,0.01,0.00,0.01,0.00
-66.00,-0.008380,66.00,-66.00,-0.003529,66.00,4.000000E-4,-4.851180E-3,-5.000000E-4,0.00,0.00,0.00,0.00
-69.00,-0.003187,66.00,-69.00,-0.001025,66.00,3.000000E-4,-2.162140E-3,-3.000000E-4,0.00,0.00,0.00,0.00
-72.00,-0.000857,66.00,-72.00,-0.000304,66.00,2.000000E-4,-5.535000E-4,-2.000000E-4,0.00,0.00,0.00,0.00
-75,0.000001,66,-75,0.000001,66,0.000000E+0,0.000000E+0,0.000000E+0,0,0,0,0
75,0.000001,63,75,0.000001,63,0.000000E+0,0.000000E+0,0.000000E+0,0,0,0,0
72.00,-0.000713,63.00,72.00,-0.000230,63.00,-2.000000E-4,-4.829340E-4,-1.000000E-4,0.00,0.00,0.00,0.00
69.00,-0.004153,63.00,69.00,-0.002401,63.00,-2.000000E-4,-1.751750E-3,-2.000000E-4,0.00,0.00,0.00,0.00
66.00,-0.009782,63.00,66.00,-0.006096,63.00,-4.000000E-4,-3.686320E-3,-2.000000E-4,0.00,0.00,0.00,0.00
63.00,-0.018098,63.00,63.00,-0.011970,63.00,-6.000000E-4,-6.127500E-3,-3.000000E-4,0.01,0.00,0.01,0.00
60.00,-0.029089,63.00,60.00,-0.020170,63.00,-7.000000E-4,-8.919200E-3,-4.000000E-4,0.01,0.00,0.01,0.00
57.00,-0.042213,63.00,57.00,-0.030283,63.00,-8.000000E-4,-1.193000E-2,-3.000000E-4,0.01,0.00,0.01,0.00
54.00,-0.057543,63.00,54.00,-0.042479,63.00,-1.000000E-3,-1.506400E-2,-3.000000E-4,0.02,0.00,0.02,0.00
51.00,-0.075075,63.00,51.00,-0.056810,63.00,-1.100000E-3,-1.826520E-2,-4.000000E-4,0.02,0.00,0.02,0.00
48.00,-0.094183,63.00,48.00,-0.072673,63.00,-1.200000E-3,-2.151000E-2,-4.000000E-4,0.02,0.00,0.02,0.00
45.00,-0.115737,63.00,45.00,-0.090934,63.00,-1.400000E-3,-2.480330E-2,-3.000000E-4,0.02,0.00,0.02,0.00
42.00,-0.138810,63.00,42.00,-0.110646,63.00,-1.500000E-3,-2.816400E-2,-4.000000E-4,0.03,0.00,0.03,0.00
39.00,-0.163816,63.00,39.00,-0.132203,63.00,-1.600000E-3,-3.161300E-2,-3.000000E-4,0.03,0.00,0.03,0.00
36.00,-0.190289,63.00,36.00,-0.155117,63.00,-1.700000E-3,-3.517200E-2,-3.000000E-4,0.04,0.00,0.04,0.00
33.00,-0.218308,63.00,33.00,-0.179457,63.00,-1.800000E-3,-3.885100E-2,-3.000000E-4,0.04,0.00,0.04,0.00
30.00,-0.246820,63.00,30,-0.204165,63.00,-2.000000E-3,-4.265500E-2,-3.000000E-4,0.04,0.00,0.04,0.00
27.00,-0.275754,63.00,27.00,-0.229180,63.00,-2.100000E-3,-4.657400E-2,-3.000000E-4,0.05,0.00,0.05,0.00
24.00,-0.304334,63.00,24.00,-0.253744,63.00,-2.200000E-3,-5.059000E-2,-2.000000E-4,0.05,0.00,0.05,0.00
21.00,-0.331877,63.00,21.00,-0.277197,63.00,-2.400000E-3,-5.468000E-2,-2.000000E-4,0.05,0.00,0.05,0.00
18.00,-0.358291,63.00,18.00,-0.299483,63.00,-2.500000E-3,-5.880800E-2,-1.000000E-4,0.06,0.00,0.06,0.00
15.00,-0.382757,63.00,15.00,-0.319824,63.00,-2.600000E-3,-6.293300E-2,-1.000000E-4,0.06,0.00,0.06,0.00
12.00,-0.403962,63.00,12.00,-0.336962,63.00,-2.700000E-3,-6.700000E-2,-1.000000E-4,0.07,0.00,0.07,0.00
9.00,-0.422497,63.00,9.00,-0.351548,63.00,-2.720000E-3,-7.094900E-2,0.000000E+0,0.07,0.00,0.07,0
6.00,-0.437362,63.00,6.00,-0.362656,63.00,-2.740000E-3,-7.470600E-2,-1.000000E-4,0.07,0.00,0.07,0.00
3.00,-0.448258,63.00,3.00,-0.370064,63.00,-2.800000E-3,-7.819400E-2,-1.000000E-4,0.08,0.00,0.08,0.00
-0.002726,-0.454931,63.00,0.000058,-0.373602,63.00,-2.783695E-3,-8.132900E-2,-3.000000E-4,0.08,0.00,0.08,0.00
-3.00,-0.457210,63.00,-3.00,-0.373167,63.00,-2.790000E-3,-8.404300E-2,-3.000000E-4,0.08,0.00,0.08,0.00
-6.00,-0.454951,63.00,-6.00,-0.368677,63.00,-2.700000E-3,-8.627400E-2,-5.000000E-4,0.09,0.00,0.09,0.00
-9.00,-0.448385,63.00,-9.00,-0.360400,63.00,-2.630000E-3,-8.798500E-2,-6.000000E-4,0.09,0.00,0.09,0.00
-12.00,-0.437697,63.00,-12.00,-0.348546,63.00,-2.500000E-3,-8.915100E-2,-8.000000E-4,0.09,0.00,0.09,0.00
-15.00,-0.423040,63.00,-15.00,-0.333283,63.00,-2.300000E-3,-8.975700E-2,-1.000000E-3,0.09,0.00,0.09,0.00
-18.00,-0.404959,63.00,-18.00,-0.315175,63.00,-2.100000E-3,-8.978400E-2,-1.100000E-3,0.09,0.00,0.09,0.00
-21.00,-0.383836,63.00,-21.00,-0.294636,63.00,-1.900000E-3,-8.920000E-2,-1.300000E-3,0.09,0.00,0.09,0.00
-24.00,-0.360008,63.00,-24.00,-0.272030,63.00,-1.700000E-3,-8.797800E-2,-1.400000E-3,0.09,0.00,0.09,0.00
-27.00,-0.334201,63.00,-27.00,-0.248124,63.00,-1.400000E-3,-8.607700E-2,-1.500000E-3,0.09,0.00,0.09,0.00
-30.00,-0.306721,63.00,-30.00,-0.223258,63.00,-1.100000E-3,-8.346300E-2,-1.600000E-3,0.08,0.00,0.08,0.00
-33.00,-0.278416,63.00,-33.00,-0.198313,63.00,-8.000000E-4,-8.010300E-2,-1.700000E-3,0.08,0.00,0.08,0.00
-36.00,-0.249451,63.00,-36.00,-0.173480,63.00,-6.000000E-4,-7.597100E-2,-1.700000E-3,0.08,0.00,0.08,0.00
-39,-0.220375,63.00,-39.00,-0.149316,63.00,-4.000000E-4,-7.105900E-2,-1.700000E-3,0.07,0.00,0.07,0.00
-42.00,-0.191793,63.00,-42.00,-0.126413,63.00,-1.000000E-4,-6.538000E-2,-1.600000E-3,0.07,0.00,0.07,0.00
-45.00,-0.163840,63.00,-45.00,-0.104857,63.00,1.000000E-4,-5.898300E-2,-1.500000E-3,0.06,0.00,0.06,0.00
-48.00,-0.137020,63.00,-48.00,-0.085057,63.00,2.000000E-4,-5.196340E-2,-1.400000E-3,0.05,0.00,0.05,0.00
-51.00,-0.111461,63.00,-51.00,-0.066995,63.00,3.000000E-4,-4.446630E-2,-1.400000E-3,0.04,0.00,0.04,0.00
-54.00,-0.087471,63.00,-54.00,-0.050783,63.00,4.000000E-4,-3.668820E-2,-1.200000E-3,0.04,0.00,0.04,0.00
-57.00,-0.065685,63.00,-57.00,-0.036805,63.00,5.000000E-4,-2.887940E-2,-1.100000E-3,0.03,0.00,0.03,0.00
-60.00,-0.046021,63.00,-60.00,-0.024681,63.00,5.000000E-4,-2.133970E-2,-9.000000E-4,0.02,0.00,0.02,0.00
-63.00,-0.029509,63.00,-63.00,-0.015099,63.00,5.000000E-4,-1.441010E-2,-8.000000E-4,0.01,0.00,0.01,0.00
-66.00,-0.015948,63.00,-66.00,-0.007482,63.00,4.000000E-4,-8.465630E-3,-7.000000E-4,0.01,0.00,0.01,0.00
-69.00,-0.006727,63.00,-69.00,-0.002836,63.00,3.000000E-4,-3.890970E-3,-5.000000E-4,0.00,0.00,0.00,0.00
-72.00,-0.001599,63.00,-72.00,-0.000583,63.00,1.000000E-4,-1.015782E-3,-2.000000E-4,0.00,0.00,0.00,0.00
-75,0.000001,63,-75,0.000001,63,0.000000E+0,0.000000E+0,0.000000E+0,0,0,0,0
75,0.000001,60,75,0.000001,60,0.000000E+0,0.000000E+0,0.000000E+0,0,0,0,0
72.00,-0.001792,60.00,72.00,-0.001084,60.00,-1.000000E-4,-7.077000E-4,-1.000000E-4,0.00,0.00,0.00,0.00
69.00,-0.006920,60.00,69.00,-0.004337,60.00,-3.000000E-4,-2.583200E-3,-2.000000E-4,0.00,0.00,0.00,0.00
66.00,-0.016077,60.00,66.00,-0.010691,60.00,-5.000000E-4,-5.385900E-3,-3.000000E-4,0.01,0.00,0.01,0.00
63.00,-0.028890,60.00,63.00,-0.020011,60.00,-7.000000E-4,-8.878400E-3,-4.000000E-4,0.01,0.00,0.01,0.00
60.00,-0.045439,60.00,60.00,-0.032591,60.00,-8.000000E-4,-1.284810E-2,-3.000000E-4,0.01,0.00,0.01,0.00
57.00,-0.065171,60.00,57.00,-0.048052,60.00,-1.000000E-3,-1.711870E-2,-3.000000E-4,0.02,0.00,0.02,0.00
54.00,-0.087751,60.00,54.00,-0.066189,60.00,-1.200000E-3,-2.156200E-2,-4.000000E-4,0.02,0.00,0.02,0.00
51.00,-0.112897,60.00,51.00,-0.086804,60.00,-1.300000E-3,-2.609280E-2,-3.000000E-4,0.03,0.00,0.03,0.00
48.00,-0.140802,60.00,48.00,-0.110125,60.00,-1.400000E-3,-3.067700E-2,-3.000000E-4,0.03,0.00,0.03,0.00
45.00,-0.170745,60.00,45.00,-0.135430,60.00,-1.500000E-3,-3.531500E-2,-2.000000E-4,0.04,0.00,0.04,0.00
42.00,-0.203022,60.00,42.00,-0.162998,60.00,-1.700000E-3,-4.002400E-2,-2.000000E-4,0.04,0.00,0.04,0.00
39.00,-0.237580,60.00,39.00,-0.192739,60.00,-1.800000E-3,-4.484100E-2,-1.000000E-4,0.04,0.00,0.04,0.00
36.00,-0.273804,60.00,36.00,-0.224010,60.00,-2.000000E-3,-4.979400E-2,-2.000000E-4,0.05,0.00,0.05,0.00
33.00,-0.311409,60.00,33.00,-0.256498,60.00,-2.100000E-3,-5.491100E-2,-1.000000E-4,0.05,0.00,0.05,0.00
30.00,-0.349651,60.00,30.00,-0.289454,60.00,-2.300000E-3,-6.019700E-2,0.000000E+0,0.06,0.00,0.06,0
27.00,-0.388146,60.00,27.00,-0.322496,60.00,-2.400000E-3,-6.565000E-2,1.000000E-4,0.07,0.00,0.07,0.00
24.00,-0.426270,60.00,24.00,-0.355025,60.00,-2.500000E-3,-7.124500E-2,2.000000E-4,0.07,0.00,0.07,0.00
21.00,-0.462839,60.00,21.00,-0.385888,60.00,-2.600000E-3,-7.695100E-2,4.000000E-4,0.08,0.00,0.08,0.00
18.00,-0.497840,60.00,18.00,-0.415114,60.00,-2.800000E-3,-8.272600E-2,4.000000E-4,0.08,0.00,0.08,0.00
15.00,-0.529721,60.00,15.00,-0.441220,60.00,-2.900000E-3,-8.850100E-2,5.000000E-4,0.09,0.00,0.09,0.00
12.00,-0.558295,60.00,12.00,-0.464080,60.00,-3.100000E-3,-9.421500E-2,6.000000E-4,0.09,0.00,0.09,0.00
9.00,-0.582915,60.00,9.00,-0.483142,60.00,-3.110000E-3,-9.977300E-2,7.000000E-4,0.10,0.00,0.10,0.00
6.00,-0.602895,60.00,6.00,-0.497820,60.00,-3.250000E-3,-1.050750E-1,7.000000E-4,0.11,0.00,0.11,0.00
3.00,-0.617564,60.00,3.00,-0.507556,60.00,-3.280000E-3,-1.100080E-1,7.000000E-4,0.11,0.00,0.11,0.00
-0.003215,-0.626847,60.00,0.000151,-0.512380,60.00,-3.365876E-3,-1.144670E-1,6.000000E-4,0.11,0.00,0.11,0.00
-3.00,-0.630344,60.00,-3.00,-0.511993,60.00,-3.340000E-3,-1.183510E-1,5.000000E-4,0.12,0.00,0.12,0.00
-6.00,-0.628026,60.00,-6.00,-0.506445,60.00,-3.360000E-3,-1.215810E-1,4.000000E-4,0.12,0.00,0.12,0.00
-9.00,-0.619864,60.00,-9.00,-0.495760,60.00,-3.280000E-3,-1.241040E-1,1.000000E-4,0.12,0.00,0.12,0.00
-12.00,-0.606439,60.00,-12.00,-0.480560,60.00,-3.200000E-3,-1.258790E-1,-1.000000E-4,0.13,0.00,0.13,0.00
-15.00,-0.587894,60.00,-15.00,-0.461019,60.00,-3.000000E-3,-1.268750E-1,-3.000000E-4,0.13,0.00,0.13,0.00
-18.00,-0.564744,60.00,-18.00,-0.437688,60.00,-2.800000E-3,-1.270560E-1,-6.000000E-4,0.13,0.00,0.13,0.00
-21.00,-0.537259,60.00,-21.00,-0.410872,60.00,-2.600000E-3,-1.263870E-1,-8.000000E-4,0.13,0.00,0.13,0.00
-24.00,-0.506017,60.00,-24.00,-0.381199,60.00,-2.400000E-3,-1.248180E-1,-1.000000E-3,0.12,0.00,0.12,0.00
-27.00,-0.472040,60.00,-27.00,-0.349742,60.00,-2.000000E-3,-1.222980E-1,-1.200000E-3,0.12,0.00,0.12,0.00
-30.00,-0.435784,60.00,-30.00,-0.317011,60.00,-1.700000E-3,-1.187730E-1,-1.400000E-3,0.12,0.00,0.12,0.00
-33.00,-0.397772,60.00,-33.00,-0.283583,60.00,-1.400000E-3,-1.141890E-1,-1.500000E-3,0.11,0.00,0.11,0.00
-36.00,-0.358337,60.00,-36.00,-0.249834,60.00,-1.100000E-3,-1.085030E-1,-1.600000E-3,0.11,0.00,0.11,0.00
-39.00,-0.319076,60.00,-39.00,-0.217378,60.00,-8.000000E-4,-1.016980E-1,-1.700000E-3,0.10,0.00,0.10,0.00
-42.00,-0.279370,60.00,-42.00,-0.185582,60.00,-5.000000E-4,-9.378800E-2,-1.600000E-3,0.09,0.00,0.09,0.00
-45.00,-0.240200,60.00,-45.00,-0.155362,60.00,-2.000000E-4,-8.483800E-2,-1.600000E-3,0.08,0.00,0.08,0.00
-48.00,-0.202627,60.00,-48.00,-0.127651,60.00,0.000000E+0,-7.497600E-2,-1.600000E-3,0.07,0,0.07,0.00
-51.00,-0.166125,60.00,-51.00,-0.101726,60.00,2.000000E-4,-6.439900E-2,-1.500000E-3,0.06,0.00,0.06,0.00
-54.00,-0.131912,60.00,-54.00,-0.078529,60.00,3.000000E-4,-5.338320E-2,-1.400000E-3,0.05,0.00,0.05,0.00
-57.00,-0.099942,60.00,-57.00,-0.057672,60.00,4.000000E-4,-4.227030E-2,-1.300000E-3,0.04,0.00,0.04,0.00
-60.00,-0.071329,60.00,-60.00,-0.039855,60.00,5.000000E-4,-3.147440E-2,-1.200000E-3,0.03,0.00,0.03,0.00
-63.00,-0.046415,60.00,-63.00,-0.024942,60.00,5.000000E-4,-2.147270E-2,-9.000000E-4,0.02,0.00,0.02,0.00
-66.00,-0.026162,60.00,-66.00,-0.013372,60.00,4.000000E-4,-1.279020E-2,-7.000000E-4,0.01,0.00,0.01,0.00
-69.00,-0.011680,60.00,-69.00,-0.005699,60.00,4.000000E-4,-5.980680E-3,-5.000000E-4,0.01,0.00,0.01,0.00
-72.00,-0.003088,60.00,-72.00,-0.001514,60.00,2.000000E-4,-1.574310E-3,-3.000000E-4,0.00,0.00,0.00,0.00
-75,0.000001,60,-75,0.000001,60,0.000000E+0,0.000000E+0,0.000000E+0,0,0,0,0
75,0.000001,57,75,0.000001,57,0.000000E+0,0.000000E+0,0.000000E+0,0,0,0,0
72.00,-0.002580,57.00,72.00,-0.001641,57.00,-2.000000E-4,-9.385500E-4,-1.000000E-4,0.00,0.00,0.00,0.00
69.00,-0.010432,57.00,69.00,-0.006985,57.00,-4.000000E-4,-3.447080E-3,-2.000000E-4,0.00,0.00,0.00,0.00
66.00,-0.023840,57.00,66.00,-0.016681,57.00,-5.000000E-4,-7.158200E-3,-3.000000E-4,0.01,0.00,0.01,0.00
63.00,-0.042185,57.00,63.00,-0.030438,57.00,-8.000000E-4,-1.174700E-2,-3.000000E-4,0.01,0.00,0.01,0.00
60.00,-0.064946,57.00,60.00,-0.048007,57.00,-9.000000E-4,-1.693810E-2,-3.000000E-4,0.02,0.00,0.02,0.00
57.00,-0.091907,57.00,57.00,-0.069395,57.00,-1.100000E-3,-2.251150E-2,-3.000000E-4,0.02,0.00,0.02,0.00
54.00,-0.122301,57.00,54.00,-0.094003,57.00,-1.200000E-3,-2.829820E-2,-2.000000E-4,0.03,0.00,0.03,0.00
51.00,-0.156321,57.00,51.00,-0.122126,57.00,-1.300000E-3,-3.419500E-2,-3.000000E-4,0.03,0.00,0.03,0.00
48.00,-0.193280,57.00,48.00,-0.153138,57.00,-1.500000E-3,-4.014200E-2,-2.000000E-4,0.04,0.00,0.04,0.00
45.00,-0.233087,57.00,45.00,-0.186948,57.00,-1.700000E-3,-4.613900E-2,-1.000000E-4,0.05,0.00,0.05,0.00
42.00,-0.275325,57.00,42.00,-0.223121,57.00,-1.800000E-3,-5.220400E-2,-1.000000E-4,0.05,0.00,0.05,0.00
39.00,-0.319982,57.00,39.00,-0.261599,57.00,-2.000000E-3,-5.838300E-2,1.000000E-4,0.06,0.00,0.06,0.00
36.00,-0.366976,57.00,36.00,-0.302252,57.00,-2.100000E-3,-6.472400E-2,1.000000E-4,0.06,0.00,0.06,0.00
33.00,-0.414853,57.00,33.00,-0.343595,57,-2.300000E-3,-7.125800E-2,3.000000E-4,0.07,0.00,0.07,0.00
30.00,-0.463779,57.00,30.00,-0.385768,57.00,-2.400000E-3,-7.801100E-2,5.000000E-4,0.08,0.00,0.08,0.00
27.00,-0.512797,57.00,27.00,-0.427819,57.00,-2.600000E-3,-8.497800E-2,6.000000E-4,0.09,0.00,0.08,0.00
24.00,-0.560933,57.00,24.00,-0.468789,57.00,-2.700000E-3,-9.214400E-2,8.000000E-4,0.09,0.00,0.09,0.00
21.00,-0.607504,57.00,21.00,-0.508034,57.00,-2.800000E-3,-9.947000E-2,1.000000E-3,0.10,0.00,0.10,0.00
18.00,-0.651495,57.00,18.00,-0.544608,57.00,-3.000000E-3,-1.068870E-1,1.200000E-3,0.11,0.00,0.11,0.00
15.00,-0.692170,57.00,15.00,-0.577836,57.00,-3.200000E-3,-1.143340E-1,1.300000E-3,0.11,0.00,0.11,0.00
12.00,-0.728696,57.01,12.00,-0.606982,57.00,-3.300000E-3,-1.217140E-1,1.500000E-3,0.12,0.00,0.12,0.00
9.00,-0.759747,57.01,9.00,-0.630826,57.00,-3.480000E-3,-1.289210E-1,1.700000E-3,0.13,0.00,0.13,0.00
6.00,-0.785278,57.01,6.00,-0.649458,57.01,-3.580000E-3,-1.358200E-1,1.700000E-3,0.14,0.00,0.14,0.00
3.00,-0.804306,57.01,3.00,-0.662033,57.01,-3.750000E-3,-1.422730E-1,1.800000E-3,0.14,0.00,0.14,0.00
-0.003770,-0.816375,57.01,0.000046,-0.668239,57.01,-3.815352E-3,-1.481360E-1,1.800000E-3,0.15,0.00,0.15,0.00
-3.00,-0.821301,57.01,-3.00,-0.668011,57.01,-3.940000E-3,-1.532900E-1,1.700000E-3,0.15,0.00,0.15,0.00
-6.00,-0.818863,57.01,-6.00,-0.661234,57.01,-3.940000E-3,-1.576290E-1,1.500000E-3,0.16,0.00,0.16,0.00
-9.01,-0.809351,57.01,-9.00,-0.648268,57.01,-3.960000E-3,-1.610830E-1,1.200000E-3,0.16,0.00,0.16,0.00
-12.01,-0.792859,57.01,-12.00,-0.629258,57.00,-3.900000E-3,-1.636010E-1,9.000000E-4,0.16,0.00,0.16,0.00
-15.01,-0.769957,57.00,-15.00,-0.604830,57.00,-3.700000E-3,-1.651270E-1,6.000000E-4,0.17,0.00,0.17,0.00
-18.01,-0.740934,57.00,-18.00,-0.575323,57.00,-3.600000E-3,-1.656110E-1,3.000000E-4,0.17,0.00,0.17,0.00
-21.01,-0.706576,57.00,-21.00,-0.541584,57.00,-3.400000E-3,-1.649920E-1,-1.000000E-4,0.17,0.00,0.16,0.00
-24.00,-0.667540,57.00,-24.00,-0.504336,57.00,-3.100000E-3,-1.632040E-1,-4.000000E-4,0.16,0.00,0.16,0.00
-27.00,-0.624743,57.00,-27.00,-0.464565,57.00,-2.800000E-3,-1.601780E-1,-7.000000E-4,0.16,0.00,0.16,0.00
-30.00,-0.578870,57.00,-30.00,-0.423035,57.00,-2.400000E-3,-1.558350E-1,-9.000000E-4,0.16,0.00,0.16,0.00
-33.00,-0.530496,57.00,-33.00,-0.380393,57.00,-2.100000E-3,-1.501030E-1,-1.200000E-3,0.15,0.00,0.15,0.00
-36.00,-0.480093,57.00,-36.00,-0.337174,57.00,-1.700000E-3,-1.429190E-1,-1.400000E-3,0.14,0.00,0.14,0.00
-39.00,-0.428986,57.00,-39.00,-0.294741,57.00,-1.400000E-3,-1.342450E-1,-1.500000E-3,0.13,0.00,0.13,0.00
-42.00,-0.377586,57.00,-42.00,-0.253489,57.00,-1.000000E-3,-1.240970E-1,-1.600000E-3,0.12,0.00,0.12,0.00
-45.00,-0.326983,57.00,-45.00,-0.214434,57.00,-7.000000E-4,-1.125490E-1,-1.600000E-3,0.11,0.00,0.11,0.00
-48.00,-0.277017,57.00,-48.00,-0.177256,57.00,-3.000000E-4,-9.976100E-2,-1.600000E-3,0.10,0.00,0.10,0.00
-51.00,-0.228865,57.00,-51.00,-0.142883,57.00,-1.000000E-4,-8.598200E-2,-1.600000E-3,0.09,0.00,0.09,0.00
-54.00,-0.182975,57.00,-54.00,-0.111411,57.00,2.000000E-4,-7.156400E-2,-1.500000E-3,0.07,0.00,0.07,0.00
-57.00,-0.139732,57.00,-57.00,-0.082787,57.00,3.000000E-4,-5.694460E-2,-1.400000E-3,0.06,0.00,0.06,0.00
-60.00,-0.100600,57.00,-60.00,-0.057943,57.00,4.000000E-4,-4.265690E-2,-1.300000E-3,0.04,0.00,0.04,0.00
-63.00,-0.066614,57.00,-63.00,-0.037295,57.00,5.000000E-4,-2.931870E-2,-1.100000E-3,0.03,0.00,0.03,0.00
-66.00,-0.038510,57.00,-66.00,-0.020885,57.00,5.000000E-4,-1.762450E-2,-9.000000E-4,0.02,0.00,0.02,0.00
-69.00,-0.017406,57.00,-69.00,-0.009081,57.00,3.000000E-4,-8.325160E-3,-6.000000E-4,0.01,0.00,0.01,0.00
-72.00,-0.004239,57.00,-72.00,-0.002038,57.00,2.000000E-4,-2.200340E-3,-4.000000E-4,0.00,0.00,0.00,0.00
-75,0.000001,57,-75,0.000001,57,0.000000E+0,0.000000E+0,0.000000E+0,0,0,0,0
75,0.000001,54,75,0.000001,54,0.000000E+0,0.000000E+0,0.000000E+0,0,0,0,0
72.00,-0.003783,54.00,72.00,-0.002624,54.00,-2.000000E-4,-1.159650E-3,-2.000000E-4,0.00,0.00,0.00,0.00
69.00,-0.014901,54.00,69.00,-0.010612,54.00,-4.000000E-4,-4.289200E-3,-2.000000E-4,0.00,0.00,0.00,0.00
66.00,-0.032963,54.00,66.00,-0.024065,54.00,-6.000000E-4,-8.897500E-3,-3.000000E-4,0.01,0.00,0.01,0.00
63.00,-0.057252,54.00,63.00,-0.042681,54.00,-8.000000E-4,-1.457030E-2,-2.000000E-4,0.01,0.00,0.01,0.00
60.00,-0.087198,54.00,60.00,-0.066227,54.00,-1.000000E-3,-2.097120E-2,-3.000000E-4,0.02,0.00,0.02,0.00
57.00,-0.122081,54.00,57.00,-0.094253,54.00,-1.100000E-3,-2.782800E-2,-3.000000E-4,0.03,0.00,0.03,0.00
54.00,-0.161461,54.00,54.00,-0.126520,54.00,-1.300000E-3,-3.494100E-2,-2.000000E-4,0.03,0.00,0.03,0.00
51.00,-0.204473,54.00,51.00,-0.162301,54.00,-1.400000E-3,-4.217200E-2,-1.000000E-4,0.04,0.00,0.04,0.00
48.00,-0.251334,54.00,48.00,-0.201882,54.00,-1.600000E-3,-4.945200E-2,-1.000000E-4,0.05,0.00,0.05,0.00
45.00,-0.301294,54.00,45.00,-0.244535,54.00,-1.700000E-3,-5.675900E-2,0.000000E+0,0.06,0.00,0.06,0
42.00,-0.354674,54,42.00,-0.290550,54.00,-1.900000E-3,-6.412400E-2,1.000000E-4,0.06,0.00,0.06,0.00
39.00,-0.410651,54.00,39.00,-0.339054,54.00,-2.000000E-3,-7.159700E-2,3.000000E-4,0.07,0.00,0.07,0.00
36.00,-0.468684,54.00,36.00,-0.389447,54.00,-2.200000E-3,-7.923700E-2,5.000000E-4,0.08,0.00,0.08,0.00
33.00,-0.528128,54.00,33.00,-0.441027,54.00,-2.300000E-3,-8.710100E-2,7.000000E-4,0.09,0.00,0.09,0.00
30.00,-0.588613,54.00,30.00,-0.493395,54.00,-2.500000E-3,-9.521800E-2,9.000000E-4,0.10,0.00,0.10,0.00
27.00,-0.648977,54.00,27.00,-0.545372,54.00,-2.600000E-3,-1.036050E-1,1.200000E-3,0.10,0.00,0.10,0.00
24.00,-0.708405,54.01,24.00,-0.596161,54.00,-2.700000E-3,-1.122440E-1,1.400000E-3,0.11,0.00,0.11,0.00
21.00,-0.765755,54.01,21.00,-0.644672,54.00,-2.900000E-3,-1.210830E-1,1.700000E-3,0.12,0.00,0.12,0.00
18.00,-0.820211,54.01,18.00,-0.690139,54.01,-3.100000E-3,-1.300720E-1,2.000000E-3,0.13,0.00,0.13,0.00
15.00,-0.870403,54.01,15.00,-0.731292,54.01,-3.200000E-3,-1.391110E-1,2.300000E-3,0.14,0.00,0.14,0.00
12.00,-0.915230,54.01,12.00,-0.767124,54.01,-3.500000E-3,-1.481060E-1,2.500000E-3,0.15,0.00,0.15,0.00
9.00,-0.954078,54.01,9.00,-0.797168,54.01,-3.640000E-3,-1.569100E-1,2.900000E-3,0.16,0.00,0.16,0.00
6.00,-0.985650,54.01,6.00,-0.820278,54.01,-3.910000E-3,-1.653720E-1,3.000000E-3,0.17,0.00,0.17,0.00
3.00,-1.01,54.01,3.00,-0.836092,54.01,-4.040000E-3,-1.733380E-1,3.100000E-3,0.17,0.00,0.17,0.00
-0.004063,-1.02,54.01,0.000223,-0.843843,54.01,-4.286288E-3,-1.806370E-1,3.000000E-3,0.18,0.00,0.18,0.00
-3.00,-1.03,54.01,-3.00,-0.843881,54.01,-4.400000E-3,-1.871190E-1,3.000000E-3,0.19,0.00,0.19,0.00
-6.01,-1.03,54.01,-6.00,-0.835712,54.01,-4.560000E-3,-1.926780E-1,2.700000E-3,0.19,0.00,0.19,0.00
-9.01,-1.02,54.01,-9.00,-0.819878,54.01,-4.600000E-3,-1.972120E-1,2.500000E-3,0.20,0.00,0.20,0.00
-12.01,-0.997091,54.01,-12.00,-0.796462,54.01,-4.600000E-3,-2.006290E-1,2.100000E-3,0.20,0.00,0.20,0.00
-15.01,-0.969227,54.01,-15.00,-0.766360,54.01,-4.600000E-3,-2.028670E-1,1.700000E-3,0.20,0.00,0.20,0.00
-18.01,-0.933812,54.01,-18.00,-0.729964,54.01,-4.500000E-3,-2.038480E-1,1.300000E-3,0.20,0.00,0.20,0.00
-21.01,-0.891920,54.01,-21.00,-0.688438,54.01,-4.300000E-3,-2.034820E-1,9.000000E-4,0.20,0.00,0.20,0.00
-24.01,-0.843988,54.01,-24.00,-0.642310,54.01,-4.000000E-3,-2.016780E-1,4.000000E-4,0.20,0.00,0.20,0.00
-27.01,-0.791448,54.00,-27.00,-0.593108,54.00,-3.700000E-3,-1.983400E-1,-1.000000E-4,0.20,0.00,0.20,0.00
-30.01,-0.734884,54.00,-30.00,-0.541519,54.00,-3.400000E-3,-1.933650E-1,-4.000000E-4,0.19,0.00,0.19,0.00
-33.00,-0.674930,54.00,-33.00,-0.488281,54.00,-3.000000E-3,-1.866490E-1,-8.000000E-4,0.19,0.00,0.19,0.00
-36.00,-0.613093,54.00,-36.00,-0.434989,54.00,-2.500000E-3,-1.781040E-1,-1.000000E-3,0.18,0.00,0.18,0.00
-39.00,-0.549666,54.00,-39.00,-0.381987,54.00,-2.000000E-3,-1.676790E-1,-1.200000E-3,0.17,0.00,0.17,0.00
-42.00,-0.485613,54.00,-42.00,-0.330236,54.00,-1.600000E-3,-1.553770E-1,-1.400000E-3,0.16,0.00,0.16,0.00
-45.00,-0.421802,54.00,-45,-0.280519,54.00,-1.200000E-3,-1.412830E-1,-1.500000E-3,0.14,0.00,0.14,0.00
-48.00,-0.358928,54.00,-48.00,-0.233344,54.00,-8.000000E-4,-1.255840E-1,-1.600000E-3,0.13,0.00,0.13,0.00
-51.00,-0.298018,54.00,-51.00,-0.189440,54.00,-4.000000E-4,-1.085780E-1,-1.600000E-3,0.11,0.00,0.11,0.00
-54.00,-0.239340,54.00,-54.00,-0.148654,54.00,-1.000000E-4,-9.068600E-2,-1.700000E-3,0.09,0.00,0.09,0.00
-57.00,-0.184761,54.00,-57.00,-0.112307,54.00,1.000000E-4,-7.245400E-2,-1.600000E-3,0.07,0.00,0.07,0.00
-60.00,-0.134375,54.00,-60.00,-0.079842,54.00,3.000000E-4,-5.453320E-2,-1.500000E-3,0.05,0.00,0.05,0.00
-63.00,-0.089643,54.00,-63.00,-0.051954,54.00,4.000000E-4,-3.768920E-2,-1.300000E-3,0.04,0.00,0.04,0.00
-66.00,-0.052543,54.00,-66.00,-0.029745,54.00,4.000000E-4,-2.279830E-2,-1.000000E-3,0.02,0.00,0.02,0.00
-69.00,-0.024018,54.00,-69.00,-0.013180,54.00,4.000000E-4,-1.083780E-2,-7.000000E-4,0.01,0.00,0.01,0.00
-72.00,-0.006072,54.00,-72.00,-0.003204,54.00,2.000000E-4,-2.868080E-3,-3.000000E-4,0.00,0.00,0.00,0.00
-75,0.000001,54,-75,0.000001,54,0.000000E+0,0.000000E+0,0.000000E+0,0,0,0,0
75,0.000001,51,75,0.000001,51,0.000000E+0,0.000000E+0,0.000000E+0,0,0,0,0
72.00,-0.005252,51.00,72.00,-0.003892,51.00,-3.000000E-4,-1.360100E-3,-1.000000E-4,0.00,0.00,0.00,0.00
69.00,-0.019697,51.00,69.00,-0.014626,51.00,-5.000000E-4,-5.071200E-3,-2.000000E-4,0.01,0.00,0.01,0.00
66.00,-0.043155,51.00,66.00,-0.032629,51.00,-6.000000E-4,-1.052620E-2,-3.000000E-4,0.01,0.00,0.01,0.00
63.00,-0.074248,51.00,63.00,-0.057018,51.00,-9.000000E-4,-1.722950E-2,-2.000000E-4,0.02,0.00,0.02,0.00
60.00,-0.111897,51.00,60.00,-0.087119,51.00,-1.000000E-3,-2.477840E-2,-3.000000E-4,0.02,0.00,0.02,0.00
57.00,-0.155258,51.00,57.00,-0.122398,51.00,-1.200000E-3,-3.286000E-2,-2.000000E-4,0.03,0.00,0.03,0.00
54.00,-0.203813,51.00,54.00,-0.162585,51.00,-1.400000E-3,-4.122800E-2,-1.000000E-4,0.04,0.00,0.04,0.00
51.00,-0.257084,51.00,51.00,-0.207360,51.00,-1.500000E-3,-4.972400E-2,-1.000000E-4,0.05,0.00,0.05,0.00
48.00,-0.314486,51.00,48,-0.256240,51.00,-1.600000E-3,-5.824600E-2,1.000000E-4,0.06,0.00,0.06,0.00
45.00,-0.375655,51.00,45.00,-0.308881,51.00,-1.800000E-3,-6.677400E-2,2.000000E-4,0.07,0.00,0.07,0.00
42.00,-0.440383,51.00,42.00,-0.365057,51.00,-1.900000E-3,-7.532600E-2,5.000000E-4,0.08,0.00,0.08,0.00
39.00,-0.508454,51.00,39.00,-0.424486,51.00,-2.100000E-3,-8.396800E-2,6.000000E-4,0.08,0.00,0.08,0.00
36.00,-0.578356,51.00,36.00,-0.485579,51.00,-2.100000E-3,-9.277700E-2,9.000000E-4,0.09,0.00,0.09,0.00
33.00,-0.650690,51.00,33.00,-0.548876,51.00,-2.300000E-3,-1.018140E-1,1.100000E-3,0.10,0.00,0.10,0.00
30.00,-0.723741,51.01,30.00,-0.612601,51.00,-2.400000E-3,-1.111400E-1,1.500000E-3,0.11,0.00,0.11,0.00
27.00,-0.796671,51.01,27.00,-0.675898,51.01,-2.600000E-3,-1.207730E-1,1.800000E-3,0.12,0.00,0.12,0.00
24.00,-0.868595,51.01,24.00,-0.737897,51.01,-2.700000E-3,-1.306980E-1,2.200000E-3,0.13,0.00,0.13,0.00
21.00,-0.938310,51.01,21.00,-0.797418,51.01,-3.000000E-3,-1.408920E-1,2.500000E-3,0.14,0.00,0.14,0.00
18.00,-1.00,51.01,18.00,-0.853042,51.01,-3.000000E-3,-1.512780E-1,2.900000E-3,0.15,0.00,0.15,0.00
15.00,-1.07,51.02,15.00,-0.903648,51.01,-3.300000E-3,-1.617620E-1,3.300000E-3,0.16,0.00,0.16,0.00
12.00,-1.12,51.02,12.00,-0.947945,51.01,-3.400000E-3,-1.721950E-1,3.700000E-3,0.17,0.00,0.17,0.00
9.00,-1.17,51.02,9.00,-0.984914,51.02,-3.820000E-3,-1.824560E-1,4.000000E-3,0.18,0.00,0.18,0.00
6.00,-1.21,51.02,6.00,-1.01,51.02,-4.000000E-3,-1.923900E-1,4.200000E-3,0.19,0.00,0.19,0.00
3.00,-1.23,51.02,3.00,-1.03,51.02,-4.350000E-3,-2.017900E-1,4.400000E-3,0.20,0.00,0.20,0.00
-0.004441,-1.25,51.02,0.000125,-1.04,51.02,-4.565836E-3,-2.105200E-1,4.400000E-3,0.21,0.00,0.21,0.00
-3.01,-1.26,51.02,-3.00,-1.04,51.02,-4.890000E-3,-2.183800E-1,4.400000E-3,0.22,0.00,0.22,0.00
-6.01,-1.26,51.02,-6.00,-1.03,51.02,-5.070000E-3,-2.252500E-1,4.200000E-3,0.23,0.01,0.23,0.00
-9.01,-1.24,51.02,-9.00,-1.01,51.02,-5.300000E-3,-2.310200E-1,3.800000E-3,0.23,0.01,0.23,0.00
-12.01,-1.22,51.02,-12.00,-0.985336,51.02,-5.300000E-3,-2.355540E-1,3.400000E-3,0.24,0.01,0.24,0.00
-15.01,-1.19,51.02,-15.00,-0.948290,51.01,-5.500000E-3,-2.387400E-1,2.900000E-3,0.24,0.01,0.24,0.00
-18.01,-1.14,51.01,-18.00,-0.903993,51.01,-5.300000E-3,-2.404670E-1,2.300000E-3,0.24,0.01,0.24,0.00
-21.01,-1.09,51.01,-21.00,-0.852894,51.01,-5.300000E-3,-2.406160E-1,1.800000E-3,0.24,0.01,0.24,0.00
-24.01,-1.04,51.01,-24.00,-0.796705,51.01,-5.000000E-3,-2.390750E-1,1.300000E-3,0.24,0.00,0.24,0.00
-27.01,-0.972081,51.01,-27.00,-0.736385,51.01,-4.700000E-3,-2.356960E-1,7.000000E-4,0.24,0.00,0.24,0.00
-30.01,-0.903505,51.01,-30.00,-0.673155,51.01,-4.300000E-3,-2.303500E-1,2.000000E-4,0.23,0.00,0.23,0.00
-33.01,-0.831207,51.00,-33.00,-0.608316,51.00,-4.000000E-3,-2.228910E-1,-2.000000E-4,0.22,0.00,0.22,0.00
-36.01,-0.756457,51.00,-36.00,-0.543251,51.00,-3.500000E-3,-2.132060E-1,-5.000000E-4,0.21,0.00,0.21,0.00
-39.00,-0.679506,51.00,-39.00,-0.478288,51.00,-2.900000E-3,-2.012180E-1,-9.000000E-4,0.20,0.00,0.20,0.00
-42.00,-0.602089,51,-42.00,-0.415169,51.00,-2.400000E-3,-1.869200E-1,-1.100000E-3,0.19,0.00,0.19,0.00
-45.00,-0.524500,51.00,-45.00,-0.354100,51.00,-1.900000E-3,-1.704000E-1,-1.400000E-3,0.17,0.00,0.17,0.00
-48.00,-0.448024,51.00,-48,-0.296155,51.00,-1.400000E-3,-1.518690E-1,-1.500000E-3,0.15,0.00,0.15,0.00
-51.00,-0.373273,51.00,-51.00,-0.241597,51.00,-9.000000E-4,-1.316760E-1,-1.700000E-3,0.13,0.00,0.13,0.00
-54.00,-0.301467,51.00,-54.00,-0.191148,51.00,-5.000000E-4,-1.103190E-1,-1.700000E-3,0.11,0.00,0.11,0.00
-57.00,-0.233560,51.00,-57.00,-0.145125,51.00,-1.000000E-4,-8.843500E-2,-1.600000E-3,0.09,0.00,0.09,0.00
-60.00,-0.171331,51.00,-60.00,-0.104520,51.00,2.000000E-4,-6.681100E-2,-1.600000E-3,0.07,0.00,0.07,0.00
-63.00,-0.115495,51.00,-63.00,-0.069126,51.00,4.000000E-4,-4.636920E-2,-1.400000E-3,0.05,0.00,0.05,0.00
-66.00,-0.068534,51.00,-66.00,-0.040358,51.00,4.000000E-4,-2.817630E-2,-1.100000E-3,0.03,0.00,0.03,0.00
-69.00,-0.031991,51.00,-69.00,-0.018540,51.00,4.000000E-4,-1.345050E-2,-8.000000E-4,0.01,0.00,0.01,0.00
-72.00,-0.008202,51.00,-72.00,-0.004643,51.00,2.000000E-4,-3.559040E-3,-4.000000E-4,0.00,0.00,0.00,0.00
-75,0.000001,51,-75,0.000001,51,0.000000E+0,0.000000E+0,0.000000E+0,0,0,0,0
75,0.000001,48,75,0.000001,48,0.000000E+0,0.000000E+0,0.000000E+0,0,0,0,0
72.00,-0.006627,48.00,72.00,-0.005092,48.00,-2.000000E-4,-1.534800E-3,-1.000000E-4,0.00,0.00,0.00,0.00
69.00,-0.025314,48.00,69.00,-0.019540,48.00,-5.000000E-4,-5.773300E-3,-2.000000E-4,0.01,0.00,0.01,0.00
66.00,-0.054744,48.00,66.00,-0.042741,48.00,-7.000000E-4,-1.200260E-2,-2.000000E-4,0.01,0.00,0.01,0.00
63.00,-0.092966,48.00,63.00,-0.073318,48.00,-9.000000E-4,-1.964820E-2,-2.000000E-4,0.02,0.00,0.02,0.00
60.00,-0.138633,48.00,60.00,-0.110376,48.00,-1.100000E-3,-2.825700E-2,-2.000000E-4,0.03,0.00,0.03,0.00
57.00,-0.191040,48.00,57.00,-0.153580,48.00,-1.200000E-3,-3.746000E-2,-1.000000E-4,0.04,0.00,0.04,0.00
54.00,-0.249552,48.00,54.00,-0.202568,48.00,-1.300000E-3,-4.698400E-2,0.000000E+0,0.05,0.00,0.05,0
51.00,-0.313077,48.00,51.00,-0.256453,48.00,-1.400000E-3,-5.662400E-2,1.000000E-4,0.06,0.00,0.06,0.00
48.00,-0.381731,48.00,48.00,-0.315459,48.00,-1.600000E-3,-6.627200E-2,2.000000E-4,0.07,0.00,0.07,0.00
45.00,-0.454874,48.00,45.00,-0.378995,48.00,-1.700000E-3,-7.587900E-2,5.000000E-4,0.08,0.00,0.08,0.00
42.00,-0.532217,48.00,42.00,-0.446742,48.00,-1.900000E-3,-8.547500E-2,7.000000E-4,0.09,0.00,0.09,0.00
39.00,-0.612653,48.00,39.00,-0.517527,48.00,-1.900000E-3,-9.512600E-2,9.000000E-4,0.10,0.00,0.10,0.00
36.00,-0.696255,48.00,36.00,-0.591338,48.00,-2.000000E-3,-1.049170E-1,1.200000E-3,0.10,0.00,0.10,0.00
33.00,-0.782042,48.01,33.00,-0.667101,48.00,-2.200000E-3,-1.149410E-1,1.600000E-3,0.11,0.00,0.11,0.00
30.00,-0.869136,48.01,30.00,-0.743881,48.01,-2.300000E-3,-1.252550E-1,1.900000E-3,0.13,0.00,0.13,0.00
27.00,-0.956373,48.01,27.01,-0.820474,48.01,-2.400000E-3,-1.358990E-1,2.400000E-3,0.14,0.00,0.14,0.00
24.00,-1.04,48.01,24.01,-0.895647,48.01,-2.600000E-3,-1.468830E-1,2.800000E-3,0.15,0.00,0.15,0.00
21.00,-1.13,48.02,21.01,-0.968080,48.01,-2.700000E-3,-1.581700E-1,3.300000E-3,0.16,0.00,0.16,0.00
18.00,-1.21,48.02,18.01,-1.04,48.02,-3.000000E-3,-1.697100E-1,3.800000E-3,0.17,0.00,0.17,0.00
15.00,-1.28,48.02,15.01,-1.10,48.02,-3.100000E-3,-1.813700E-1,4.300000E-3,0.18,0.00,0.18,0.00
12.00,-1.35,48.03,12.01,-1.15,48.02,-3.500000E-3,-1.930400E-1,4.800000E-3,0.19,0.00,0.19,0.00
9.00,-1.40,48.03,9.00,-1.20,48.02,-3.680000E-3,-2.045900E-1,5.300000E-3,0.20,0.00,0.20,0.01
6.00,-1.45,48.03,6.00,-1.23,48.02,-4.110000E-3,-2.158300E-1,5.500000E-3,0.22,0.00,0.22,0.01
3.00,-1.48,48.03,3.00,-1.26,48.03,-4.400000E-3,-2.265900E-1,5.800000E-3,0.23,0.00,0.23,0.01
-0.004438,-1.51,48.03,0.000423,-1.27,48.03,-4.860999E-3,-2.366700E-1,5.800000E-3,0.24,0.00,0.24,0.01
-3.01,-1.52,48.03,-3.00,-1.27,48.03,-5.190000E-3,-2.459300E-1,5.800000E-3,0.25,0.01,0.25,0.01
-6.01,-1.51,48.03,-6.00,-1.26,48.03,-5.620000E-3,-2.542200E-1,5.600000E-3,0.25,0.01,0.25,0.01
-9.01,-1.50,48.03,-9.00,-1.23,48.02,-5.890000E-3,-2.613600E-1,5.200000E-3,0.26,0.01,0.26,0.01
-12.01,-1.47,48.03,-12.00,-1.20,48.02,-6.200000E-3,-2.672300E-1,4.800000E-3,0.27,0.01,0.27,0.00
-15.01,-1.43,48.03,-15.01,-1.15,48.02,-6.300000E-3,-2.716200E-1,4.200000E-3,0.27,0.01,0.27,0.00
-18.01,-1.37,48.02,-18.01,-1.10,48.02,-6.400000E-3,-2.744100E-1,3.500000E-3,0.27,0.01,0.27,0.00
-21.01,-1.31,48.02,-21.01,-1.04,48.02,-6.300000E-3,-2.754100E-1,2.800000E-3,0.28,0.01,0.28,0.00
-24.01,-1.24,48.02,-24.01,-0.969036,48.01,-6.100000E-3,-2.744740E-1,2.200000E-3,0.27,0.01,0.27,0.00
-27.01,-1.17,48.01,-27.01,-0.895710,48.01,-5.800000E-3,-2.714000E-1,1.600000E-3,0.27,0.01,0.27,0.00
-30.01,-1.09,48.01,-30.01,-0.819131,48.01,-5.500000E-3,-2.660190E-1,9.000000E-4,0.27,0.01,0.27,0.00
-33.01,-0.998979,48.01,-33.00,-0.740845,48.01,-5.100000E-3,-2.581340E-1,4.000000E-4,0.26,0.01,0.26,0.00
-36.01,-0.909607,48.00,-36.00,-0.662016,48.00,-4.500000E-3,-2.475910E-1,-1.000000E-4,0.25,0.00,0.25,0.00
-39.01,-0.818307,48.00,-39.00,-0.584022,48.00,-4.000000E-3,-2.342850E-1,-5.000000E-4,0.23,0.00,0.23,0.00
-42.01,-0.726145,48.00,-42.00,-0.507950,48.00,-3.400000E-3,-2.181950E-1,-9.000000E-4,0.22,0.00,0.22,0.00
-45.00,-0.633838,48.00,-45.00,-0.434423,48.00,-2.700000E-3,-1.994150E-1,-1.200000E-3,0.20,0.00,0.20,0.00
-48.00,-0.542696,48.00,-48.00,-0.364514,48.00,-2.100000E-3,-1.781820E-1,-1.500000E-3,0.18,0.00,0.18,0.00
-51.00,-0.453558,48.00,-51,-0.298668,48.00,-1.500000E-3,-1.548900E-1,-1.600000E-3,0.15,0.00,0.15,0.00
-54.00,-0.367861,48.00,-54.00,-0.237748,48.00,-9.000000E-4,-1.301130E-1,-1.700000E-3,0.13,0.00,0.13,0.00
-57.00,-0.286848,48.00,-57.00,-0.182247,48.00,-4.000000E-4,-1.046010E-1,-1.700000E-3,0.10,0.00,0.10,0.00
-60.00,-0.211520,48.00,-60.00,-0.132254,48.00,0.000000E+0,-7.926600E-2,-1.600000E-3,0.08,0,0.08,0.00
-63.00,-0.143884,48.00,-63.00,-0.088692,48.00,2.000000E-4,-5.519230E-2,-1.400000E-3,0.06,0.00,0.06,0.00
-66.00,-0.086051,48.00,-66.00,-0.052397,48.00,5.000000E-4,-3.365410E-2,-1.200000E-3,0.03,0.00,0.03,0.00
-69.00,-0.040719,48.00,-69.00,-0.024605,48.00,4.000000E-4,-1.611420E-2,-9.000000E-4,0.02,0.00,0.02,0.00
-72.00,-0.010834,48.00,-72.00,-0.006574,48.00,2.000000E-4,-4.260750E-3,-5.000000E-4,0.00,0.00,0.00,0.00
-75,0.000001,48,-75,0.000001,48,0.000000E+0,0.000000E+0,0.000000E+0,0,0,0,0
75,0.000001,45,75,0.000001,45,0.000000E+0,0.000000E+0,0.000000E+0,0,0,0,0
72.00,-0.008364,45.00,72.00,-0.006677,45.00,-2.000000E-4,-1.687460E-3,-1.000000E-4,0.00,0.00,0.00,0.00
69.00,-0.031856,45.00,69.00,-0.025463,45.00,-5.000000E-4,-6.392700E-3,-2.000000E-4,0.01,0.00,0.01,0.00
66.00,-0.067246,45.00,66.00,-0.053938,45.00,-7.000000E-4,-1.330810E-2,-2.000000E-4,0.01,0.00,0.01,0.00
63.00,-0.113114,45.00,63.00,-0.091318,45.00,-9.000000E-4,-2.179570E-2,-2.000000E-4,0.02,0.00,0.02,0.00
60.00,-0.167402,45.00,60.00,-0.136057,45.00,-1.100000E-3,-3.134500E-2,-1.000000E-4,0.03,0.00,0.03,0.00
57.00,-0.229306,45.00,57.00,-0.187755,45.00,-1.200000E-3,-4.155100E-2,0.000000E+0,0.04,0.00,0.04,0
54.00,-0.298057,45.00,54.00,-0.245967,45.00,-1.300000E-3,-5.209000E-2,1.000000E-4,0.05,0.00,0.05,0.00
51.00,-0.372540,45.00,51.00,-0.309799,45.00,-1.400000E-3,-6.274100E-2,2.000000E-4,0.06,0.00,0.06,0.00
48.00,-0.452853,45.00,48.00,-0.379499,45.00,-1.500000E-3,-7.335400E-2,5.000000E-4,0.07,0.00,0.07,0.00
45.00,-0.538661,45.00,45.00,-0.454777,45.00,-1.600000E-3,-8.388400E-2,6.000000E-4,0.08,0.00,0.08,0.00
42.00,-0.628898,45.00,42.00,-0.534554,45.00,-1.700000E-3,-9.434400E-2,1.000000E-3,0.09,0.00,0.09,0.00
39.00,-0.723550,45.00,39.00,-0.618740,45.00,-1.700000E-3,-1.048100E-1,1.300000E-3,0.10,0.00,0.10,0.00
36.00,-0.821657,45.01,36.00,-0.706275,45.01,-1.900000E-3,-1.153820E-1,1.600000E-3,0.12,0.00,0.12,0.00
33.00,-0.922667,45.01,33.01,-0.796519,45.01,-2.000000E-3,-1.261480E-1,2.000000E-3,0.13,0.00,0.13,0.00
30.00,-1.03,45.01,30.01,-0.888304,45.01,-2.000000E-3,-1.371960E-1,2.500000E-3,0.14,0.00,0.14,0.00
27.01,-1.13,45.02,27.01,-0.980249,45.01,-2.200000E-3,-1.485910E-1,3.000000E-3,0.15,0.00,0.15,0.00
24.01,-1.23,45.02,24.01,-1.07,45.02,-2.300000E-3,-1.603300E-1,3.500000E-3,0.16,0.00,0.16,0.00
21.01,-1.33,45.02,21.01,-1.16,45.02,-2.500000E-3,-1.724300E-1,4.100000E-3,0.17,0.00,0.17,0.00
18.01,-1.43,45.03,18.01,-1.24,45.02,-2.600000E-3,-1.847700E-1,4.700000E-3,0.18,0.00,0.18,0.00
15.01,-1.52,45.03,15.01,-1.32,45.03,-2.900000E-3,-1.973100E-1,5.200000E-3,0.20,0.00,0.20,0.01
12.00,-1.60,45.04,12.01,-1.39,45.03,-3.200000E-3,-2.099200E-1,5.800000E-3,0.21,0.00,0.21,0.01
9.00,-1.66,45.04,9.01,-1.44,45.03,-3.600000E-3,-2.224600E-1,6.300000E-3,0.22,0.00,0.22,0.01
6.00,-1.72,45.04,6.00,-1.49,45.04,-3.900000E-3,-2.348000E-1,6.700000E-3,0.23,0.00,0.23,0.01
3.00,-1.76,45.05,3.00,-1.52,45.04,-4.460000E-3,-2.467000E-1,7.000000E-3,0.25,0.00,0.25,0.01
-0.004539,-1.79,45.05,0.000356,-1.53,45.04,-4.894811E-3,-2.580800E-1,7.100000E-3,0.26,0.00,0.26,0.01
-3.01,-1.80,45.05,-3.00,-1.53,45.04,-5.500000E-3,-2.687500E-1,7.000000E-3,0.27,0.01,0.27,0.01
-6.01,-1.79,45.04,-6.00,-1.52,45.04,-5.970000E-3,-2.785400E-1,6.900000E-3,0.28,0.01,0.28,0.01
-9.01,-1.77,45.04,-9.01,-1.49,45.04,-6.500000E-3,-2.872700E-1,6.500000E-3,0.29,0.01,0.29,0.01
-12.01,-1.74,45.04,-12.01,-1.44,45.03,-6.800000E-3,-2.947000E-1,6.000000E-3,0.29,0.01,0.29,0.01
-15.01,-1.69,45.04,-15.01,-1.39,45.03,-7.300000E-3,-3.006500E-1,5.400000E-3,0.30,0.01,0.30,0.01
-18.02,-1.63,45.03,-18.01,-1.32,45.03,-7.400000E-3,-3.048300E-1,4.700000E-3,0.30,0.01,0.30,0.00
-21.02,-1.55,45.03,-21.01,-1.24,45.02,-7.500000E-3,-3.071000E-1,3.900000E-3,0.31,0.01,0.31,0.00
-24.02,-1.47,45.02,-24.01,-1.16,45.02,-7.400000E-3,-3.071700E-1,3.200000E-3,0.31,0.01,0.31,0.00
-27.02,-1.38,45.02,-27.01,-1.07,45.02,-7.100000E-3,-3.048300E-1,2.400000E-3,0.30,0.01,0.30,0.00
-30.01,-1.28,45.01,-30.01,-0.980247,45.01,-6.800000E-3,-2.998130E-1,1.600000E-3,0.30,0.01,0.30,0.00
-33.01,-1.18,45.01,-33.01,-0.886110,45.01,-6.300000E-3,-2.918700E-1,1.000000E-3,0.29,0.01,0.29,0.00
-36.01,-1.07,45.01,-36.01,-0.791941,45.01,-5.800000E-3,-2.808090E-1,4.000000E-4,0.28,0.01,0.28,0.00
-39.01,-0.965520,45.01,-39.00,-0.699043,45.01,-5.100000E-3,-2.664770E-1,-1.000000E-4,0.27,0.01,0.27,0.00
-42.01,-0.857342,45.00,-42.00,-0.608503,45.00,-4.500000E-3,-2.488390E-1,-6.000000E-4,0.25,0.00,0.25,0.00
-45.01,-0.749546,45.00,-45.00,-0.521552,45.00,-3.600000E-3,-2.279940E-1,-9.000000E-4,0.23,0.00,0.23,0.00
-48.00,-0.642963,45.00,-48.00,-0.438756,45.00,-2.900000E-3,-2.042070E-1,-1.200000E-3,0.20,0.00,0.20,0.00
-51.00,-0.538987,45.00,-51.00,-0.361053,45.00,-2.200000E-3,-1.779340E-1,-1.500000E-3,0.18,0.00,0.18,0.00
-54.00,-0.438361,45.00,-54.00,-0.288535,45.00,-1.500000E-3,-1.498260E-1,-1.600000E-3,0.15,0.00,0.15,0.00
-57.00,-0.343212,45.00,-57.00,-0.222473,45.00,-8.000000E-4,-1.207390E-1,-1.700000E-3,0.12,0.00,0.12,0.00
-60.00,-0.254633,45.00,-60.00,-0.162910,45.00,-3.000000E-4,-9.172300E-2,-1.600000E-3,0.09,0.00,0.09,0.00
-63.00,-0.174692,45.00,-63.00,-0.110656,45.00,2.000000E-4,-6.403600E-2,-1.500000E-3,0.06,0.00,0.06,0.00
-66.00,-0.105704,45.00,-66.00,-0.066550,45.00,3.000000E-4,-3.915370E-2,-1.300000E-3,0.04,0.00,0.04,0.00
-69.00,-0.050574,45.00,-69.00,-0.031775,45.00,5.000000E-4,-1.879890E-2,-1.000000E-3,0.02,0.00,0.02,0.00
-72.00,-0.013682,45.00,-72.00,-0.008710,45.00,3.000000E-4,-4.971620E-3,-5.000000E-4,0.01,0.00,0.00,0.00
-75,0.000001,45,-75,0.000001,45,0.000000E+0,0.000000E+0,0.000000E+0,0,0,0,0
75,0.000001,42,75,0.000001,42,0.000000E+0,0.000000E+0,0.000000E+0,0,0,0,0
72.00,-0.010432,42.00,72.00,-0.008606,42.00,-3.000000E-4,-1.825640E-3,-1.000000E-4,0.00,0.00,0.00,0.00
69.00,-0.039240,42.00,69.00,-0.032303,42.00,-5.000000E-4,-6.937700E-3,-1.000000E-4,0.01,0.00,0.01,0.00
66.00,-0.081671,42.00,66.00,-0.067223,42.00,-8.000000E-4,-1.444850E-2,-1.000000E-4,0.01,0.00,0.01,0.00
63.00,-0.135220,42.00,63.00,-0.111557,42.00,-1.000000E-3,-2.366300E-2,-1.000000E-4,0.02,0.00,0.02,0.00
60.00,-0.198232,42.00,60.00,-0.164202,42.00,-1.100000E-3,-3.403000E-2,-1.000000E-4,0.03,0.00,0.03,0.00
57.00,-0.269452,42.00,57.00,-0.224359,42.00,-1.200000E-3,-4.509300E-2,0.000000E+0,0.05,0.00,0.05,0
54.00,-0.348770,42.00,54.00,-0.292265,42.00,-1.300000E-3,-5.650500E-2,2.000000E-4,0.06,0.00,0.06,0.00
51.00,-0.434778,42.00,51.00,-0.366782,42.00,-1.300000E-3,-6.799600E-2,4.000000E-4,0.07,0.00,0.07,0.00
48.00,-0.527453,42.00,48.00,-0.448042,42.00,-1.300000E-3,-7.941100E-2,6.000000E-4,0.08,0.00,0.08,0.00
45.00,-0.626243,42.00,45.00,-0.535568,42.00,-1.400000E-3,-9.067500E-2,1.000000E-3,0.09,0.00,0.09,0.00
42.00,-0.730729,42.00,42.00,-0.628920,42.00,-1.400000E-3,-1.018090E-1,1.300000E-3,0.10,0.00,0.10,0.00
39.00,-0.840233,42.01,39.01,-0.727354,42.01,-1.500000E-3,-1.128790E-1,1.600000E-3,0.11,0.00,0.11,0.00
36.01,-0.954469,42.01,36.01,-0.830482,42.01,-1.500000E-3,-1.239870E-1,2.000000E-3,0.12,0.00,0.12,0.00
33.01,-1.07,42.01,33.01,-0.937092,42.01,-1.600000E-3,-1.352480E-1,2.400000E-3,0.14,0.00,0.14,0.00
30.01,-1.19,42.02,30.01,-1.05,42.01,-1.700000E-3,-1.467500E-1,2.900000E-3,0.15,0.00,0.15,0.00
27.01,-1.32,42.02,27.01,-1.16,42.02,-1.800000E-3,-1.585600E-1,3.500000E-3,0.16,0.00,0.16,0.00
24.01,-1.44,42.03,24.01,-1.27,42.02,-1.900000E-3,-1.707600E-1,4.100000E-3,0.17,0.00,0.17,0.00
21.01,-1.56,42.03,21.01,-1.37,42.03,-2.000000E-3,-1.832600E-1,4.800000E-3,0.18,0.00,0.18,0.00
18.01,-1.67,42.04,18.01,-1.47,42.03,-2.200000E-3,-1.960800E-1,5.400000E-3,0.20,0.00,0.20,0.01
15.01,-1.78,42.04,15.01,-1.57,42.04,-2.400000E-3,-2.091000E-1,6.100000E-3,0.21,0.00,0.21,0.01
12.01,-1.87,42.05,12.01,-1.65,42.04,-2.900000E-3,-2.222600E-1,6.600000E-3,0.22,0.00,0.22,0.01
9.01,-1.96,42.05,9.01,-1.72,42.05,-3.110000E-3,-2.354600E-1,7.200000E-3,0.24,0.00,0.24,0.01
6.00,-2.02,42.06,6.01,-1.78,42.05,-3.710000E-3,-2.485400E-1,7.700000E-3,0.25,0.00,0.25,0.01
3.00,-2.07,42.06,3.00,-1.81,42.05,-4.170000E-3,-2.614800E-1,8.000000E-3,0.26,0.00,0.26,0.01
-0.004145,-2.11,42.06,0.000771,-1.83,42.06,-4.916076E-3,-2.740600E-1,8.200000E-3,0.27,0.00,0.27,0.01
-3.01,-2.12,42.06,-3.00,-1.83,42.06,-5.530000E-3,-2.861400E-1,8.300000E-3,0.29,0.01,0.29,0.01
-6.01,-2.11,42.06,-6.01,-1.81,42.05,-6.290000E-3,-2.975400E-1,8.000000E-3,0.30,0.01,0.30,0.01
-9.01,-2.08,42.06,-9.01,-1.78,42.05,-6.910000E-3,-3.079900E-1,7.700000E-3,0.31,0.01,0.31,0.01
-12.02,-2.04,42.05,-12.01,-1.72,42.05,-7.600000E-3,-3.172900E-1,7.200000E-3,0.32,0.01,0.32,0.01
-15.02,-1.98,42.05,-15.01,-1.65,42.04,-8.000000E-3,-3.250800E-1,6.600000E-3,0.33,0.01,0.33,0.01
-18.02,-1.90,42.04,-18.01,-1.57,42.04,-8.400000E-3,-3.311400E-1,5.700000E-3,0.33,0.01,0.33,0.01
-21.02,-1.81,42.04,-21.01,-1.48,42.03,-8.600000E-3,-3.351000E-1,4.800000E-3,0.34,0.01,0.34,0.00
-24.02,-1.71,42.03,-24.01,-1.38,42.03,-8.600000E-3,-3.366900E-1,3.900000E-3,0.34,0.01,0.34,0.00
-27.02,-1.60,42.02,-27.01,-1.27,42.02,-8.500000E-3,-3.355500E-1,3.100000E-3,0.34,0.01,0.34,0.00
-30.02,-1.49,42.02,-30.01,-1.16,42.02,-8.200000E-3,-3.313500E-1,2.300000E-3,0.33,0.01,0.33,0.00
-33.02,-1.37,42.01,-33.01,-1.05,42.01,-7.700000E-3,-3.238000E-1,1.500000E-3,0.32,0.01,0.32,0.00
-36.02,-1.25,42.01,-36.01,-0.933138,42.01,-7.200000E-3,-3.125820E-1,8.000000E-4,0.31,0.01,0.31,0.00
-39.01,-1.12,42.01,-39.01,-0.823280,42.01,-6.400000E-3,-2.975400E-1,3.000000E-4,0.30,0.01,0.30,0.00
-42.01,-0.995318,42.01,-42.00,-0.716694,42.01,-5.700000E-3,-2.786240E-1,-3.000000E-4,0.28,0.01,0.28,0.00
-45.01,-0.870728,42.00,-45.00,-0.614804,42.00,-4.800000E-3,-2.559240E-1,-7.000000E-4,0.26,0.00,0.26,0.00
-48.01,-0.748054,42.00,-48.00,-0.518303,42.00,-3.900000E-3,-2.297510E-1,-1.100000E-3,0.23,0.00,0.23,0.00
-51.00,-0.628096,42,-51.00,-0.427473,42.00,-2.900000E-3,-2.006230E-1,-1.400000E-3,0.20,0.00,0.20,0.00
-54.00,-0.512606,42.00,-54.00,-0.343320,42.00,-2.100000E-3,-1.692860E-1,-1.600000E-3,0.17,0.00,0.17,0.00
-57.00,-0.402861,42.00,-57.00,-0.266158,42.00,-1.200000E-3,-1.367030E-1,-1.700000E-3,0.14,0.00,0.14,0.00
-60.00,-0.300429,42.00,-60.00,-0.196362,42.00,-5.000000E-4,-1.040670E-1,-1.700000E-3,0.10,0.00,0.10,0.00
-63.00,-0.207625,42.00,-63.00,-0.134815,42.00,0.000000E+0,-7.281000E-2,-1.600000E-3,0.07,0,0.07,0.00
-66.00,-0.126882,42.00,-66.00,-0.082262,42.00,4.000000E-4,-4.462000E-2,-1.300000E-3,0.04,0.00,0.04,0.00
-69.00,-0.061836,42.00,-69.00,-0.040362,42.00,5.000000E-4,-2.147470E-2,-1.000000E-3,0.02,0.00,0.02,0.00
-72.00,-0.016855,42.00,-72.00,-0.011159,42.00,3.000000E-4,-5.696100E-3,-6.000000E-4,0.01,0.00,0.01,0.00
-75,0.000001,42,-75,0.000001,42,0.000000E+0,0.000000E+0,0.000000E+0,0,0,0,0
75,0.000000,39,75,0.000000,39,0.000000E+0,0.000000E+0,0.000000E+0,0,0,0,0
72.00,-0.013141,39.00,72.00,-0.011184,39.00,-3.000000E-4,-1.957300E-3,0.000000E+0,0.00,0.00,0.00,0
69.00,-0.047311,39.00,69.00,-0.039896,39.00,-6.000000E-4,-7.415200E-3,-1.000000E-4,0.01,0.00,0.01,0.00
66.00,-0.097004,39.00,66.00,-0.081574,39.00,-8.000000E-4,-1.543070E-2,-1.000000E-4,0.02,0.00,0.02,0.00
63.00,-0.158705,39.00,63.00,-0.133444,39.00,-9.000000E-4,-2.526100E-2,-1.000000E-4,0.03,0.00,0.03,0.00
60.00,-0.230163,39.00,60.00,-0.193855,39.00,-1.100000E-3,-3.630800E-2,0.000000E+0,0.04,0.00,0.04,0
57.00,-0.311570,39.00,57.00,-0.263483,39.00,-1.100000E-3,-4.808700E-2,1.000000E-4,0.05,0.00,0.05,0.00
54.00,-0.401565,39.00,54.00,-0.341363,39.00,-1.200000E-3,-6.020200E-2,4.000000E-4,0.06,0.00,0.06,0.00
51.00,-0.499384,39.00,51.00,-0.427012,39.00,-1.200000E-3,-7.237200E-2,6.000000E-4,0.07,0.00,0.07,0.00
48.00,-0.604804,39.00,48.00,-0.520402,39.00,-1.200000E-3,-8.440200E-2,8.000000E-4,0.08,0.00,0.08,0.00
45.00,-0.717277,39.00,45.00,-0.621062,39.00,-1.300000E-3,-9.621500E-2,1.100000E-3,0.10,0.00,0.10,0.00
42.00,-0.836895,39.01,42.01,-0.729080,39.00,-1.200000E-3,-1.078150E-1,1.400000E-3,0.11,0.00,0.11,0.00
39.01,-0.962665,39.01,39.01,-0.843401,39.01,-1.200000E-3,-1.192640E-1,1.800000E-3,0.12,0.00,0.12,0.00
36.01,-1.09,39.01,36.01,-0.963789,39.01,-1.200000E-3,-1.306810E-1,2.300000E-3,0.13,0.00,0.13,0.00
33.01,-1.23,39.02,33.01,-1.09,39.01,-1.200000E-3,-1.421500E-1,2.800000E-3,0.14,0.00,0.14,0.00
30.01,-1.37,39.02,30.01,-1.22,39.02,-1.300000E-3,-1.538100E-1,3.300000E-3,0.15,0.00,0.15,0.00
27.01,-1.52,39.03,27.02,-1.35,39.02,-1.400000E-3,-1.657500E-1,3.900000E-3,0.17,0.00,0.17,0.00
24.02,-1.66,39.03,24.02,-1.48,39.03,-1.300000E-3,-1.779800E-1,4.500000E-3,0.18,0.00,0.18,0.00
21.02,-1.80,39.04,21.02,-1.61,39.04,-1.500000E-3,-1.905400E-1,5.200000E-3,0.19,0.00,0.19,0.01
18.02,-1.94,39.05,18.02,-1.74,39.04,-1.600000E-3,-2.033600E-1,6.000000E-3,0.20,0.00,0.20,0.01
15.02,-2.07,39.06,15.02,-1.85,39.05,-1.900000E-3,-2.165200E-1,6.600000E-3,0.22,0.00,0.22,0.01
12.01,-2.19,39.07,12.02,-1.96,39.06,-2.100000E-3,-2.298700E-1,7.300000E-3,0.23,0.00,0.23,0.01
9.01,-2.29,39.08,9.01,-2.05,39.07,-2.630000E-3,-2.434100E-1,7.700000E-3,0.24,0.00,0.24,0.01
6.01,-2.37,39.08,6.01,-2.12,39.07,-3.060000E-3,-2.571000E-1,8.400000E-3,0.26,0.00,0.26,0.01
3.00,-2.43,39.09,3.00,-2.16,39.08,-3.830000E-3,-2.708600E-1,8.800000E-3,0.27,0.00,0.27,0.01
-0.004901,-2.47,39.09,-0.000390,-2.19,39.08,-4.510608E-3,-2.845800E-1,9.200000E-3,0.28,0.00,0.28,0.01
-3.01,-2.48,39.09,-3.00,-2.19,39.08,-5.460000E-3,-2.980400E-1,9.200000E-3,0.30,0.01,0.30,0.01
-6.01,-2.47,39.08,-6.01,-2.16,39.08,-6.280000E-3,-3.110100E-1,9.100000E-3,0.31,0.01,0.31,0.01
-9.02,-2.44,39.08,-9.01,-2.11,39.07,-7.240000E-3,-3.233200E-1,8.600000E-3,0.32,0.01,0.32,0.01
-12.02,-2.38,39.07,-12.02,-2.05,39.07,-8.000000E-3,-3.346000E-1,8.200000E-3,0.33,0.01,0.33,0.01
-15.03,-2.30,39.07,-15.02,-1.96,39.06,-8.800000E-3,-3.446100E-1,7.300000E-3,0.34,0.01,0.34,0.01
-18.03,-2.21,39.06,-18.02,-1.86,39.05,-9.300000E-3,-3.528400E-1,6.500000E-3,0.35,0.01,0.35,0.01
-21.03,-2.10,39.05,-21.02,-1.74,39.04,-9.800000E-3,-3.590400E-1,5.500000E-3,0.36,0.01,0.36,0.01
-24.03,-1.98,39.04,-24.02,-1.62,39.04,-1.000000E-2,-3.626500E-1,4.700000E-3,0.36,0.01,0.36,0.00
-27.03,-1.85,39.03,-27.02,-1.49,39.03,-1.000000E-2,-3.632700E-1,3.700000E-3,0.36,0.01,0.36,0.00
-30.02,-1.71,39.03,-30.02,-1.35,39.02,-9.800000E-3,-3.604500E-1,2.900000E-3,0.36,0.01,0.36,0.00
-33.02,-1.57,39.02,-33.01,-1.22,39.02,-9.300000E-3,-3.537300E-1,2.000000E-3,0.35,0.01,0.35,0.00
-36.02,-1.43,39.01,-36.01,-1.09,39.01,-8.700000E-3,-3.427900E-1,1.300000E-3,0.34,0.01,0.34,0.00
-39.02,-1.28,39.01,-39.01,-0.956571,39.01,-8.000000E-3,-3.273890E-1,7.000000E-4,0.33,0.01,0.33,0.00
-42.01,-1.14,39.01,-42.01,-0.832270,39.01,-7.000000E-3,-3.074500E-1,1.000000E-4,0.31,0.01,0.31,0.00
-45.01,-0.997047,39.00,-45.01,-0.713935,39.01,-6.000000E-3,-2.831120E-1,-5.000000E-4,0.28,0.01,0.28,0.00
-48.01,-0.857156,39.00,-48.00,-0.602444,39.00,-5.000000E-3,-2.547120E-1,-8.000000E-4,0.25,0.00,0.25,0.00
-51.01,-0.720916,39.00,-51.00,-0.498053,39.00,-3.800000E-3,-2.228630E-1,-1.300000E-3,0.22,0.00,0.22,0.00
-54.00,-0.589930,39.00,-54.00,-0.401535,39.00,-2.800000E-3,-1.883950E-1,-1.500000E-3,0.19,0.00,0.19,0.00
-57.00,-0.465125,39.00,-57,-0.312721,39.00,-1.700000E-3,-1.524040E-1,-1.600000E-3,0.15,0.00,0.15,0.00
-60,-0.348873,39.00,-60.00,-0.232650,39.00,-8.000000E-4,-1.162230E-1,-1.700000E-3,0.12,0.00,0.12,0.00
-63.00,-0.242695,39.00,-63.00,-0.161234,39.00,-2.000000E-4,-8.146100E-2,-1.600000E-3,0.08,0.00,0.08,0.00
-66.00,-0.149796,39.00,-66.00,-0.099782,39.00,3.000000E-4,-5.001410E-2,-1.400000E-3,0.05,0.00,0.05,0.00
-69.00,-0.074176,39.00,-69.00,-0.050054,39.00,5.000000E-4,-2.412230E-2,-1.000000E-3,0.02,0.00,0.02,0.00
-72.00,-0.020579,39.00,-72.00,-0.014154,39.00,4.000000E-4,-6.425100E-3,-6.000000E-4,0.01,0.00,0.01,0.00
-75,0.000000,39,-75,0.000000,39,0.000000E+0,0.000000E+0,0.000000E+0,0,0,0,0
75,0.000000,36,75,0.000000,36,0.000000E+0,0.000000E+0,0.000000E+0,0,0,0,0
72.00,-0.016141,36.00,72.00,-0.014062,36.00,-3.000000E-4,-2.079100E-3,-1.000000E-4,0.00,0.00,0.00,0.00
69.00,-0.056406,36.00,69.00,-0.048578,36.00,-6.000000E-4,-7.827800E-3,-1.000000E-4,0.01,0.00,0.01,0.00
66.00,-0.113353,36.00,66.00,-0.097090,36.00,-8.000000E-4,-1.626280E-2,-1.000000E-4,0.02,0.00,0.02,0.00
63.00,-0.183045,36.00,63.00,-0.156450,36.00,-1.000000E-3,-2.659500E-2,0.000000E+0,0.03,0.00,0.03,0
60.00,-0.264130,36,60.00,-0.225937,36.00,-1.100000E-3,-3.819300E-2,1.000000E-4,0.04,0.00,0.04,0.00
57.00,-0.355374,36.00,57,-0.304841,36.00,-1.100000E-3,-5.053300E-2,2.000000E-4,0.05,0.00,0.05,0.00
54.00,-0.455890,36.00,54.00,-0.392692,36.00,-1.100000E-3,-6.319800E-2,4.000000E-4,0.06,0.00,0.06,0.00
51.00,-0.565763,36.00,51.00,-0.489896,36.00,-1.000000E-3,-7.586700E-2,7.000000E-4,0.08,0.00,0.08,0.00
48.00,-0.684181,36.00,48.00,-0.595842,36.00,-1.000000E-3,-8.833900E-2,1.000000E-3,0.09,0.00,0.09,0.00
45.00,-0.811494,36.01,45.01,-0.710978,36.00,-1.000000E-3,-1.005160E-1,1.300000E-3,0.10,0.00,0.10,0.00
42.01,-0.946709,36.01,42.01,-0.834329,36.01,-9.000000E-4,-1.123800E-1,1.600000E-3,0.11,0.00,0.11,0.00
39.01,-1.09,36.01,39.01,-0.966291,36.01,-9.000000E-4,-1.239990E-1,2.100000E-3,0.12,0.00,0.12,0.00
36.01,-1.24,36.01,36.01,-1.11,36.01,-8.000000E-4,-1.354500E-1,2.500000E-3,0.14,0.00,0.14,0.00
33.02,-1.40,36.02,33.02,-1.25,36.02,-8.000000E-4,-1.468800E-1,3.000000E-3,0.15,0.00,0.15,0.00
30.02,-1.56,36.03,30.02,-1.41,36.02,-8.000000E-4,-1.584000E-1,3.500000E-3,0.16,0.00,0.16,0.00
27.02,-1.73,36.03,27.02,-1.56,36.03,-7.000000E-4,-1.700900E-1,4.200000E-3,0.17,0.00,0.17,0.00
24.02,-1.90,36.04,24.02,-1.72,36.04,-8.000000E-4,-1.820300E-1,4.700000E-3,0.18,0.00,0.18,0.00
21.02,-2.07,36.05,21.03,-1.88,36.05,-8.000000E-4,-1.942100E-1,5.500000E-3,0.19,0.00,0.19,0.01
18.02,-2.24,36.07,18.03,-2.04,36.06,-9.000000E-4,-2.067600E-1,6.100000E-3,0.21,0.00,0.21,0.01
15.02,-2.40,36.08,15.02,-2.19,36.07,-1.000000E-3,-2.195600E-1,6.800000E-3,0.22,0.00,0.22,0.01
12.02,-2.55,36.09,12.02,-2.32,36.08,-1.400000E-3,-2.328400E-1,7.400000E-3,0.23,0.00,0.23,0.01
9.01,-2.68,36.10,9.02,-2.44,36.09,-1.650000E-3,-2.464700E-1,8.200000E-3,0.25,0.00,0.25,0.01
6.01,-2.79,36.11,6.01,-2.53,36.10,-2.320000E-3,-2.605900E-1,8.700000E-3,0.26,0.00,0.26,0.01
3.00,-2.86,36.12,3.00,-2.59,36.11,-2.910000E-3,-2.750800E-1,9.300000E-3,0.28,0.00,0.28,0.01
-0.006015,-2.91,36.12,-0.002104,-2.62,36.11,-3.910540E-3,-2.897700E-1,9.600000E-3,0.29,0.00,0.29,0.01
-3.01,-2.92,36.12,-3.01,-2.61,36.11,-4.840000E-3,-3.044600E-1,9.900000E-3,0.30,0.00,0.30,0.01
-6.02,-2.90,36.12,-6.01,-2.58,36.11,-6.030000E-3,-3.190700E-1,9.700000E-3,0.32,0.01,0.32,0.01
-9.03,-2.85,36.11,-9.02,-2.51,36.10,-7.100000E-3,-3.331600E-1,9.400000E-3,0.33,0.01,0.33,0.01
-12.03,-2.77,36.10,-12.02,-2.43,36.09,-8.300000E-3,-3.466200E-1,8.800000E-3,0.35,0.01,0.35,0.01
-15.04,-2.67,36.09,-15.03,-2.31,36.08,-9.200000E-3,-3.589600E-1,8.100000E-3,0.36,0.01,0.36,0.01
-18.04,-2.55,36.08,-18.03,-2.18,36.07,-1.020000E-2,-3.698500E-1,7.000000E-3,0.37,0.01,0.37,0.01
-21.04,-2.42,36.06,-21.03,-2.04,36.06,-1.080000E-2,-3.786700E-1,6.100000E-3,0.38,0.01,0.38,0.01
-24.04,-2.27,36.05,-24.03,-1.88,36.05,-1.130000E-2,-3.849000E-1,5.200000E-3,0.39,0.01,0.38,0.01
-27.04,-2.11,36.04,-27.02,-1.72,36.04,-1.150000E-2,-3.878800E-1,4.200000E-3,0.39,0.01,0.39,0.00
-30.03,-1.95,36.03,-30.02,-1.56,36.03,-1.140000E-2,-3.869700E-1,3.300000E-3,0.39,0.01,0.39,0.00
-33.03,-1.79,36.03,-33.02,-1.41,36.02,-1.110000E-2,-3.816500E-1,2.500000E-3,0.38,0.01,0.38,0.00
-36.03,-1.62,36.02,-36.02,-1.25,36.02,-1.050000E-2,-3.714300E-1,1.700000E-3,0.37,0.01,0.37,0.00
-39.02,-1.45,36.01,-39.01,-1.10,36.01,-9.600000E-3,-3.560100E-1,1.000000E-3,0.36,0.01,0.36,0.00
-42.02,-1.29,36.01,-42.01,-0.954576,36.01,-8.600000E-3,-3.353440E-1,4.000000E-4,0.34,0.01,0.34,0.00
-45.01,-1.13,36.01,-45.01,-0.818475,36.01,-7.500000E-3,-3.095450E-1,-1.000000E-4,0.31,0.01,0.31,0.00
-48.01,-0.969818,36.00,-48.01,-0.690733,36.00,-6.100000E-3,-2.790850E-1,-6.000000E-4,0.28,0.01,0.28,0.00
-51.01,-0.816502,36.00,-51.00,-0.571886,36.00,-4.900000E-3,-2.446160E-1,-1.000000E-3,0.24,0.00,0.24,0.00
-54.01,-0.669289,36.00,-54.00,-0.462171,36.00,-3.500000E-3,-2.071180E-1,-1.500000E-3,0.21,0.00,0.21,0.00
-57.00,-0.529381,36.00,-57.00,-0.361589,36.00,-2.300000E-3,-1.677920E-1,-1.600000E-3,0.17,0.00,0.17,0.00
-60.00,-0.398737,36.00,-60.00,-0.270591,36.00,-1.200000E-3,-1.281460E-1,-1.700000E-3,0.13,0.00,0.13,0.00
-63.00,-0.279414,36.00,-63.00,-0.189463,36,-4.000000E-4,-8.995100E-2,-1.600000E-3,0.09,0.00,0.09,0.00
-66.00,-0.174261,36.00,-66.00,-0.118942,36.00,2.000000E-4,-5.531900E-2,-1.400000E-3,0.06,0.00,0.06,0.00
-69.00,-0.087644,36.00,-69.00,-0.060911,36.00,5.000000E-4,-2.673310E-2,-1.000000E-3,0.03,0.00,0.03,0.00
-72.00,-0.024996,36.00,-72.00,-0.017861,36.00,4.000000E-4,-7.135500E-3,-6.000000E-4,0.01,0.00,0.01,0.00
-75,0.000000,36,-75,0.000000,36,0.000000E+0,0.000000E+0,0.000000E+0,0,0,0,0
75,0.000000,33,75,0.000000,33,0.000000E+0,0.000000E+0,0.000000E+0,0,0,0,0
72.00,-0.019132,33.00,72.00,-0.016952,33.00,-3.000000E-4,-2.179200E-3,-1.000000E-4,0.00,0.00,0.00,0.00
69.00,-0.066633,33.00,69.00,-0.058459,33.00,-6.000000E-4,-8.173800E-3,-1.000000E-4,0.01,0.00,0.01,0.00
66.00,-0.130841,33.00,66.00,-0.113895,33.00,-8.000000E-4,-1.694600E-2,0.000000E+0,0.02,0.00,0.02,0
63.00,-0.208499,33.00,63.00,-0.180824,33.00,-9.000000E-4,-2.767500E-2,1.000000E-4,0.03,0.00,0.03,0.00
60.00,-0.298584,33.00,60.00,-0.258892,33.00,-1.000000E-3,-3.969200E-2,2.000000E-4,0.04,0.00,0.04,0.00
57.00,-0.399549,33.00,57.00,-0.347097,33.00,-1.000000E-3,-5.245200E-2,4.000000E-4,0.05,0.00,0.05,0.00
54.00,-0.511348,33.00,54.00,-0.445845,33.00,-9.000000E-4,-6.550300E-2,6.000000E-4,0.07,0.00,0.07,0.00
51.00,-0.633070,33.00,51.00,-0.554552,33.00,-9.000000E-4,-7.851800E-2,7.000000E-4,0.08,0.00,0.08,0.00
48.00,-0.765045,33.00,48.01,-0.673776,33.00,-7.000000E-4,-9.126900E-2,1.100000E-3,0.09,0.00,0.09,0.00
45.01,-0.907209,33.01,45.01,-0.803576,33.01,-6.000000E-4,-1.036330E-1,1.400000E-3,0.10,0.00,0.10,0.00
42.01,-1.06,33.01,42.01,-0.944098,33.01,-5.000000E-4,-1.155820E-1,1.800000E-3,0.12,0.00,0.12,0.00
39.01,-1.22,33.01,39.01,-1.10,33.01,-4.000000E-4,-1.271500E-1,2.200000E-3,0.13,0.00,0.13,0.00
36.02,-1.39,33.02,36.02,-1.26,33.02,-4.000000E-4,-1.384400E-1,2.700000E-3,0.14,0.00,0.14,0.00
33.02,-1.58,33.02,33.02,-1.43,33.02,-2.000000E-4,-1.495500E-1,3.100000E-3,0.15,0.00,0.15,0.00
30.03,-1.77,33.03,30.03,-1.61,33.03,-1.000000E-4,-1.606200E-1,3.700000E-3,0.16,0.00,0.16,0.00
27.03,-1.96,33.04,27.03,-1.79,33.04,-1.000000E-4,-1.717900E-1,4.200000E-3,0.17,0.00,0.17,0.00
24.03,-2.17,33.06,24.03,-1.99,33.05,0.000000E+0,-1.830300E-1,4.900000E-3,0.18,0,0.18,0.00
21.04,-2.38,33.07,21.04,-2.19,33.06,0.000000E+0,-1.945500E-1,5.300000E-3,0.19,0,0.19,0.01
18.04,-2.59,33.09,18.04,-2.39,33.08,1.000000E-4,-2.063100E-1,6.000000E-3,0.21,0.00,0.21,0.01
15.03,-2.80,33.11,15.03,-2.58,33.10,-2.000000E-4,-2.186200E-1,6.600000E-3,0.22,0.00,0.22,0.01
12.03,-2.99,33.12,12.03,-2.76,33.12,-2.000000E-4,-2.313800E-1,7.200000E-3,0.23,0.00,0.23,0.01
9.02,-3.16,33.14,9.02,-2.92,33.13,-5.400000E-4,-2.451100E-1,7.900000E-3,0.25,0.00,0.25,0.01
6.01,-3.30,33.15,6.01,-3.04,33.15,-8.800000E-4,-2.595000E-1,8.700000E-3,0.26,0.00,0.26,0.01
3.00,-3.40,33.16,3.00,-3.12,33.15,-1.680000E-3,-2.744200E-1,9.100000E-3,0.27,0.00,0.27,0.01
-0.010261,-3.44,33.16,-0.007746,-3.15,33.15,-2.515200E-3,-2.898300E-1,9.700000E-3,0.29,0.00,0.29,0.01
-3.02,-3.45,33.16,-3.02,-3.14,33.15,-3.770000E-3,-3.057400E-1,9.800000E-3,0.31,0.00,0.31,0.01
-6.03,-3.42,33.16,-6.02,-3.09,33.15,-4.990000E-3,-3.216900E-1,9.900000E-3,0.32,0.00,0.32,0.01
-9.04,-3.34,33.15,-9.03,-3.01,33.14,-6.530000E-3,-3.376900E-1,9.500000E-3,0.34,0.01,0.34,0.01
-12.04,-3.24,33.13,-12.04,-2.88,33.12,-7.900000E-3,-3.532100E-1,9.000000E-3,0.35,0.01,0.35,0.01
-15.05,-3.10,33.12,-15.04,-2.74,33.11,-9.400000E-3,-3.681100E-1,8.200000E-3,0.37,0.01,0.37,0.01
-18.05,-2.95,33.10,-18.04,-2.57,33.09,-1.070000E-2,-3.819000E-1,7.400000E-3,0.38,0.01,0.38,0.01
-21.05,-2.78,33.08,-21.04,-2.38,33.08,-1.180000E-2,-3.939300E-1,6.300000E-3,0.39,0.01,0.39,0.01
-24.05,-2.59,33.07,-24.04,-2.19,33.06,-1.250000E-2,-4.033700E-1,5.400000E-3,0.40,0.01,0.40,0.01
-27.05,-2.40,33.05,-27.03,-1.99,33.05,-1.300000E-2,-4.093600E-1,4.400000E-3,0.41,0.01,0.41,0.00
-30.04,-2.21,33.04,-30.03,-1.80,33.04,-1.310000E-2,-4.110400E-1,3.600000E-3,0.41,0.01,0.41,0.00
-33.04,-2.01,33.03,-33.03,-1.61,33.03,-1.290000E-2,-4.076400E-1,2.800000E-3,0.41,0.01,0.41,0.00
-36.03,-1.82,33.02,-36.02,-1.42,33.02,-1.230000E-2,-3.985900E-1,2.000000E-3,0.40,0.01,0.40,0.00
-39.03,-1.63,33.02,-39.02,-1.25,33.02,-1.150000E-2,-3.835400E-1,1.300000E-3,0.38,0.01,0.38,0.00
-42.02,-1.45,33.01,-42.01,-1.08,33.01,-1.040000E-2,-3.623600E-1,7.000000E-4,0.36,0.01,0.36,0.00
-45.02,-1.26,33.01,-45.01,-0.927231,33.01,-9.000000E-3,-3.353190E-1,1.000000E-4,0.34,0.01,0.34,0.00
-48.01,-1.09,33.01,-48.01,-0.782435,33.01,-7.500000E-3,-3.028850E-1,-4.000000E-4,0.30,0.01,0.30,0.00
-51.01,-0.914176,33.00,-51.00,-0.648270,33.00,-6.000000E-3,-2.659060E-1,-1.000000E-3,0.27,0.01,0.27,0.00
-54.01,-0.750389,33.00,-54.00,-0.524958,33.00,-4.500000E-3,-2.254310E-1,-1.200000E-3,0.23,0.00,0.23,0.00
-57.00,-0.595238,33,-57.00,-0.412385,33.00,-2.900000E-3,-1.828530E-1,-1.500000E-3,0.18,0.00,0.18,0.00
-60.00,-0.450220,33.00,-60.00,-0.310416,33.00,-1.700000E-3,-1.398040E-1,-1.600000E-3,0.14,0.00,0.14,0.00
-63.00,-0.317372,33.00,-63.00,-0.219116,33.00,-6.000000E-4,-9.825600E-2,-1.600000E-3,0.10,0.00,0.10,0.00
-66.00,-0.200050,33.00,-66.00,-0.139541,33.00,1.000000E-4,-6.050900E-2,-1.400000E-3,0.06,0.00,0.06,0.00
-69.00,-0.101691,33.00,-69.00,-0.072396,33.00,5.000000E-4,-2.929480E-2,-1.000000E-3,0.03,0.00,0.03,0.00
-72.00,-0.028875,33.00,-72.00,-0.021046,33.00,5.000000E-4,-7.828800E-3,-6.000000E-4,0.01,0.00,0.01,0.00
-75,0.000000,33,-75,0.000000,33,0.000000E+0,0.000000E+0,0.000000E+0,0,0,0,0
75,0.000000,30,75,0.000000,30,0.000000E+0,0.000000E+0,0.000000E+0,0,0,0,0
72.00,-0.022231,30.00,72.00,-0.019977,30.00,-4.000000E-4,-2.254400E-3,0.000000E+0,0.00,0.00,0.00,0
69.00,-0.076713,30.00,69.00,-0.068265,30.00,-6.000000E-4,-8.448300E-3,0.000000E+0,0.01,0.00,0.01,0
66.00,-0.148639,30.00,66.00,-0.131158,30.00,-8.000000E-4,-1.748100E-2,0.000000E+0,0.02,0.00,0.02,0
63.00,-0.234770,30,63.00,-0.206270,30.00,-9.000000E-4,-2.850000E-2,1.000000E-4,0.03,0.00,0.03,0.00
60.00,-0.333614,30.00,60.00,-0.292798,30.00,-9.000000E-4,-4.081600E-2,2.000000E-4,0.04,0.00,0.04,0.00
57.00,-0.444289,30.00,57.00,-0.390435,30.00,-9.000000E-4,-5.385400E-2,5.000000E-4,0.05,0.00,0.05,0.00
54.00,-0.566690,30.00,54.00,-0.499529,30.00,-8.000000E-4,-6.716100E-2,6.000000E-4,0.07,0.00,0.07,0.00
51.00,-0.700639,30.00,51.00,-0.620263,30.00,-6.000000E-4,-8.037600E-2,9.000000E-4,0.08,0.00,0.08,0.00
48.01,-0.846248,30.01,48.01,-0.752984,30.00,-4.000000E-4,-9.326400E-2,1.200000E-3,0.09,0.00,0.09,0.00
45.01,-1.00,30.01,45.01,-0.898388,30.01,-4.000000E-4,-1.056620E-1,1.600000E-3,0.11,0.00,0.11,0.00
42.01,-1.17,30.01,42.01,-1.06,30.01,-1.000000E-4,-1.175300E-1,1.900000E-3,0.12,0.00,0.12,0.00
39.02,-1.36,30.02,39.02,-1.23,30.01,0.000000E+0,-1.288700E-1,2.300000E-3,0.13,0,0.13,0.00
36.02,-1.55,30.02,36.02,-1.41,30.02,2.000000E-4,-1.397800E-1,2.700000E-3,0.14,0.00,0.14,0.00
33.03,-1.76,30.03,33.03,-1.61,30.03,4.000000E-4,-1.503500E-1,3.200000E-3,0.15,0.00,0.15,0.00
30.04,-1.98,30.04,30.04,-1.82,30.04,5.000000E-4,-1.607700E-1,3.600000E-3,0.16,0.00,0.16,0.00
27.04,-2.22,30.05,27.04,-2.05,30.05,7.000000E-4,-1.710400E-1,4.200000E-3,0.17,0.00,0.17,0.00
24.05,-2.47,30.07,24.05,-2.29,30.06,7.000000E-4,-1.813600E-1,4.500000E-3,0.18,0.00,0.18,0.00
21.05,-2.73,30.09,21.05,-2.54,30.08,1.000000E-3,-1.917600E-1,5.000000E-3,0.19,0.00,0.19,0.00
18.05,-3.00,30.11,18.05,-2.80,30.11,1.000000E-3,-2.027000E-1,5.500000E-3,0.20,0.00,0.20,0.01
15.05,-3.28,30.14,15.05,-3.06,30.14,1.300000E-3,-2.141200E-1,6.000000E-3,0.21,0.00,0.21,0.01
12.04,-3.53,30.17,12.04,-3.31,30.17,1.200000E-3,-2.267200E-1,6.400000E-3,0.23,0.00,0.23,0.01
9.03,-3.76,30.20,9.03,-3.52,30.19,1.310000E-3,-2.400000E-1,7.000000E-3,0.24,0.00,0.24,0.01
6.02,-3.95,30.22,6.01,-3.70,30.21,9.200000E-4,-2.543900E-1,7.600000E-3,0.25,0.00,0.25,0.01
3.00,-4.07,30.23,3.00,-3.80,30.22,4.500000E-4,-2.696000E-1,8.100000E-3,0.27,0.00,0.27,0.01
-0.018127,-4.12,30.23,-0.017561,-3.84,30.22,-5.658000E-4,-2.855800E-1,8.600000E-3,0.29,0.00,0.29,0.01
-3.03,-4.12,30.22,-3.03,-3.81,30.21,-1.760000E-3,-3.021800E-1,9.100000E-3,0.30,0.00,0.30,0.01
-6.05,-4.06,30.21,-6.04,-3.74,30.20,-3.390000E-3,-3.195700E-1,9.100000E-3,0.32,0.00,0.32,0.01
-9.06,-3.96,30.19,-9.05,-3.62,30.19,-4.940000E-3,-3.370000E-1,9.000000E-3,0.34,0.00,0.34,0.01
-12.07,-3.81,30.18,-12.06,-3.46,30.17,-6.900000E-3,-3.547100E-1,8.600000E-3,0.35,0.01,0.35,0.01
-15.07,-3.63,30.15,-15.06,-3.26,30.14,-8.700000E-3,-3.723200E-1,7.900000E-3,0.37,0.01,0.37,0.01
-18.08,-3.42,30.13,-18.07,-3.03,30.12,-1.060000E-2,-3.891900E-1,7.100000E-3,0.39,0.01,0.39,0.01
-21.07,-3.19,30.10,-21.06,-2.79,30.10,-1.230000E-2,-4.047900E-1,6.300000E-3,0.41,0.01,0.40,0.01
-24.07,-2.96,30.08,-24.06,-2.54,30.08,-1.360000E-2,-4.180100E-1,5.300000E-3,0.42,0.01,0.42,0.01
-27.06,-2.72,30.07,-27.05,-2.29,30.06,-1.450000E-2,-4.277500E-1,4.500000E-3,0.43,0.01,0.43,0.00
-30.06,-2.48,30.05,-30.04,-2.05,30.05,-1.500000E-2,-4.327300E-1,3.700000E-3,0.43,0.01,0.43,0.00
-33.05,-2.25,30.04,-33.04,-1.82,30.04,-1.490000E-2,-4.318800E-1,3.000000E-3,0.43,0.01,0.43,0.00
-36.04,-2.03,30.03,-36.03,-1.61,30.03,-1.440000E-2,-4.244600E-1,2.200000E-3,0.42,0.01,0.42,0.00
-39.04,-1.82,30.02,-39.02,-1.41,30.02,-1.360000E-2,-4.100900E-1,1.600000E-3,0.41,0.01,0.41,0.00
-42.03,-1.60,30.01,-42.02,-1.22,30.01,-1.230000E-2,-3.886800E-1,9.000000E-4,0.39,0.01,0.39,0.00
-45.02,-1.40,30.01,-45.01,-1.04,30.01,-1.090000E-2,-3.604800E-1,3.000000E-4,0.36,0.01,0.36,0.00
-48.02,-1.20,30.01,-48.01,-0.876199,30.01,-9.100000E-3,-3.262010E-1,-3.000000E-4,0.33,0.01,0.33,0.00
-51.01,-1.01,30.00,-51.01,-0.726365,30.00,-7.300000E-3,-2.867250E-1,-7.000000E-4,0.29,0.01,0.29,0.00
-54.01,-0.832485,30.00,-54.00,-0.589144,30.00,-5.400000E-3,-2.433410E-1,-1.100000E-3,0.24,0.01,0.24,0.00
-57.01,-0.661748,30.00,-57.00,-0.464196,30.00,-3.700000E-3,-1.975520E-1,-1.400000E-3,0.20,0.00,0.20,0.00
-60.00,-0.502315,30.00,-60.00,-0.351139,30.00,-2.200000E-3,-1.511760E-1,-1.500000E-3,0.15,0.00,0.15,0.00
-63.00,-0.356319,30.00,-63.00,-0.249973,30.00,-9.000000E-4,-1.063460E-1,-1.500000E-3,0.11,0.00,0.11,0.00
-66.00,-0.226275,30.00,-66.00,-0.160708,30,1.000000E-4,-6.556700E-2,-1.300000E-3,0.07,0.00,0.07,0.00
-69.00,-0.116272,30.00,-69.00,-0.084476,30.00,5.000000E-4,-3.179610E-2,-1.000000E-3,0.03,0.00,0.03,0.00
-72.00,-0.033433,30.00,-72.00,-0.024921,30.00,5.000000E-4,-8.511700E-3,-6.000000E-4,0.01,0.00,0.01,0.00
-75,0.000000,30,-75,0.000000,30,0.000000E+0,0.000000E+0,0.000000E+0,0,0,0,0
75,0.000000,27,75,0.000000,27,0.000000E+0,0.000000E+0,0.000000E+0,0,0,0,0
72.00,-0.025784,27.00,72.00,-0.023474,27.00,-3.000000E-4,-2.310200E-3,0.000000E+0,0.00,0.00,0.00,0
69.00,-0.087058,27.00,69.00,-0.078404,27.00,-7.000000E-4,-8.654700E-3,1.000000E-4,0.01,0.00,0.01,0.00
66.00,-0.166671,27.00,66.00,-0.148805,27.00,-7.000000E-4,-1.786600E-2,1.000000E-4,0.02,0.00,0.02,0.00
63.00,-0.260614,27.00,63.00,-0.231535,27.00,-8.000000E-4,-2.907900E-2,1.000000E-4,0.03,0.00,0.03,0.00
60.00,-0.368068,27.00,60.00,-0.326491,27.00,-9.000000E-4,-4.157700E-2,3.000000E-4,0.04,0.00,0.04,0.00
57.00,-0.488320,27.00,57.00,-0.433536,27.00,-8.000000E-4,-5.478400E-2,5.000000E-4,0.05,0.00,0.05,0.00
54.00,-0.621341,27.00,54.00,-0.553118,27.00,-6.000000E-4,-6.822300E-2,7.000000E-4,0.07,0.00,0.07,0.00
51.01,-0.767327,27.00,51.01,-0.685800,27.00,-5.000000E-4,-8.152700E-2,9.000000E-4,0.08,0.00,0.08,0.00
48.01,-0.926913,27.01,48.01,-0.832496,27.00,-2.000000E-4,-9.441700E-2,1.200000E-3,0.09,0.00,0.09,0.00
45.01,-1.10,27.01,45.01,-0.993962,27.01,0.000000E+0,-1.067280E-1,1.500000E-3,0.11,0,0.11,0.00
42.02,-1.29,27.01,42.02,-1.17,27.01,3.000000E-4,-1.183600E-1,1.900000E-3,0.12,0.00,0.12,0.00
39.02,-1.49,27.02,39.02,-1.36,27.02,5.000000E-4,-1.293400E-1,2.300000E-3,0.13,0.00,0.13,0.00
36.03,-1.71,27.02,36.03,-1.58,27.02,8.000000E-4,-1.396900E-1,2.700000E-3,0.14,0.00,0.14,0.00
33.04,-1.95,27.03,33.04,-1.80,27.03,9.000000E-4,-1.495700E-1,3.100000E-3,0.15,0.00,0.15,0.00
30.05,-2.21,27.05,30.05,-2.05,27.04,1.200000E-3,-1.590600E-1,3.500000E-3,0.16,0.00,0.16,0.00
27.06,-2.49,27.06,27.06,-2.32,27.06,1.400000E-3,-1.682900E-1,3.800000E-3,0.17,0.00,0.17,0.00
24.06,-2.80,27.09,24.06,-2.62,27.08,1.700000E-3,-1.773900E-1,4.100000E-3,0.18,0.00,0.18,0.00
21.07,-3.14,27.12,21.07,-2.95,27.11,2.000000E-3,-1.868200E-1,4.300000E-3,0.19,0.00,0.19,0.00
18.07,-3.49,27.15,18.07,-3.30,27.15,2.400000E-3,-1.965700E-1,4.500000E-3,0.20,0.00,0.20,0.00
15.07,-3.85,27.19,15.07,-3.65,27.19,2.700000E-3,-2.074800E-1,4.700000E-3,0.21,0.00,0.21,0.00
12.06,-4.21,27.24,12.06,-3.99,27.24,3.300000E-3,-2.192400E-1,4.900000E-3,0.22,0.00,0.22,0.00
9.04,-4.55,27.29,9.04,-4.31,27.29,3.540000E-3,-2.326000E-1,5.200000E-3,0.23,0.00,0.23,0.01
6.01,-4.82,27.32,6.00,-4.57,27.32,3.940000E-3,-2.466400E-1,5.400000E-3,0.25,0.00,0.25,0.01
2.97,-5.00,27.33,2.97,-4.74,27.33,3.710000E-3,-2.611500E-1,5.500000E-3,0.26,0.00,0.26,0.01
-0.057737,-5.09,27.33,-0.060924,-4.81,27.32,3.187100E-3,-2.772400E-1,6.000000E-3,0.28,0.00,0.28,0.01
-3.08,-5.08,27.31,-3.08,-4.78,27.31,2.030000E-3,-2.948100E-1,6.500000E-3,0.29,0.00,0.29,0.01
-6.09,-4.96,27.29,-6.09,-4.64,27.28,4.400000E-4,-3.131700E-1,7.100000E-3,0.31,0.00,0.31,0.01
-9.11,-4.78,27.27,-9.11,-4.45,27.26,-1.960000E-3,-3.326000E-1,7.300000E-3,0.33,0.00,0.33,0.01
-12.12,-4.56,27.23,-12.12,-4.21,27.23,-4.200000E-3,-3.521400E-1,7.200000E-3,0.35,0.00,0.35,0.01
-15.12,-4.30,27.20,-15.11,-3.92,27.19,-7.000000E-3,-3.719800E-1,6.700000E-3,0.37,0.01,0.37,0.01
-18.11,-4.00,27.17,-18.10,-3.60,27.16,-9.700000E-3,-3.921800E-1,6.200000E-3,0.39,0.01,0.39,0.01
-21.11,-3.69,27.13,-21.10,-3.28,27.13,-1.210000E-2,-4.114700E-1,5.500000E-3,0.41,0.01,0.41,0.01
-24.10,-3.38,27.10,-24.09,-2.95,27.10,-1.440000E-2,-4.291200E-1,4.900000E-3,0.43,0.01,0.43,0.00
-27.09,-3.07,27.08,-27.07,-2.63,27.08,-1.590000E-2,-4.432900E-1,4.200000E-3,0.44,0.02,0.44,0.00
-30.08,-2.78,27.06,-30.06,-2.33,27.06,-1.680000E-2,-4.521800E-1,3.600000E-3,0.45,0.02,0.45,0.00
-33.07,-2.51,27.04,-33.05,-2.06,27.04,-1.710000E-2,-4.544900E-1,3.000000E-3,0.45,0.02,0.45,0.00
-36.06,-2.25,27.03,-36.04,-1.80,27.03,-1.680000E-2,-4.492300E-1,2.400000E-3,0.45,0.02,0.45,0.00
-39.05,-2.00,27.02,-39.03,-1.57,27.02,-1.590000E-2,-4.358600E-1,1.700000E-3,0.44,0.02,0.44,0.00
-42.04,-1.77,27.02,-42.02,-1.35,27.02,-1.460000E-2,-4.143700E-1,1.100000E-3,0.41,0.01,0.41,0.00
-45.03,-1.54,27.01,-45.02,-1.15,27.01,-1.280000E-2,-3.851500E-1,5.000000E-4,0.39,0.01,0.39,0.00
-48.02,-1.32,27.01,-48.01,-0.971125,27.01,-1.090000E-2,-3.490150E-1,0.000000E+0,0.35,0.01,0.35,0
-51.02,-1.11,27.00,-51.01,-0.804740,27.01,-8.700000E-3,-3.070900E-1,-6.000000E-4,0.31,0.01,0.31,0.00
-54.01,-0.914305,27.00,-54.01,-0.653498,27.00,-6.600000E-3,-2.608070E-1,-9.000000E-4,0.26,0.01,0.26,0.00
-57.01,-0.728027,27.00,-57.00,-0.516178,27.00,-4.600000E-3,-2.118490E-1,-1.200000E-3,0.21,0.00,0.21,0.00
-60.00,-0.554375,27.00,-60,-0.392167,27.00,-2.800000E-3,-1.622080E-1,-1.400000E-3,0.16,0.00,0.16,0.00
-63.00,-0.395016,27.00,-63.00,-0.280837,27.00,-1.300000E-3,-1.141790E-1,-1.400000E-3,0.11,0.00,0.11,0.00
-66.00,-0.252894,27.00,-66.00,-0.182430,27.00,-2.000000E-4,-7.046400E-2,-1.300000E-3,0.07,0.00,0.07,0.00
-69.00,-0.131054,27.00,-69.00,-0.096834,27.00,5.000000E-4,-3.422050E-2,-1.000000E-3,0.03,0.00,0.03,0.00
-72.00,-0.037945,27.00,-72.00,-0.028762,27.00,5.000000E-4,-9.183000E-3,-5.000000E-4,0.01,0.00,0.01,0.00
-75,0.000000,27,-75,0.000000,27,0.000000E+0,0.000000E+0,0.000000E+0,0,0,0,0
75,0.000000,24,75,0.000000,24,0.000000E+0,0.000000E+0,0.000000E+0,0,0,0,0
72.00,-0.029020,24.00,72.00,-0.026666,24.00,-3.000000E-4,-2.353800E-3,0.000000E+0,0.00,0.00,0.00,0
69.00,-0.097328,24.00,69.00,-0.088536,24.00,-6.000000E-4,-8.791600E-3,1.000000E-4,0.01,0.00,0.01,0.00
66.00,-0.184351,24.00,66.00,-0.166242,24.00,-8.000000E-4,-1.810900E-2,1.000000E-4,0.02,0.00,0.02,0.00
63.00,-0.286413,24.00,63.00,-0.256991,24.00,-8.000000E-4,-2.942200E-2,2.000000E-4,0.03,0.00,0.03,0.00
60.00,-0.401804,24.00,60.00,-0.359792,24.00,-8.000000E-4,-4.201200E-2,4.000000E-4,0.04,0.00,0.04,0.00
57.00,-0.531007,24.00,57.00,-0.475718,24.00,-6.000000E-4,-5.528900E-2,5.000000E-4,0.06,0.00,0.06,0.00
54.00,-0.674383,24.00,54.00,-0.605616,24.00,-5.000000E-4,-6.876700E-2,7.000000E-4,0.07,0.00,0.07,0.00
51.01,-0.832278,24.00,51.01,-0.750225,24.00,-2.000000E-4,-8.205300E-2,9.000000E-4,0.08,0.00,0.08,0.00
48.01,-1.01,24.01,48.01,-0.910736,24.01,1.000000E-4,-9.485400E-2,1.200000E-3,0.09,0.00,0.09,0.00
45.02,-1.20,24.01,45.02,-1.09,24.01,4.000000E-4,-1.069700E-1,1.600000E-3,0.11,0.00,0.11,0.00
42.02,-1.40,24.01,42.02,-1.29,24.01,7.000000E-4,-1.182800E-1,1.900000E-3,0.12,0.00,0.12,0.00
39.03,-1.63,24.02,39.03,-1.50,24.02,1.100000E-3,-1.287600E-1,2.300000E-3,0.13,0.00,0.13,0.00
36.04,-1.88,24.03,36.04,-1.74,24.02,1.300000E-3,-1.384200E-1,2.500000E-3,0.14,0.00,0.14,0.00
33.05,-2.15,24.04,33.05,-2.00,24.03,1.600000E-3,-1.474500E-1,2.900000E-3,0.15,0.00,0.15,0.00
30.06,-2.45,24.05,30.06,-2.30,24.05,1.900000E-3,-1.559400E-1,3.100000E-3,0.16,0.00,0.16,0.00
27.08,-2.79,24.08,27.07,-2.63,24.07,2.300000E-3,-1.640200E-1,3.300000E-3,0.16,0.00,0.16,0.00
24.09,-3.17,24.11,24.09,-3.00,24.10,2.600000E-3,-1.720700E-1,3.300000E-3,0.17,0.00,0.17,0.00
21.10,-3.60,24.15,21.10,-3.42,24.15,3.200000E-3,-1.802600E-1,3.300000E-3,0.18,0.00,0.18,0.00
18.11,-4.08,24.20,18.11,-3.89,24.20,3.700000E-3,-1.892600E-1,3.100000E-3,0.19,0.00,0.19,0.00
15.11,-4.59,24.28,15.10,-4.39,24.27,4.800000E-3,-1.992400E-1,2.800000E-3,0.20,0.00,0.20,0.00
12.08,-5.13,24.36,12.08,-4.92,24.36,5.900000E-3,-2.109000E-1,2.400000E-3,0.21,0.01,0.21,0.00
9.03,-5.69,24.44,9.02,-5.46,24.44,7.710000E-3,-2.234600E-1,1.600000E-3,0.22,0.01,0.22,0.00
5.96,-6.18,24.48,5.95,-5.94,24.48,9.020000E-3,-2.359600E-1,4.000000E-4,0.24,0.01,0.24,0.00
2.90,-6.56,24.50,2.89,-6.31,24.50,1.020000E-2,-2.506600E-1,-1.000000E-4,0.25,0.01,0.25,0.00
-0.152805,-6.76,24.52,-0.163762,-6.50,24.52,1.095700E-2,-2.674900E-1,-1.000000E-4,0.27,0.01,0.27,0.00
-3.19,-6.76,24.49,-3.20,-6.47,24.49,1.079000E-2,-2.855200E-1,7.000000E-4,0.29,0.01,0.29,0.00
-6.20,-6.54,24.44,-6.21,-6.24,24.43,8.820000E-3,-3.043500E-1,1.800000E-3,0.30,0.01,0.30,0.00
-9.21,-6.16,24.36,-9.22,-5.84,24.36,5.850000E-3,-3.241800E-1,2.900000E-3,0.32,0.01,0.32,0.00
-12.22,-5.69,24.31,-12.22,-5.34,24.31,1.300000E-3,-3.463300E-1,4.100000E-3,0.35,0.00,0.35,0.00
-15.21,-5.22,24.27,-15.21,-4.85,24.26,-2.800000E-3,-3.691800E-1,4.600000E-3,0.37,0.00,0.37,0.00
-18.19,-4.75,24.22,-18.18,-4.36,24.21,-6.900000E-3,-3.915500E-1,4.400000E-3,0.39,0.01,0.39,0.00
-21.17,-4.30,24.17,-21.16,-3.88,24.16,-1.110000E-2,-4.151800E-1,4.300000E-3,0.42,0.01,0.42,0.00
-24.14,-3.86,24.12,-24.13,-3.43,24.12,-1.440000E-2,-4.375600E-1,4.100000E-3,0.44,0.01,0.44,0.00
-27.12,-3.48,24.09,-27.11,-3.02,24.09,-1.710000E-2,-4.563400E-1,3.800000E-3,0.46,0.02,0.46,0.00
-30.10,-3.11,24.07,-30.09,-2.64,24.06,-1.870000E-2,-4.697700E-1,3.300000E-3,0.47,0.02,0.47,0.00
-33.09,-2.78,24.05,-33.07,-2.31,24.05,-1.950000E-2,-4.757600E-1,2.800000E-3,0.48,0.02,0.48,0.00
-36.07,-2.48,24.04,-36.05,-2.01,24.03,-1.940000E-2,-4.730400E-1,2.300000E-3,0.47,0.02,0.47,0.00
-39.06,-2.20,24.03,-39.04,-1.73,24.02,-1.850000E-2,-4.609500E-1,1.800000E-3,0.46,0.02,0.46,0.00
-42.05,-1.93,24.02,-42.03,-1.49,24.02,-1.700000E-2,-4.395200E-1,1.300000E-3,0.44,0.02,0.44,0.00
-45.04,-1.68,24.01,-45.02,-1.27,24.01,-1.510000E-2,-4.093100E-1,7.000000E-4,0.41,0.02,0.41,0.00
-48.03,-1.44,24.01,-48.02,-1.07,24.01,-1.280000E-2,-3.713000E-1,1.000000E-4,0.37,0.01,0.37,0.00
-51.02,-1.21,24.01,-51.01,-0.882368,24.01,-1.040000E-2,-3.269220E-1,-4.000000E-4,0.33,0.01,0.33,0.00
-54.01,-0.994563,24.00,-54.01,-0.716827,24.00,-7.900000E-3,-2.777360E-1,-8.000000E-4,0.28,0.01,0.28,0.00
-57.01,-0.793030,24.00,-57.00,-0.567370,24.00,-5.600000E-3,-2.256600E-1,-1.100000E-3,0.23,0.01,0.23,0.00
-60.00,-0.605463,24.00,-60.00,-0.432651,24.00,-3.400000E-3,-1.728120E-1,-1.300000E-3,0.17,0.00,0.17,0.00
-63.00,-0.433376,24.00,-63.00,-0.311685,24.00,-1.700000E-3,-1.216910E-1,-1.300000E-3,0.12,0.00,0.12,0.00
-66.00,-0.279180,24.00,-66.00,-0.204036,24.00,-3.000000E-4,-7.514400E-2,-1.200000E-3,0.08,0.00,0.08,0.00
-69.00,-0.146110,24.00,-69.00,-0.109568,24.00,5.000000E-4,-3.654200E-2,-9.000000E-4,0.04,0.00,0.04,0.00
-72.00,-0.042620,24.00,-72.00,-0.032787,24.00,6.000000E-4,-9.833000E-3,-5.000000E-4,0.01,0.00,0.01,0.00
-75,0.000000,24,-75,0.000000,24,0.000000E+0,0.000000E+0,0.000000E+0,0,0,0,0
75,0.000000,21,75,0.000000,21,0.000000E+0,0.000000E+0,0.000000E+0,0,0,0,0
72.00,-0.032240,21.00,72.00,-0.029855,21.00,-3.000000E-4,-2.384500E-3,0.000000E+0,0.00,0.00,0.00,0
69.00,-0.107440,21.00,69.00,-0.098577,21.00,-6.000000E-4,-8.862700E-3,1.000000E-4,0.01,0.00,0.01,0.00
66.00,-0.201379,21.00,66.00,-0.183164,21.00,-7.000000E-4,-1.821500E-2,1.000000E-4,0.02,0.00,0.02,0.00
63.00,-0.310319,21.00,63.00,-0.280763,21.00,-7.000000E-4,-2.955600E-2,2.000000E-4,0.03,0.00,0.03,0.00
60.00,-0.433863,21.00,60.00,-0.391705,21.00,-7.000000E-4,-4.215800E-2,4.000000E-4,0.04,0.00,0.04,0.00
57.00,-0.571733,21.00,57.00,-0.516303,21.00,-4.000000E-4,-5.543000E-2,5.000000E-4,0.06,0.00,0.06,0.00
54.01,-0.724868,21.00,54.01,-0.656002,21.00,-2.000000E-4,-6.886600E-2,8.000000E-4,0.07,0.00,0.07,0.00
51.01,-0.894245,21.01,51.01,-0.812184,21.00,1.000000E-4,-8.206100E-2,9.000000E-4,0.08,0.00,0.08,0.00
48.01,-1.08,21.01,48.01,-0.986385,21.01,4.000000E-4,-9.469500E-2,1.300000E-3,0.09,0.00,0.09,0.00
45.02,-1.29,21.01,45.02,-1.18,21.01,7.000000E-4,-1.065300E-1,1.400000E-3,0.11,0.00,0.11,0.00
42.03,-1.51,21.01,42.03,-1.40,21.01,1.100000E-3,-1.174400E-1,1.800000E-3,0.12,0.00,0.12,0.00
39.04,-1.77,21.02,39.04,-1.64,21.02,1.600000E-3,-1.273000E-1,2.000000E-3,0.13,0.00,0.13,0.00
36.05,-2.04,21.03,36.05,-1.91,21.03,1.900000E-3,-1.362500E-1,2.400000E-3,0.14,0.00,0.14,0.00
33.07,-2.35,21.04,33.06,-2.21,21.04,2.300000E-3,-1.443800E-1,2.500000E-3,0.14,0.00,0.14,0.00
30.08,-2.71,21.06,30.08,-2.56,21.06,2.700000E-3,-1.518700E-1,2.700000E-3,0.15,0.00,0.15,0.00
27.10,-3.12,21.09,27.10,-2.96,21.09,3.200000E-3,-1.588700E-1,2.600000E-3,0.16,0.00,0.16,0.00
24.12,-3.59,21.13,24.12,-3.43,21.13,3.800000E-3,-1.658200E-1,2.400000E-3,0.17,0.00,0.17,0.00
21.14,-4.15,21.19,21.14,-3.97,21.19,4.500000E-3,-1.732100E-1,2.000000E-3,0.17,0.00,0.17,0.00
18.16,-4.81,21.29,18.15,-4.62,21.29,5.700000E-3,-1.813200E-1,1.300000E-3,0.18,0.01,0.18,0.00
15.14,-5.58,21.41,15.14,-5.39,21.41,7.400000E-3,-1.910500E-1,1.000000E-4,0.19,0.01,0.19,0.00
12.09,-6.48,21.55,12.08,-6.28,21.55,1.050000E-2,-2.014300E-1,-2.200000E-3,0.20,0.01,0.20,0.00
9.01,-7.38,21.63,9.00,-7.17,21.64,1.296000E-2,-2.115800E-1,-5.100000E-3,0.21,0.01,0.21,0.01
5.92,-8.07,21.64,5.91,-7.85,21.65,1.596000E-2,-2.254100E-1,-6.600000E-3,0.23,0.02,0.23,0.01
2.82,-8.51,21.63,2.80,-8.27,21.64,1.907000E-2,-2.418000E-1,-6.800000E-3,0.24,0.02,0.24,0.01
-0.268743,-8.69,21.58,-0.289854,-8.43,21.59,2.111100E-2,-2.598700E-1,-6.300000E-3,0.26,0.02,0.26,0.01
-3.33,-8.72,21.54,-3.35,-8.44,21.55,2.194000E-2,-2.780600E-1,-5.200000E-3,0.28,0.02,0.28,0.01
-6.38,-8.56,21.52,-6.40,-8.26,21.52,2.181000E-2,-2.982100E-1,-3.700000E-3,0.30,0.02,0.30,0.00
-9.41,-8.18,21.49,-9.43,-7.86,21.49,1.921000E-2,-3.187500E-1,-1.600000E-3,0.32,0.02,0.32,0.00
-12.41,-7.50,21.43,-12.42,-7.16,21.43,1.410000E-2,-3.396600E-1,-1.200000E-3,0.34,0.01,0.34,0.00
-15.36,-6.63,21.35,-15.37,-6.27,21.34,6.500000E-3,-3.634700E-1,5.000000E-4,0.36,0.01,0.36,0.00
-18.33,-5.80,21.27,-18.33,-5.41,21.27,-1.600000E-3,-3.912300E-1,2.400000E-3,0.39,0.00,0.39,0.00
-21.26,-5.07,21.20,-21.25,-4.65,21.20,-8.200000E-3,-4.182200E-1,2.900000E-3,0.42,0.01,0.42,0.00
-24.21,-4.45,21.15,-24.19,-4.01,21.15,-1.380000E-2,-4.441400E-1,3.000000E-3,0.44,0.01,0.44,0.00
-27.17,-3.93,21.11,-27.15,-3.46,21.10,-1.790000E-2,-4.679600E-1,3.000000E-3,0.47,0.02,0.47,0.00
-30.14,-3.47,21.08,-30.12,-2.99,21.07,-2.070000E-2,-4.860100E-1,2.800000E-3,0.49,0.02,0.49,0.00
-33.11,-3.07,21.05,-33.09,-2.58,21.05,-2.200000E-2,-4.960700E-1,2.600000E-3,0.50,0.02,0.50,0.00
-36.09,-2.71,21.04,-36.07,-2.22,21.04,-2.220000E-2,-4.962300E-1,2.200000E-3,0.50,0.02,0.50,0.00
-39.07,-2.39,21.03,-39.05,-1.90,21.03,-2.130000E-2,-4.854700E-1,1.800000E-3,0.49,0.02,0.49,0.00
-42.06,-2.09,21.02,-42.04,-1.63,21.02,-1.970000E-2,-4.640900E-1,1.300000E-3,0.46,0.02,0.46,0.00
-45.05,-1.81,21.01,-45.03,-1.38,21.01,-1.750000E-2,-4.327900E-1,8.000000E-4,0.43,0.02,0.43,0.00
-48.04,-1.55,21.01,-48.02,-1.16,21.01,-1.490000E-2,-3.929400E-1,3.000000E-4,0.39,0.01,0.39,0.00
-51.03,-1.30,21.01,-51.01,-0.957775,21.01,-1.210000E-2,-3.460150E-1,-2.000000E-4,0.35,0.01,0.35,0.00
-54.02,-1.07,21.00,-54.01,-0.778329,21.00,-9.300000E-3,-2.939710E-1,-6.000000E-4,0.29,0.01,0.29,0.00
-57.01,-0.855584,21.00,-57.00,-0.616777,21.00,-6.600000E-3,-2.388070E-1,-9.000000E-4,0.24,0.01,0.24,0.00
-60.01,-0.654676,21.00,-60.00,-0.471796,21.00,-4.100000E-3,-1.828800E-1,-1.100000E-3,0.18,0.00,0.18,0.00
-63.00,-0.470320,21.00,-63.00,-0.341545,21.00,-2.100000E-3,-1.287750E-1,-1.200000E-3,0.13,0.00,0.13,0.00
-66.00,-0.304657,21.00,-66.00,-0.225101,21.00,-6.000000E-4,-7.955600E-2,-1.100000E-3,0.08,0.00,0.08,0.00
-69.00,-0.160711,21.00,-69.00,-0.121991,21.00,4.000000E-4,-3.872000E-2,-8.000000E-4,0.04,0.00,0.04,0.00
-71.99,-0.047683,21.00,-72.00,-0.037240,21.00,5.000000E-4,-1.044300E-2,-5.000000E-4,0.01,0.00,0.01,0.00
-75,0.000000,21,-75,0.000000,21,0.000000E+0,0.000000E+0,0.000000E+0,0,0,0,0
75,0.000000,18,75,0.000000,18,0.000000E+0,0.000000E+0,0.000000E+0,0,0,0,0
72.00,-0.035072,18.00,72.00,-0.032673,18.00,-3.000000E-4,-2.398900E-3,0.000000E+0,0.00,0.00,0.00,0
69.00,-0.116827,18.00,69.00,-0.107957,18.00,-5.000000E-4,-8.870000E-3,1.000000E-4,0.01,0.00,0.01,0.00
66.00,-0.217337,18.00,66.00,-0.199136,18.00,-7.000000E-4,-1.820100E-2,2.000000E-4,0.02,0.00,0.02,0.00
63.00,-0.333167,18.00,63.00,-0.303661,18.00,-6.000000E-4,-2.950600E-2,3.000000E-4,0.03,0.00,0.03,0.00
60.00,-0.463779,18.00,60.00,-0.421716,18.00,-6.000000E-4,-4.206300E-2,4.000000E-4,0.04,0.00,0.04,0.00
57.00,-0.609674,18.00,57.00,-0.554414,18.00,-3.000000E-4,-5.526000E-2,6.000000E-4,0.06,0.00,0.06,0.00
54.01,-0.772024,18.00,54.01,-0.703422,18.00,0.000000E+0,-6.860200E-2,7.000000E-4,0.07,0,0.07,0.00
51.01,-0.952065,18.00,51.01,-0.870411,18.00,3.000000E-4,-8.165400E-2,9.000000E-4,0.08,0.00,0.08,0.00
48.02,-1.15,18.01,48.02,-1.06,18.01,7.000000E-4,-9.407000E-2,1.100000E-3,0.09,0.00,0.09,0.00
45.03,-1.37,18.01,45.02,-1.27,18.01,1.200000E-3,-1.055700E-1,1.400000E-3,0.11,0.00,0.11,0.00
42.04,-1.62,18.01,42.03,-1.50,18.01,1.600000E-3,-1.159600E-1,1.700000E-3,0.12,0.00,0.12,0.00
39.05,-1.89,18.02,39.05,-1.77,18.02,2.100000E-3,-1.252400E-1,1.900000E-3,0.13,0.00,0.13,0.00
36.06,-2.20,18.03,36.06,-2.07,18.03,2.500000E-3,-1.334000E-1,2.100000E-3,0.13,0.00,0.13,0.00
33.08,-2.56,18.04,33.08,-2.41,18.04,3.000000E-3,-1.407100E-1,2.200000E-3,0.14,0.00,0.14,0.00
30.10,-2.97,18.07,30.10,-2.82,18.06,3.500000E-3,-1.472600E-1,2.100000E-3,0.15,0.00,0.15,0.00
27.13,-3.46,18.10,27.13,-3.31,18.10,4.100000E-3,-1.534400E-1,1.800000E-3,0.15,0.00,0.15,0.00
24.16,-4.05,18.16,24.16,-3.89,18.16,4.800000E-3,-1.592200E-1,1.400000E-3,0.16,0.00,0.16,0.00
21.19,-4.79,18.26,21.19,-4.62,18.26,5.900000E-3,-1.657800E-1,4.000000E-4,0.17,0.01,0.17,0.00
18.22,-5.75,18.40,18.21,-5.58,18.40,7.800000E-3,-1.735600E-1,-1.200000E-3,0.17,0.01,0.17,0.00
15.18,-6.92,18.57,15.17,-6.74,18.57,1.110000E-2,-1.816500E-1,-4.500000E-3,0.18,0.01,0.18,0.00
12.10,-8.10,18.68,12.09,-7.91,18.68,1.430000E-2,-1.909100E-1,-7.900000E-3,0.19,0.01,0.19,0.01
8.93,-8.94,18.62,8.92,-8.74,18.63,1.861000E-2,-2.035300E-1,-9.500000E-3,0.20,0.02,0.20,0.01
5.80,-9.29,18.46,5.78,-9.07,18.47,2.170000E-2,-2.197300E-1,-9.000000E-3,0.22,0.02,0.22,0.01
2.73,-9.31,18.29,2.71,-9.07,18.30,2.200000E-2,-2.383300E-1,-8.000000E-3,0.24,0.02,0.24,0.01
-0.284922,-9.25,18.20,-0.306466,-8.99,18.21,2.154400E-2,-2.562600E-1,-7.200000E-3,0.26,0.02,0.26,0.01
-3.28,-9.29,18.15,-3.30,-9.01,18.16,2.226000E-2,-2.753100E-1,-6.300000E-3,0.28,0.02,0.28,0.01
-6.32,-9.40,18.15,-6.34,-9.11,18.15,2.374000E-2,-2.965600E-1,-4.700000E-3,0.30,0.02,0.30,0.00
-9.41,-9.46,18.19,-9.44,-9.14,18.20,2.604000E-2,-3.183100E-1,-3.200000E-3,0.32,0.03,0.32,0.00
-12.52,-9.20,18.31,-12.55,-8.86,18.32,2.600000E-2,-3.395900E-1,-1.000000E-3,0.34,0.03,0.34,0.00
-15.57,-8.39,18.35,-15.59,-8.03,18.35,2.000000E-2,-3.633900E-1,-1.400000E-3,0.36,0.02,0.36,0.00
-18.50,-7.20,18.29,-18.51,-6.81,18.29,9.200000E-3,-3.909500E-1,0.000000E+0,0.39,0.01,0.39,0
-21.41,-6.08,18.23,-21.41,-5.65,18.23,-2.600000E-3,-4.212200E-1,1.300000E-3,0.42,0.00,0.42,0.00
-24.31,-5.16,18.17,-24.30,-4.71,18.17,-1.160000E-2,-4.514000E-1,1.800000E-3,0.45,0.01,0.45,0.00
-27.23,-4.45,18.12,-27.21,-3.97,18.12,-1.820000E-2,-4.789700E-1,2.000000E-3,0.48,0.02,0.48,0.00
-30.18,-3.86,18.08,-30.16,-3.36,18.08,-2.250000E-2,-5.018600E-1,2.300000E-3,0.50,0.02,0.50,0.00
-33.14,-3.37,18.06,-33.12,-2.86,18.05,-2.470000E-2,-5.160100E-1,2.100000E-3,0.52,0.02,0.52,0.00
-36.11,-2.95,18.04,-36.09,-2.43,18.04,-2.520000E-2,-5.188900E-1,2.000000E-3,0.52,0.03,0.52,0.00
-39.09,-2.58,18.03,-39.06,-2.07,18.03,-2.440000E-2,-5.095600E-1,1.700000E-3,0.51,0.02,0.51,0.00
-42.07,-2.25,18.02,-42.05,-1.76,18.02,-2.260000E-2,-4.878900E-1,1.300000E-3,0.49,0.02,0.49,0.00
-45.05,-1.94,18.01,-45.03,-1.49,18.01,-2.010000E-2,-4.554600E-1,8.000000E-4,0.46,0.02,0.46,0.00
-48.04,-1.66,18.01,-48.02,-1.25,18.01,-1.710000E-2,-4.135400E-1,4.000000E-4,0.41,0.02,0.41,0.00
-51.03,-1.39,18.01,-51.02,-1.03,18.01,-1.400000E-2,-3.641500E-1,0.000000E+0,0.36,0.01,0.36,0
-54.02,-1.15,18.00,-54.01,-0.836264,18.00,-1.070000E-2,-3.092160E-1,-4.000000E-4,0.31,0.01,0.31,0.00
-57.01,-0.914853,18.00,-57.01,-0.663750,18.00,-7.600000E-3,-2.511030E-1,-8.000000E-4,0.25,0.01,0.25,0.00
-60.01,-0.701161,18.00,-60.00,-0.508953,18.00,-4.800000E-3,-1.922080E-1,-1.000000E-3,0.19,0.00,0.19,0.00
-63.00,-0.505251,18,-63.00,-0.369920,18.00,-2.600000E-3,-1.353310E-1,-1.000000E-3,0.14,0.00,0.14,0.00
-66.00,-0.329061,18.00,-66.00,-0.245459,18.00,-8.000000E-4,-8.360200E-2,-9.000000E-4,0.08,0.00,0.08,0.00
-68.99,-0.174959,18.00,-68.99,-0.134237,18.00,3.000000E-4,-4.072200E-2,-7.000000E-4,0.04,0.00,0.04,0.00
-71.99,-0.051954,18.00,-71.99,-0.040955,18.00,6.000000E-4,-1.099890E-2,-4.000000E-4,0.01,0.00,0.01,0.00
-75,0.000000,18,-75,0.000000,18,0.000000E+0,0.000000E+0,0.000000E+0,0,0,0,0
75,0.000000,15,75,0.000000,15,0.000000E+0,0.000000E+0,0.000000E+0,0,0,0,0
71.99,-0.038015,15.00,72.00,-0.035623,15.00,-4.000000E-4,-2.392600E-3,0.000000E+0,0.00,0.00,0.00,0
69.00,-0.125442,15.00,69.00,-0.116619,15.00,-6.000000E-4,-8.823000E-3,1.000000E-4,0.01,0.00,0.01,0.00
66.00,-0.232151,15,66.00,-0.214066,15.00,-6.000000E-4,-1.808500E-2,2.000000E-4,0.02,0.00,0.02,0.00
63.00,-0.353718,15.00,63.00,-0.324406,15.00,-6.000000E-4,-2.931200E-2,2.000000E-4,0.03,0.00,0.03,0.00
60.00,-0.490825,15.00,60.00,-0.449057,15.00,-5.000000E-4,-4.176800E-2,3.000000E-4,0.04,0.00,0.04,0.00
57.00,-0.644030,15.00,57.00,-0.589173,15.00,-3.000000E-4,-5.485700E-2,5.000000E-4,0.05,0.00,0.05,0.00
54.01,-0.814568,15.00,54.01,-0.746519,15.00,2.000000E-4,-6.804900E-2,7.000000E-4,0.07,0.00,0.07,0.00
51.01,-1.00,15.01,51.01,-0.923499,15.00,5.000000E-4,-8.093100E-2,9.000000E-4,0.08,0.00,0.08,0.00
48.02,-1.22,15.01,48.02,-1.12,15.01,1.000000E-3,-9.306000E-2,1.100000E-3,0.09,0.00,0.09,0.00
45.03,-1.45,15.01,45.03,-1.35,15.01,1.500000E-3,-1.041500E-1,1.300000E-3,0.10,0.00,0.10,0.00
42.04,-1.72,15.01,42.04,-1.60,15.01,2.000000E-3,-1.140800E-1,1.400000E-3,0.11,0.00,0.11,0.00
39.06,-2.01,15.02,39.05,-1.89,15.02,2.500000E-3,-1.227000E-1,1.600000E-3,0.12,0.00,0.12,0.00
36.08,-2.35,15.03,36.07,-2.22,15.03,3.100000E-3,-1.302400E-1,1.800000E-3,0.13,0.00,0.13,0.00
33.10,-2.75,15.05,33.09,-2.61,15.04,3.600000E-3,-1.367200E-1,1.700000E-3,0.14,0.00,0.14,0.00
30.13,-3.23,15.07,30.12,-3.09,15.07,4.200000E-3,-1.424700E-1,1.400000E-3,0.14,0.00,0.14,0.00
27.17,-3.81,15.11,27.16,-3.66,15.11,5.000000E-3,-1.478300E-1,1.100000E-3,0.15,0.00,0.15,0.00
24.21,-4.55,15.19,24.21,-4.39,15.19,5.900000E-3,-1.530900E-1,2.000000E-4,0.15,0.01,0.15,0.00
21.27,-5.56,15.33,21.26,-5.40,15.33,7.500000E-3,-1.586900E-1,-1.300000E-3,0.16,0.01,0.16,0.00
18.27,-6.92,15.52,18.26,-6.75,15.52,1.010000E-2,-1.645800E-1,-5.100000E-3,0.16,0.01,0.16,0.01
15.19,-8.33,15.65,15.18,-8.16,15.66,1.410000E-2,-1.726100E-1,-9.000000E-3,0.17,0.01,0.17,0.01
11.96,-9.14,15.51,11.94,-8.95,15.52,1.850000E-2,-1.850900E-1,-9.800000E-3,0.19,0.02,0.19,0.01
8.81,-9.25,15.29,8.79,-9.04,15.30,1.929000E-2,-2.030100E-1,-9.100000E-3,0.20,0.02,0.20,0.01
5.80,-9.14,15.16,5.78,-8.92,15.17,1.762000E-2,-2.199600E-1,-8.500000E-3,0.22,0.02,0.22,0.01
2.80,-9.01,15.10,2.78,-8.77,15.11,1.671000E-2,-2.375500E-1,-8.000000E-3,0.24,0.02,0.24,0.01
-0.201693,-8.93,15.06,-0.218279,-8.68,15.07,1.658600E-2,-2.572600E-1,-7.500000E-3,0.26,0.02,0.26,0.01
-3.20,-8.97,15.02,-3.22,-8.69,15.03,1.697000E-2,-2.783400E-1,-7.000000E-3,0.28,0.02,0.28,0.01
-6.22,-9.11,14.99,-6.24,-8.81,14.99,1.857000E-2,-3.001700E-1,-6.200000E-3,0.30,0.02,0.30,0.01
-9.24,-9.28,14.97,-9.26,-8.95,14.98,2.022000E-2,-3.238200E-1,-4.700000E-3,0.32,0.02,0.32,0.00
-12.30,-9.51,14.97,-12.32,-9.16,14.97,2.330000E-2,-3.483100E-1,-2.300000E-3,0.35,0.02,0.35,0.00
-15.49,-9.53,15.10,-15.52,-9.16,15.09,2.600000E-2,-3.709900E-1,1.600000E-3,0.37,0.03,0.37,0.00
-18.64,-8.71,15.22,-18.66,-8.32,15.22,2.070000E-2,-3.952200E-1,2.000000E-4,0.40,0.02,0.40,0.00
-21.57,-7.34,15.20,-21.58,-6.91,15.20,7.400000E-3,-4.262400E-1,7.000000E-4,0.43,0.01,0.43,0.00
-24.44,-6.03,15.17,-24.43,-5.57,15.17,-7.500000E-3,-4.597700E-1,1.100000E-3,0.46,0.01,0.46,0.00
-27.32,-5.03,15.12,-27.30,-4.54,15.12,-1.790000E-2,-4.914500E-1,1.400000E-3,0.49,0.02,0.49,0.00
-30.23,-4.27,15.08,-30.21,-3.75,15.08,-2.440000E-2,-5.183200E-1,1.100000E-3,0.52,0.02,0.52,0.00
-33.17,-3.68,15.05,-33.15,-3.14,15.05,-2.760000E-2,-5.359200E-1,1.600000E-3,0.54,0.03,0.54,0.00
-36.13,-3.19,15.04,-36.11,-2.65,15.04,-2.850000E-2,-5.414900E-1,1.400000E-3,0.54,0.03,0.54,0.00
-39.11,-2.77,15.03,-39.08,-2.23,15.03,-2.780000E-2,-5.328500E-1,1.500000E-3,0.53,0.03,0.53,0.00
-42.08,-2.40,15.02,-42.06,-1.89,15.02,-2.580000E-2,-5.108700E-1,1.100000E-3,0.51,0.03,0.51,0.00
-45.06,-2.07,15.01,-45.04,-1.59,15.01,-2.280000E-2,-4.767900E-1,8.000000E-4,0.48,0.02,0.48,0.00
-48.05,-1.76,15.01,-48.03,-1.33,15.01,-1.950000E-2,-4.328300E-1,4.000000E-4,0.43,0.02,0.43,0.00
-51.04,-1.48,15.01,-51.02,-1.10,15.01,-1.580000E-2,-3.808300E-1,0.000000E+0,0.38,0.02,0.38,0
-54.02,-1.21,15.00,-54.01,-0.889684,15.00,-1.220000E-2,-3.231860E-1,-3.000000E-4,0.32,0.01,0.32,0.00
-57.02,-0.968681,15.00,-57.01,-0.706456,15.00,-8.700000E-3,-2.622250E-1,-7.000000E-4,0.26,0.01,0.26,0.00
-60.01,-0.743284,15.00,-60.00,-0.542663,15.00,-5.700000E-3,-2.006210E-1,-8.000000E-4,0.20,0.01,0.20,0.00
-63.00,-0.536994,15.00,-63.00,-0.395816,15.00,-3.000000E-3,-1.411780E-1,-1.000000E-3,0.14,0.00,0.14,0.00
-66.00,-0.350841,15.00,-66.00,-0.263633,15.00,-1.000000E-3,-8.720800E-2,-8.000000E-4,0.09,0.00,0.09,0.00
-68.99,-0.187995,15.00,-68.99,-0.145511,15,2.000000E-4,-4.248400E-2,-6.000000E-4,0.04,0.00,0.04,0.00
-71.99,-0.056825,15.00,-71.99,-0.045332,15.00,6.000000E-4,-1.149340E-2,-3.000000E-4,0.01,0.00,0.01,0.00
-75,0.000000,15,-75,0.000000,15,0.000000E+0,0.000000E+0,0.000000E+0,0,0,0,0
75,0.000000,12,75,0.000000,12,0.000000E+0,0.000000E+0,0.000000E+0,0,0,0,0
71.99,-0.040417,12.00,71.99,-0.038046,12.00,-4.000000E-4,-2.370600E-3,1.000000E-4,0.00,0.00,0.00,0.00
68.99,-0.133417,12.00,69.00,-0.124687,12.00,-6.000000E-4,-8.730000E-3,1.000000E-4,0.01,0.00,0.01,0.00
66.00,-0.244955,12.00,66.00,-0.227056,12.00,-6.000000E-4,-1.789900E-2,2.000000E-4,0.02,0.00,0.02,0.00
63.00,-0.371695,12.00,63.00,-0.342691,12.00,-6.000000E-4,-2.900400E-2,3.000000E-4,0.03,0.00,0.03,0.00
60.00,-0.514158,12.00,60.00,-0.472823,12.00,-4.000000E-4,-4.133500E-2,3.000000E-4,0.04,0.00,0.04,0.00
57.00,-0.673891,12.00,57.00,-0.619624,12.00,0.000000E+0,-5.426700E-2,5.000000E-4,0.05,0,0.05,0.00
54.01,-0.851696,12.00,54.01,-0.784395,12.00,3.000000E-4,-6.730100E-2,6.000000E-4,0.07,0.00,0.07,0.00
51.02,-1.05,12.00,51.02,-0.970366,12.00,8.000000E-4,-7.992400E-2,8.000000E-4,0.08,0.00,0.08,0.00
48.02,-1.27,12.01,48.02,-1.18,12.01,1.300000E-3,-9.174000E-2,9.000000E-4,0.09,0.00,0.09,0.00
45.03,-1.52,12.01,45.03,-1.42,12.01,1.800000E-3,-1.024600E-1,1.100000E-3,0.10,0.00,0.10,0.00
42.05,-1.80,12.01,42.05,-1.69,12.01,2.400000E-3,-1.118500E-1,1.100000E-3,0.11,0.00,0.11,0.00
39.07,-2.12,12.02,39.06,-2.00,12.02,3.000000E-3,-1.199900E-1,1.300000E-3,0.12,0.00,0.12,0.00
36.09,-2.49,12.03,36.08,-2.37,12.03,3.500000E-3,-1.268800E-1,1.300000E-3,0.13,0.00,0.13,0.00
33.12,-2.93,12.04,33.11,-2.80,12.04,4.200000E-3,-1.327000E-1,1.200000E-3,0.13,0.00,0.13,0.00
30.15,-3.47,12.07,30.15,-3.33,12.07,4.900000E-3,-1.378400E-1,9.000000E-4,0.14,0.00,0.14,0.00
27.21,-4.15,12.12,27.20,-4.01,12.12,5.600000E-3,-1.420200E-1,3.000000E-4,0.14,0.01,0.14,0.00
24.27,-5.08,12.23,24.26,-4.93,12.23,7.000000E-3,-1.474900E-1,-8.000000E-4,0.15,0.01,0.15,0.00
21.33,-6.48,12.40,21.32,-6.32,12.41,8.800000E-3,-1.513800E-1,-3.800000E-3,0.15,0.01,0.15,0.00
18.31,-8.12,12.59,18.30,-7.97,12.60,1.270000E-2,-1.574000E-1,-8.500000E-3,0.16,0.01,0.16,0.01
15.05,-9.11,12.49,15.03,-8.94,12.50,1.700000E-2,-1.681800E-1,-9.800000E-3,0.17,0.02,0.17,0.01
11.86,-9.09,12.26,11.85,-8.90,12.27,1.610000E-2,-1.853700E-1,-8.600000E-3,0.19,0.02,0.19,0.01
8.85,-8.86,12.15,8.84,-8.66,12.16,1.395000E-2,-2.025900E-1,-8.400000E-3,0.20,0.01,0.20,0.01
5.85,-8.79,12.11,5.83,-8.57,12.12,1.383000E-2,-2.201400E-1,-8.100000E-3,0.22,0.01,0.22,0.01
2.85,-8.80,12.07,2.83,-8.56,12.08,1.390000E-2,-2.398400E-1,-8.100000E-3,0.24,0.01,0.24,0.01
-0.149948,-8.83,12.03,-0.163856,-8.57,12.04,1.390800E-2,-2.616500E-1,-7.800000E-3,0.26,0.01,0.26,0.01
-3.15,-8.86,12.00,-3.17,-8.58,12.01,1.433000E-2,-2.846700E-1,-7.500000E-3,0.29,0.01,0.28,0.01
-6.15,-8.90,11.97,-6.16,-8.59,11.97,1.444000E-2,-3.086400E-1,-7.100000E-3,0.31,0.01,0.31,0.01
-9.16,-8.96,11.93,-9.17,-8.63,11.94,1.520000E-2,-3.339300E-1,-6.500000E-3,0.33,0.02,0.33,0.01
-12.18,-9.13,11.91,-12.20,-8.77,11.91,1.720000E-2,-3.599400E-1,-5.100000E-3,0.36,0.02,0.36,0.01
-15.24,-9.50,11.86,-15.26,-9.11,11.86,2.100000E-2,-3.854100E-1,-1.400000E-3,0.39,0.02,0.39,0.00
-18.50,-9.62,11.97,-18.52,-9.21,11.97,2.420000E-2,-4.082500E-1,4.100000E-3,0.41,0.02,0.41,0.00
-21.69,-8.64,12.13,-21.70,-8.20,12.13,1.720000E-2,-4.353400E-1,1.400000E-3,0.44,0.02,0.44,0.00
-24.58,-7.04,12.11,-24.58,-6.57,12.11,-2.000000E-4,-4.697200E-1,1.100000E-3,0.47,0.00,0.47,0.00
-27.42,-5.65,12.09,-27.40,-5.14,12.09,-1.700000E-2,-5.057600E-1,2.000000E-4,0.51,0.02,0.51,0.00
-30.29,-4.69,12.07,-30.26,-4.16,12.07,-2.620000E-2,-5.356700E-1,4.000000E-4,0.54,0.03,0.54,0.00
-33.21,-3.99,12.05,-33.18,-3.43,12.05,-3.080000E-2,-5.568300E-1,5.000000E-4,0.56,0.03,0.56,0.00
-36.16,-3.41,12.03,-36.13,-2.85,12.03,-3.210000E-2,-5.636300E-1,9.000000E-4,0.56,0.03,0.56,0.00
-39.12,-2.94,12.02,-39.09,-2.39,12.02,-3.130000E-2,-5.554700E-1,1.000000E-3,0.56,0.03,0.56,0.00
-42.10,-2.54,12.02,-42.07,-2.00,12.02,-2.890000E-2,-5.322800E-1,9.000000E-4,0.53,0.03,0.53,0.00
-45.07,-2.18,12.01,-45.05,-1.68,12.01,-2.560000E-2,-4.964700E-1,7.000000E-4,0.50,0.03,0.50,0.00
-48.05,-1.85,12.01,-48.03,-1.40,12.01,-2.170000E-2,-4.501400E-1,3.000000E-4,0.45,0.02,0.45,0.00
-51.04,-1.55,12.01,-51.02,-1.15,12.01,-1.770000E-2,-3.957000E-1,0.000000E+0,0.40,0.02,0.40,0
-54.03,-1.27,12.00,-54.01,-0.937079,12.00,-1.360000E-2,-3.354210E-1,-3.000000E-4,0.34,0.01,0.34,0.00
-57.02,-1.02,12.00,-57.01,-0.744527,12.00,-9.800000E-3,-2.719330E-1,-5.000000E-4,0.27,0.01,0.27,0.00
-60.01,-0.780484,12.00,-60.00,-0.572635,12.00,-6.300000E-3,-2.078490E-1,-7.000000E-4,0.21,0.01,0.21,0.00
-63.00,-0.564868,12.00,-63.00,-0.418686,12.00,-3.500000E-3,-1.461820E-1,-7.000000E-4,0.15,0.00,0.15,0.00
-66.00,-0.370559,12.00,-66.00,-0.280304,12.00,-1.300000E-3,-9.025500E-2,-8.000000E-4,0.09,0.00,0.09,0.00
-68.99,-0.199829,12.00,-68.99,-0.155862,12.00,1.000000E-4,-4.396700E-2,-6.000000E-4,0.04,0.00,0.04,0.00
-71.99,-0.060767,12.00,-71.99,-0.048868,12.00,7.000000E-4,-1.189870E-2,-3.000000E-4,0.01,0.00,0.01,0.00
-75,0.000000,12,-75,0.000000,12,0.000000E+0,0.000000E+0,0.000000E+0,0,0,0,0
75,0.000000,9,75,0.000000,9,0.000000E+0,0.000000E+0,0.000000E+0,0,0,0,0
71.99,-0.043186,9.00,71.99,-0.040844,9.00,-3.000000E-4,-2.341600E-3,6.000000E-5,0.00,0.00,0.00,0.00
68.99,-0.140095,9.00,69.00,-0.131480,9.00,-5.000000E-4,-8.615000E-3,1.000000E-4,0.01,0.00,0.01,0.00
66.00,-0.255689,9.00,66.00,-0.238026,9.00,-6.000000E-4,-1.766300E-2,1.800000E-4,0.02,0.00,0.02,0.00
63.00,-0.386740,9.00,63.00,-0.358109,9.00,-5.000000E-4,-2.863100E-2,2.300000E-4,0.03,0.00,0.03,0.00
60.00,-0.533930,9.00,60.00,-0.493136,9.00,-3.000000E-4,-4.079400E-2,3.500000E-4,0.04,0.00,0.04,0.00
57.01,-0.698567,9.00,57.01,-0.645001,9.00,0.000000E+0,-5.356600E-2,4.000000E-4,0.05,0,0.05,0.00
54.01,-0.882695,9.00,54.01,-0.816315,9.00,4.000000E-4,-6.638000E-2,5.700000E-4,0.07,0.00,0.07,0.00
51.02,-1.09,9.00,51.02,-1.01,9.00,1.000000E-3,-7.871000E-2,6.300000E-4,0.08,0.00,0.08,0.00
48.03,-1.32,9.01,48.03,-1.23,9.00,1.500000E-3,-9.022000E-2,8.000000E-4,0.09,0.00,0.09,0.00
45.04,-1.58,9.01,45.04,-1.48,9.01,2.000000E-3,-1.005500E-1,8.000000E-4,0.10,0.00,0.10,0.00
42.05,-1.88,9.01,42.05,-1.77,9.01,2.600000E-3,-1.095000E-1,9.600000E-4,0.11,0.00,0.11,0.00
39.07,-2.22,9.02,39.07,-2.10,9.02,3.300000E-3,-1.171100E-1,9.200000E-4,0.12,0.00,0.12,0.00
36.10,-2.62,9.03,36.10,-2.49,9.03,3.900000E-3,-1.235300E-1,9.300000E-4,0.12,0.00,0.12,0.00
33.13,-3.10,9.04,33.13,-2.97,9.04,4.700000E-3,-1.288300E-1,6.400000E-4,0.13,0.00,0.13,0.00
30.18,-3.69,9.07,30.18,-3.55,9.07,5.400000E-3,-1.331900E-1,3.500000E-4,0.13,0.01,0.13,0.00
27.24,-4.47,9.13,27.24,-4.33,9.13,6.500000E-3,-1.374200E-1,-3.800000E-4,0.14,0.01,0.14,0.00
24.33,-5.65,9.24,24.33,-5.51,9.25,7.400000E-3,-1.405700E-1,-2.070000E-3,0.14,0.01,0.14,0.00
21.41,-7.44,9.46,21.40,-7.29,9.47,1.050000E-2,-1.454800E-1,-6.300000E-3,0.15,0.01,0.15,0.01
18.23,-8.91,9.53,18.22,-8.76,9.54,1.530000E-2,-1.537800E-1,-9.630000E-3,0.15,0.02,0.15,0.01
14.94,-9.06,9.30,14.93,-8.89,9.31,1.470000E-2,-1.677500E-1,-8.020000E-3,0.17,0.01,0.17,0.01
11.90,-8.74,9.19,11.89,-8.56,9.20,1.250000E-2,-1.841900E-1,-8.020000E-3,0.18,0.01,0.18,0.01
8.89,-8.67,9.14,8.88,-8.47,9.15,1.218000E-2,-2.014900E-1,-7.790000E-3,0.20,0.01,0.20,0.01
5.89,-8.69,9.10,5.87,-8.47,9.10,1.196000E-2,-2.219000E-1,-8.130000E-3,0.22,0.01,0.22,0.01
2.89,-8.72,9.06,2.88,-8.48,9.07,1.191000E-2,-2.438400E-1,-7.930000E-3,0.24,0.01,0.24,0.01
-0.114530,-8.76,9.03,-0.126583,-8.49,9.04,1.205300E-2,-2.673300E-1,-7.940000E-3,0.27,0.01,0.27,0.01
-3.11,-8.80,9.00,-3.13,-8.50,9.00,1.190000E-2,-2.924600E-1,-7.750000E-3,0.29,0.01,0.29,0.01
-6.12,-8.85,8.96,-6.13,-8.53,8.97,1.221000E-2,-3.192300E-1,-7.640000E-3,0.32,0.01,0.32,0.01
-9.11,-8.90,8.93,-9.13,-8.56,8.94,1.247000E-2,-3.463400E-1,-7.230000E-3,0.35,0.01,0.35,0.01
-12.12,-8.98,8.89,-12.13,-8.61,8.90,1.270000E-2,-3.737500E-1,-6.710000E-3,0.37,0.01,0.37,0.01
-15.14,-9.18,8.86,-15.16,-8.78,8.86,1.530000E-2,-4.013300E-1,-4.860000E-3,0.40,0.02,0.40,0.00
-18.24,-9.65,8.80,-18.26,-9.23,8.80,1.980000E-2,-4.261500E-1,1.190000E-3,0.43,0.02,0.43,0.00
-21.60,-9.53,8.94,-21.62,-9.08,8.94,2.150000E-2,-4.495600E-1,4.630000E-3,0.45,0.02,0.45,0.00
-24.67,-8.06,9.03,-24.68,-7.57,9.03,7.300000E-3,-4.822300E-1,8.000000E-4,0.48,0.01,0.48,0.00
-27.51,-6.33,9.04,-27.49,-5.81,9.04,-1.440000E-2,-5.208700E-1,2.000000E-5,0.52,0.01,0.52,0.00
-30.36,-5.12,9.05,-30.33,-4.56,9.05,-2.820000E-2,-5.555500E-1,-8.500000E-4,0.56,0.03,0.56,0.00
-33.25,-4.27,9.04,-33.22,-3.69,9.04,-3.410000E-2,-5.780100E-1,-4.600000E-4,0.58,0.03,0.58,0.00
-36.18,-3.62,9.03,-36.15,-3.03,9.03,-3.610000E-2,-5.857000E-1,1.100000E-4,0.59,0.04,0.59,0.00
-39.14,-3.10,9.02,-39.11,-2.52,9.02,-3.480000E-2,-5.763700E-1,4.300000E-4,0.58,0.03,0.58,0.00
-42.11,-2.66,9.01,-42.07,-2.10,9.01,-3.220000E-2,-5.516200E-1,5.000000E-4,0.55,0.03,0.55,0.00
-45.08,-2.27,9.01,-45.05,-1.76,9.01,-2.820000E-2,-5.136000E-1,3.200000E-4,0.51,0.03,0.51,0.00
-48.06,-1.93,9.01,-48.04,-1.46,9.01,-2.400000E-2,-4.650500E-1,1.600000E-4,0.47,0.02,0.47,0.00
-51.04,-1.61,9.00,-51.03,-1.20,9.01,-1.940000E-2,-4.081600E-1,-1.000000E-4,0.41,0.02,0.41,0.00
-54.03,-1.32,9.00,-54.02,-0.977173,9.00,-1.490000E-2,-3.455870E-1,-3.000000E-4,0.35,0.01,0.35,0.00
-57.02,-1.06,9.00,-57.01,-0.776510,9.00,-1.070000E-2,-2.798500E-1,-5.100000E-4,0.28,0.01,0.28,0.00
-60.01,-0.811656,9.00,-60.00,-0.597951,9.00,-7.000000E-3,-2.137050E-1,-6.000000E-4,0.21,0.01,0.21,0.00
-63.00,-0.588204,9.00,-63.00,-0.438028,9.00,-3.900000E-3,-1.501760E-1,-6.600000E-4,0.15,0.00,0.15,0.00
-66.00,-0.386723,9.00,-66.00,-0.294060,9.00,-1.500000E-3,-9.266300E-2,-5.800000E-4,0.09,0.00,0.09,0.00
-68.99,-0.209408,9.00,-68.99,-0.164281,9.00,1.000000E-4,-4.512700E-2,-4.600000E-4,0.05,0.00,0.05,0.00
-71.99,-0.063883,9.00,-71.99,-0.051667,9.00,6.000000E-4,-1.221580E-2,-2.500000E-4,0.01,0.00,0.01,0.00
-75,0.000000,9,-75,0.000000,9,0.000000E+0,0.000000E+0,0.000000E+0,0,0,0,0
75,0.000000,6,75,0.000000,6,0.000000E+0,0.000000E+0,0.000000E+0,0,0,0,0
71.99,-0.044959,6.00,71.99,-0.042651,6.00,-4.000000E-4,-2.307800E-3,5.000000E-5,0.00,0.00,0.00,0.00
68.99,-0.145032,6.00,68.99,-0.136543,6.00,-6.000000E-4,-8.489000E-3,1.200000E-4,0.01,0.00,0.01,0.00
66.00,-0.263847,6.00,66.00,-0.246442,6.00,-6.000000E-4,-1.740500E-2,1.400000E-4,0.02,0.00,0.02,0.00
63.00,-0.398345,6.00,63.00,-0.370136,6,-5.000000E-4,-2.820900E-2,2.300000E-4,0.03,0.00,0.03,0.00
60.00,-0.548971,6.00,60.00,-0.508774,6.00,-3.000000E-4,-4.019700E-2,2.700000E-4,0.04,0.00,0.04,0.00
57.01,-0.717790,6.00,57.01,-0.665021,6.00,1.000000E-4,-5.276900E-2,3.800000E-4,0.05,0.00,0.05,0.00
54.01,-0.906511,6.00,54.01,-0.841171,6.00,5.000000E-4,-6.534000E-2,4.100000E-4,0.07,0.00,0.07,0.00
51.02,-1.12,6.00,51.02,-1.04,6.00,1.000000E-3,-7.738000E-2,5.400000E-4,0.08,0.00,0.08,0.00
48.03,-1.36,6.00,48.03,-1.27,6.00,1.700000E-3,-8.857000E-2,5.500000E-4,0.09,0.00,0.09,0.00
45.04,-1.63,6.01,45.04,-1.53,6.01,2.200000E-3,-9.855000E-2,6.500000E-4,0.10,0.00,0.10,0.00
42.06,-1.93,6.01,42.06,-1.83,6.01,2.800000E-3,-1.070700E-1,5.900000E-4,0.11,0.00,0.11,0.00
39.08,-2.29,6.01,39.08,-2.18,6.01,3.500000E-3,-1.142600E-1,6.400000E-4,0.11,0.00,0.11,0.00
36.11,-2.71,6.02,36.11,-2.59,6.02,4.200000E-3,-1.202300E-1,4.200000E-4,0.12,0.00,0.12,0.00
33.15,-3.23,6.04,33.15,-3.10,6.04,5.000000E-3,-1.251900E-1,2.100000E-4,0.13,0.01,0.13,0.00
30.20,-3.88,6.06,30.20,-3.75,6.06,5.900000E-3,-1.291000E-1,-2.000000E-4,0.13,0.01,0.13,0.00
27.29,-4.76,6.13,27.28,-4.63,6.13,6.900000E-3,-1.328900E-1,-1.040000E-3,0.13,0.01,0.13,0.00
24.40,-6.26,6.26,24.39,-6.12,6.26,8.200000E-3,-1.351300E-1,-3.140000E-3,0.14,0.01,0.14,0.00
21.45,-8.18,6.47,21.44,-8.04,6.48,1.230000E-2,-1.407400E-1,-8.060000E-3,0.14,0.01,0.14,0.01
18.11,-9.10,6.40,18.10,-8.94,6.40,1.440000E-2,-1.517800E-1,-8.170000E-3,0.15,0.01,0.15,0.01
14.95,-8.82,6.24,14.94,-8.66,6.25,1.260000E-2,-1.666200E-1,-7.250000E-3,0.17,0.01,0.17,0.01
11.92,-8.60,6.17,11.91,-8.42,6.18,1.120000E-2,-1.829000E-1,-7.280000E-3,0.18,0.01,0.18,0.01
8.92,-8.60,6.13,8.91,-8.40,6.14,1.077000E-2,-2.023200E-1,-7.650000E-3,0.20,0.01,0.20,0.01
5.92,-8.63,6.10,5.91,-8.41,6.10,1.069000E-2,-2.237800E-1,-7.600000E-3,0.22,0.01,0.22,0.01
2.92,-8.67,6.06,2.91,-8.42,6.07,1.056000E-2,-2.474300E-1,-7.800000E-3,0.25,0.01,0.25,0.01
-0.080156,-8.71,6.03,-0.090369,-8.44,6.04,1.021280E-2,-2.729600E-1,-7.760000E-3,0.27,0.01,0.27,0.01
-3.08,-8.75,5.99,-3.09,-8.45,6.00,1.022000E-2,-3.004000E-1,-7.900000E-3,0.30,0.01,0.30,0.01
-6.08,-8.80,5.96,-6.09,-8.47,5.97,9.920000E-3,-3.292200E-1,-7.770000E-3,0.33,0.01,0.33,0.01
-9.08,-8.86,5.93,-9.09,-8.50,5.93,9.840000E-3,-3.591600E-1,-7.910000E-3,0.36,0.01,0.36,0.01
-12.08,-8.94,5.89,-12.09,-8.55,5.90,1.030000E-2,-3.896200E-1,-7.240000E-3,0.39,0.01,0.39,0.01
-15.09,-9.06,5.85,-15.10,-8.64,5.86,1.030000E-2,-4.191100E-1,-7.130000E-3,0.42,0.01,0.42,0.01
-18.12,-9.42,5.80,-18.14,-8.97,5.81,1.430000E-2,-4.458400E-1,-3.220000E-3,0.45,0.01,0.45,0.00
-21.37,-9.76,5.76,-21.39,-9.29,5.76,1.790000E-2,-4.692100E-1,3.750000E-3,0.47,0.02,0.47,0.00
-24.69,-8.88,5.92,-24.70,-8.38,5.92,1.180000E-2,-4.998000E-1,2.250000E-3,0.50,0.01,0.50,0.00
-27.61,-7.03,5.96,-27.60,-6.49,5.96,-1.100000E-2,-5.393200E-1,-8.700000E-4,0.54,0.01,0.54,0.00
-30.42,-5.50,6.01,-30.39,-4.92,6.01,-3.000000E-2,-5.764700E-1,-2.300000E-3,0.58,0.03,0.58,0.00
-33.28,-4.50,6.02,-33.24,-3.90,6.02,-3.800000E-2,-5.997500E-1,-1.790000E-3,0.60,0.04,0.60,0.00
-36.21,-3.79,6.02,-36.17,-3.18,6.02,-3.970000E-2,-6.061600E-1,-8.100000E-4,0.61,0.04,0.61,0.00
-39.15,-3.22,6.01,-39.11,-2.63,6.01,-3.840000E-2,-5.947000E-1,-3.400000E-4,0.60,0.04,0.59,0.00
-42.12,-2.75,6.01,-42.08,-2.19,6.01,-3.490000E-2,-5.677300E-1,-1.000000E-4,0.57,0.03,0.57,0.00
-45.09,-2.35,6.01,-45.06,-1.82,6.01,-3.070000E-2,-5.275400E-1,-1.100000E-4,0.53,0.03,0.53,0.00
-48.07,-1.99,6.01,-48.04,-1.51,6.01,-2.580000E-2,-4.767500E-1,-1.600000E-4,0.48,0.03,0.48,0.00
-51.05,-1.66,6.00,-51.03,-1.24,6.00,-2.090000E-2,-4.178000E-1,-2.700000E-4,0.42,0.02,0.42,0.00
-54.03,-1.36,6.00,-54.02,-1.01,6.00,-1.600000E-2,-3.532400E-1,-3.800000E-4,0.35,0.02,0.35,0.00
-57.02,-1.09,6.00,-57.01,-0.801756,6.00,-1.150000E-2,-2.857340E-1,-4.700000E-4,0.29,0.01,0.29,0.00
-60.01,-0.835860,6.00,-60.00,-0.617877,6.00,-7.600000E-3,-2.179830E-1,-5.300000E-4,0.22,0.01,0.22,0.00
-63.00,-0.606074,6.00,-63.00,-0.453032,6.00,-4.200000E-3,-1.530420E-1,-5.100000E-4,0.15,0.00,0.15,0.00
-66.00,-0.399442,6.00,-66.00,-0.305074,6.00,-1.700000E-3,-9.436800E-2,-4.700000E-4,0.09,0.00,0.09,0.00
-68.99,-0.217049,6.00,-68.99,-0.171120,6.00,0.000000E+0,-4.592900E-2,-3.400000E-4,0.05,0,0.05,0.00
-71.99,-0.066542,6.00,-71.99,-0.054104,6.00,6.000000E-4,-1.243780E-2,-1.900000E-4,0.01,0.00,0.01,0.00
-75,0.000000,6,-75,0.000000,6,0.000000E+0,0.000000E+0,0.000000E+0,0,0,0,0
75,0.000000,3,75,0.000000,3,0.000000E+0,0.000000E+0,0.000000E+0,0,0,0,0
71.99,-0.045943,3.00,71.99,-0.043667,3.00,-4.000000E-4,-2.275800E-3,6.000000E-5,0.00,0.00,0.00,0.00
68.99,-0.148591,3.00,68.99,-0.140231,3.00,-5.000000E-4,-8.360000E-3,1.000000E-4,0.01,0.00,0.01,0.00
66.00,-0.269382,3.00,66.00,-0.252248,3.00,-5.000000E-4,-1.713400E-2,1.500000E-4,0.02,0.00,0.02,0.00
63.00,-0.406248,3.00,63.00,-0.378482,3,-4.000000E-4,-2.776600E-2,1.700000E-4,0.03,0.00,0.03,0.00
60.00,-0.559502,3.00,60.00,-0.519944,3.00,-2.000000E-4,-3.955800E-2,2.500000E-4,0.04,0.00,0.04,0.00
57.01,-0.730869,3.00,57.01,-0.678961,3.00,2.000000E-4,-5.190800E-2,2.500000E-4,0.05,0.00,0.05,0.00
54.01,-0.922787,3.00,54.01,-0.858568,3.00,6.000000E-4,-6.421900E-2,3.500000E-4,0.06,0.00,0.06,0.00
51.02,-1.14,3.00,51.02,-1.06,3.00,1.100000E-3,-7.598000E-2,3.300000E-4,0.08,0.00,0.08,0.00
48.03,-1.38,3.00,48.03,-1.29,3.00,1.700000E-3,-8.686000E-2,4.200000E-4,0.09,0.00,0.09,0.00
45.04,-1.66,3.00,45.04,-1.56,3.00,2.300000E-3,-9.650000E-2,3.400000E-4,0.10,0.00,0.10,0.00
42.06,-1.98,3.01,42.06,-1.87,3.01,2.900000E-3,-1.046800E-1,3.700000E-4,0.10,0.00,0.10,0.00
39.09,-2.34,3.01,39.08,-2.23,3.01,3.700000E-3,-1.114800E-1,2.000000E-4,0.11,0.00,0.11,0.00
36.12,-2.79,3.02,36.11,-2.67,3.02,4.400000E-3,-1.171200E-1,8.000000E-5,0.12,0.00,0.12,0.00
33.16,-3.33,3.03,33.16,-3.20,3.03,5.300000E-3,-1.217700E-1,-2.900000E-4,0.12,0.01,0.12,0.00
30.23,-4.01,3.05,30.22,-3.89,3.05,6.000000E-3,-1.254300E-1,-6.400000E-4,0.13,0.01,0.13,0.00
27.32,-5.02,3.12,27.31,-4.89,3.12,7.100000E-3,-1.282800E-1,-1.560000E-3,0.13,0.01,0.13,0.00
24.51,-6.80,3.27,24.50,-6.67,3.27,9.100000E-3,-1.311400E-1,-4.220000E-3,0.13,0.01,0.13,0.00
21.45,-8.62,3.45,21.44,-8.48,3.46,1.220000E-2,-1.365800E-1,-8.180000E-3,0.14,0.01,0.14,0.01
18.07,-8.97,3.29,18.06,-8.82,3.30,1.340000E-2,-1.492900E-1,-6.770000E-3,0.15,0.01,0.15,0.01
14.97,-8.64,3.22,14.96,-8.48,3.23,1.110000E-2,-1.648300E-1,-6.640000E-3,0.17,0.01,0.16,0.01
11.96,-8.54,3.17,11.95,-8.36,3.17,1.030000E-2,-1.824000E-1,-6.810000E-3,0.18,0.01,0.18,0.01
8.95,-8.56,3.13,8.94,-8.35,3.14,1.003000E-2,-2.027900E-1,-7.050000E-3,0.20,0.01,0.20,0.01
5.95,-8.59,3.10,5.94,-8.36,3.10,9.720000E-3,-2.253400E-1,-7.240000E-3,0.23,0.01,0.23,0.01
2.95,-8.63,3.06,2.94,-8.38,3.07,9.310000E-3,-2.502600E-1,-7.320000E-3,0.25,0.01,0.25,0.01
-0.049619,-8.67,3.03,-0.058726,-8.39,3.03,9.106500E-3,-2.774800E-1,-7.570000E-3,0.28,0.01,0.28,0.01
-3.05,-8.71,2.99,-3.06,-8.40,3.00,8.500000E-3,-3.066800E-1,-7.620000E-3,0.31,0.01,0.31,0.01
-6.05,-8.76,2.96,-6.06,-8.42,2.97,8.240000E-3,-3.377900E-1,-7.980000E-3,0.34,0.01,0.34,0.01
-9.05,-8.82,2.93,-9.06,-8.45,2.93,7.710000E-3,-3.704700E-1,-7.810000E-3,0.37,0.01,0.37,0.01
-12.05,-8.90,2.89,-12.06,-8.49,2.90,7.200000E-3,-4.039300E-1,-8.400000E-3,0.40,0.01,0.40,0.01
-15.05,-9.00,2.85,-15.06,-8.56,2.86,7.400000E-3,-4.372500E-1,-7.370000E-3,0.44,0.01,0.44,0.01
-18.08,-9.17,2.81,-18.08,-8.70,2.81,7.400000E-3,-4.691900E-1,-8.520000E-3,0.47,0.01,0.47,0.01
-21.21,-9.61,2.70,-21.22,-9.12,2.71,1.150000E-2,-4.960500E-1,-6.900000E-4,0.50,0.01,0.50,0.00
-24.64,-9.38,2.78,-24.66,-8.86,2.77,1.120000E-2,-5.225000E-1,2.190000E-3,0.52,0.01,0.52,0.00
-27.64,-7.57,2.90,-27.63,-7.01,2.90,-9.900000E-3,-5.599800E-1,-3.750000E-3,0.56,0.01,0.56,0.00
-30.42,-5.70,2.95,-30.39,-5.10,2.95,-3.300000E-2,-5.967700E-1,-4.600000E-3,0.60,0.03,0.60,0.00
-33.30,-4.62,3.00,-33.26,-4.00,3.01,-4.160000E-2,-6.190700E-1,-3.370000E-3,0.62,0.04,0.62,0.00
-36.22,-3.90,3.00,-36.18,-3.28,3.01,-4.320000E-2,-6.225600E-1,-2.110000E-3,0.62,0.04,0.62,0.00
-39.16,-3.31,3.01,-39.12,-2.70,3.01,-4.120000E-2,-6.089900E-1,-1.160000E-3,0.61,0.04,0.61,0.00
-42.12,-2.82,3.00,-42.09,-2.24,3.01,-3.740000E-2,-5.795900E-1,-9.700000E-4,0.58,0.04,0.58,0.00
-45.09,-2.40,3.00,-45.06,-1.87,3.01,-3.240000E-2,-5.373100E-1,-6.300000E-4,0.54,0.03,0.54,0.00
-48.07,-2.03,3.00,-48.04,-1.55,3.00,-2.720000E-2,-4.846900E-1,-6.200000E-4,0.49,0.03,0.48,0.00
-51.05,-1.70,3.00,-51.03,-1.27,3.00,-2.190000E-2,-4.241000E-1,-5.000000E-4,0.42,0.02,0.42,0.00
-54.04,-1.39,3.00,-54.02,-1.03,3.00,-1.680000E-2,-3.581000E-1,-5.300000E-4,0.36,0.02,0.36,0.00
-57.02,-1.11,3.00,-57.01,-0.819459,3.00,-1.210000E-2,-2.893710E-1,-4.900000E-4,0.29,0.01,0.29,0.00
-60.01,-0.852113,3.00,-60.00,-0.631576,3.00,-7.900000E-3,-2.205370E-1,-4.700000E-4,0.22,0.01,0.22,0.00
-63.00,-0.618512,3.00,-63,-0.463800,3.00,-4.500000E-3,-1.547120E-1,-4.200000E-4,0.15,0.00,0.15,0.00
-66.00,-0.408150,3.00,-66.00,-0.312833,3.00,-1.800000E-3,-9.531700E-2,-3.400000E-4,0.10,0.00,0.10,0.00
-68.99,-0.222433,3.00,-68.99,-0.176061,3.00,-1.000000E-4,-4.637200E-2,-2.500000E-4,0.05,0.00,0.05,0.00
-71.99,-0.068354,3.00,-71.99,-0.055805,3.00,6.000000E-4,-1.254880E-2,-1.300000E-4,0.01,0.00,0.01,0.00
-75,0.000000,3,-75,0.000000,3,0.000000E+0,0.000000E+0,0.000000E+0,0,0,0,0
75,0,0,75,0.000000,0.000000,0.000000E+0,-3.286290E-36,7.899060E-35,0.00,0,0.00,0.00
71.99,-0.046676,-0.000234,71.99,-0.044432,-0.000281,-3.000000E-4,-2.243700E-3,4.685400E-5,0.00,0.00,0.00,0.00
68.99,-0.150363,-0.000298,68.99,-0.142132,-0.000390,-5.000000E-4,-8.231000E-3,9.225600E-5,0.01,0.00,0.01,0.00
66.00,-0.272545,-0.000137,66.00,-0.255684,-0.000245,-5.000000E-4,-1.686100E-2,1.082210E-4,0.02,0.00,0.02,0.00
63.00,-0.410183,-0.000135,63.00,-0.382867,-0.000297,-4.000000E-4,-2.731600E-2,1.619550E-4,0.03,0.00,0.03,0.00
60.00,-0.564522,0.000119,60.00,-0.525630,-0.000034,-2.000000E-4,-3.889200E-2,1.536880E-4,0.04,0.00,0.04,0.00
57.01,-0.737463,0.000114,57.01,-0.686454,-0.000097,1.000000E-4,-5.100900E-2,2.118513E-4,0.05,0.00,0.05,0.00
54.01,-0.931099,0.000531,54.01,-0.868048,0.000357,6.000000E-4,-6.305100E-2,1.740540E-4,0.06,0.00,0.06,0.00
51.02,-1.15,0.000572,51.02,-1.07,0.000351,1.200000E-3,-7.453000E-2,2.217850E-4,0.07,0.00,0.07,0.00
48.03,-1.39,0.001288,48.03,-1.31,0.001146,1.800000E-3,-8.512000E-2,1.421500E-4,0.09,0.00,0.09,0.00
45.05,-1.68,0.001593,45.04,-1.58,0.001446,2.400000E-3,-9.449000E-2,1.463700E-4,0.09,0.00,0.09,0.00
42.06,-2.00,0.003143,42.06,-1.89,0.003155,3.000000E-3,-1.023400E-1,-1.225000E-5,0.10,0.00,0.10,0.00
39.09,-2.37,0.005399,39.09,-2.26,0.005489,3.700000E-3,-1.088900E-1,-9.018000E-5,0.11,0.00,0.11,0.00
36.12,-2.83,0.011421,36.12,-2.71,0.011808,4.500000E-3,-1.143100E-1,-3.875000E-4,0.11,0.00,0.11,0.00
33.17,-3.39,0.019878,33.17,-3.27,0.020532,5.200000E-3,-1.186200E-1,-6.541000E-4,0.12,0.01,0.12,0.00
30.24,-4.10,0.040551,30.23,-3.98,0.041619,6.200000E-3,-1.222300E-1,-1.067500E-3,0.12,0.01,0.12,0.00
27.34,-5.19,0.098607,27.34,-5.07,0.100602,7.000000E-3,-1.242700E-1,-1.995100E-3,0.12,0.01,0.12,0.00
24.59,-7.11,0.249734,24.58,-6.98,0.254059,8.900000E-3,-1.273000E-1,-4.325000E-3,0.13,0.01,0.13,0.00
21.46,-8.81,0.388245,21.45,-8.67,0.396064,1.260000E-2,-1.342500E-1,-7.819000E-3,0.14,0.01,0.13,0.01
18.09,-8.81,0.274560,18.08,-8.67,0.280342,1.210000E-2,-1.462800E-1,-5.782000E-3,0.15,0.01,0.15,0.01
15.00,-8.47,0.208750,14.99,-8.31,0.214690,1.020000E-2,-1.626100E-1,-5.940000E-3,0.16,0.01,0.16,0.01
11.99,-8.50,0.166237,11.98,-8.31,0.172500,9.800000E-3,-1.816000E-1,-6.263000E-3,0.18,0.01,0.18,0.01
8.99,-8.52,0.129530,8.98,-8.32,0.135995,9.480000E-3,-2.023700E-1,-6.465000E-3,0.20,0.01,0.20,0.01
5.99,-8.55,0.097023,5.98,-8.33,0.103652,9.030000E-3,-2.258900E-1,-6.628600E-3,0.23,0.01,0.23,0.01
2.98,-8.59,0.061547,2.98,-8.34,0.068431,8.720000E-3,-2.517200E-1,-6.884200E-3,0.25,0.01,0.25,0.01
-0.014601,-8.63,0.028996,-0.022611,-8.35,0.036025,8.010100E-3,-2.799900E-1,-7.028700E-3,0.28,0.01,0.28,0.01
-3.02,-8.67,-0.006535,-3.03,-8.36,0.000889,7.650000E-3,-3.105900E-1,-7.423483E-3,0.31,0.01,0.31,0.01
-6.02,-8.72,-0.039460,-6.02,-8.38,-0.031959,6.750000E-3,-3.433500E-1,-7.501000E-3,0.34,0.01,0.34,0.01
-9.02,-8.77,-0.075356,-9.03,-8.40,-0.067183,6.170000E-3,-3.780100E-1,-8.172300E-3,0.38,0.01,0.38,0.01
-12.02,-8.84,-0.108379,-12.02,-8.42,-0.100455,5.200000E-3,-4.143600E-1,-7.924000E-3,0.41,0.01,0.41,0.01
-15.02,-8.91,-0.146797,-15.03,-8.46,-0.137510,4.100000E-3,-4.513100E-1,-9.287000E-3,0.45,0.00,0.45,0.01
-18.04,-8.96,-0.183763,-18.04,-8.47,-0.175201,2.500000E-3,-4.878800E-1,-8.562000E-3,0.49,0.00,0.49,0.01
-21.14,-9.44,-0.288627,-21.15,-8.91,-0.279347,4.400000E-3,-5.243700E-1,-9.280000E-3,0.52,0.00,0.52,0.01
-24.54,-9.58,-0.323849,-24.55,-9.02,-0.322132,5.400000E-3,-5.565100E-1,-1.717000E-3,0.56,0.01,0.56,0.00
-27.66,-7.82,-0.218604,-27.65,-7.24,-0.211702,-1.380000E-2,-5.855000E-1,-6.902000E-3,0.59,0.01,0.59,0.01
-30.46,-6.28,-0.098349,-30.43,-5.66,-0.094080,-3.300000E-2,-6.133800E-1,-4.268100E-3,0.61,0.03,0.61,0.00
-33.34,-4.70,-0.022967,-33.30,-4.07,-0.017848,-4.450000E-2,-6.320400E-1,-5.118600E-3,0.63,0.04,0.63,0.01
-36.23,-3.95,-0.007632,-36.18,-3.32,-0.004643,-4.570000E-2,-6.335800E-1,-2.988390E-3,0.64,0.05,0.63,0.00
-39.17,-3.36,-0.003546,-39.13,-2.74,-0.001003,-4.320000E-2,-6.172700E-1,-2.543100E-3,0.62,0.04,0.62,0.00
-42.13,-2.86,-0.000236,-42.09,-2.27,0.001444,-3.890000E-2,-5.861700E-1,-1.680026E-3,0.59,0.04,0.59,0.00
-45.10,-2.43,-0.000116,-45.06,-1.89,0.001351,-3.370000E-2,-5.421600E-1,-1.467602E-3,0.54,0.03,0.54,0.00
-48.07,-2.05,0.000638,-48.04,-1.57,0.001658,-2.810000E-2,-4.883000E-1,-1.019556E-3,0.49,0.03,0.49,0.00
-51.05,-1.71,0.000004,-51.03,-1.29,0.000891,-2.260000E-2,-4.266900E-1,-8.872072E-4,0.43,0.02,0.43,0.00
-54.04,-1.40,0.000403,-54.02,-1.04,0.001063,-1.730000E-2,-3.599300E-1,-6.605720E-4,0.36,0.02,0.36,0.00
-57.02,-1.12,0.000014,-57.01,-0.829124,0.000572,-1.250000E-2,-2.905860E-1,-5.582717E-4,0.29,0.01,0.29,0.00
-60.01,-0.860477,0.000304,-60.01,-0.639165,0.000733,-8.100000E-3,-2.213120E-1,-4.298610E-4,0.22,0.01,0.22,0.00
-63.00,-0.624353,0.000105,-63.00,-0.469233,0.000435,-4.600000E-3,-1.551200E-1,-3.295140E-4,0.16,0.00,0.16,0.00
-66.00,-0.412145,0.000303,-66.00,-0.316629,0.000541,-1.900000E-3,-9.551600E-2,-2.378520E-4,0.10,0.00,0.10,0.00
-68.99,-0.224714,0.000238,-68.99,-0.178283,0.000386,-1.000000E-4,-4.643100E-2,-1.481020E-4,0.05,0.00,0.05,0.00
-71.99,-0.069012,0.000231,-71.99,-0.056444,0.000304,6.000000E-4,-1.256850E-2,-7.259200E-5,0.01,0.00,0.01,0.00
-75,0,0,-75,0.000000,0.000000,0.000000E+0,-5.961620E-36,9.053110E-35,0.00,0,0.00,0.00
75,0.000000,-3,75,0.000000,-3,0.000000E+0,0.000000E+0,0.000000E+0,0,0,0,0
71.99,-0.046477,-3.00,71.99,-0.044267,-3.00,-3.000000E-4,-2.210300E-3,5.000000E-5,0.00,0.00,0.00,0.00
68.99,-0.150336,-3.00,68.99,-0.142234,-3.00,-5.000000E-4,-8.102000E-3,7.000000E-5,0.01,0.00,0.01,0.00
66.00,-0.272587,-3.00,66.00,-0.255994,-3.00,-5.000000E-4,-1.659300E-2,1.000000E-4,0.02,0.00,0.02,0.00
63.00,-0.410529,-3.00,63.00,-0.383672,-3.00,-3.000000E-4,-2.685700E-2,1.000000E-4,0.03,0.00,0.03,0.00
60.00,-0.564738,-3.00,60.00,-0.526514,-3.00,-2.000000E-4,-3.822400E-2,1.200000E-4,0.04,0.00,0.04,0.00
57.01,-0.737407,-3.00,57.01,-0.687320,-3.00,2.000000E-4,-5.008700E-2,7.000000E-5,0.05,0.00,0.05,0.00
54.01,-0.931142,-3.00,54.01,-0.869265,-3.00,6.000000E-4,-6.187700E-2,9.000000E-5,0.06,0.00,0.06,0.00
51.02,-1.15,-3.00,51.02,-1.08,-3.00,1.100000E-3,-7.308000E-2,0.000000E+0,0.07,0.00,0.07,0
48.03,-1.40,-3.00,48.03,-1.31,-3.00,1.700000E-3,-8.341000E-2,-1.000000E-5,0.08,0.00,0.08,0.00
45.04,-1.68,-3.00,45.04,-1.58,-3.00,2.300000E-3,-9.250000E-2,-1.700000E-4,0.09,0.00,0.09,0.00
42.06,-2.00,-3.00,42.06,-1.90,-3.00,3.000000E-3,-1.001600E-1,-2.500000E-4,0.10,0.00,0.10,0.00
39.09,-2.38,-3.00,39.09,-2.27,-3.00,3.700000E-3,-1.064900E-1,-5.000000E-4,0.11,0.00,0.11,0.00
36.12,-2.84,-3.00,36.12,-2.72,-3.00,4.300000E-3,-1.117600E-1,-6.900000E-4,0.11,0.00,0.11,0.00
33.18,-3.41,-2.99,33.17,-3.29,-2.99,5.300000E-3,-1.160300E-1,-1.080000E-3,0.12,0.01,0.12,0.00
30.25,-4.15,-2.98,30.25,-4.03,-2.97,6.200000E-3,-1.194000E-1,-1.410000E-3,0.12,0.01,0.12,0.00
27.37,-5.27,-2.92,27.36,-5.15,-2.92,7.000000E-3,-1.216100E-1,-2.080000E-3,0.12,0.01,0.12,0.00
24.62,-7.19,-2.79,24.62,-7.07,-2.78,8.900000E-3,-1.244900E-1,-4.150000E-3,0.12,0.01,0.12,0.00
21.50,-8.81,-2.66,21.49,-8.68,-2.66,1.240000E-2,-1.327100E-1,-6.720000E-3,0.13,0.01,0.13,0.01
18.13,-8.72,-2.72,18.12,-8.58,-2.71,1.170000E-2,-1.449100E-1,-5.470000E-3,0.15,0.01,0.14,0.01
15.03,-8.38,-2.80,15.02,-8.22,-2.79,9.700000E-3,-1.605500E-1,-5.160000E-3,0.16,0.01,0.16,0.01
12.02,-8.46,-2.84,12.01,-8.28,-2.83,9.600000E-3,-1.798400E-1,-5.620000E-3,0.18,0.01,0.18,0.01
9.02,-8.50,-2.87,9.01,-8.29,-2.86,9.230000E-3,-2.011800E-1,-5.780000E-3,0.20,0.01,0.20,0.01
6.02,-8.52,-2.90,6.01,-8.30,-2.90,8.860000E-3,-2.249700E-1,-6.060000E-3,0.23,0.01,0.22,0.01
3.02,-8.55,-2.94,3.01,-8.30,-2.93,8.200000E-3,-2.513200E-1,-6.230000E-3,0.25,0.01,0.25,0.01
0.016616,-8.59,-2.97,0.008789,-8.31,-2.97,7.826950E-3,-2.800200E-1,-6.590000E-3,0.28,0.01,0.28,0.01
-2.98,-8.63,-3.01,-2.99,-8.32,-3.00,6.880000E-3,-3.112000E-1,-6.770000E-3,0.31,0.01,0.31,0.01
-5.99,-8.67,-3.04,-5.99,-8.33,-3.03,6.370000E-3,-3.446800E-1,-7.340000E-3,0.34,0.01,0.34,0.01
-8.98,-8.72,-3.07,-8.99,-8.34,-3.07,5.130000E-3,-3.803400E-1,-7.440000E-3,0.38,0.01,0.38,0.01
-11.99,-8.78,-3.11,-11.99,-8.36,-3.10,4.200000E-3,-4.177700E-1,-8.450000E-3,0.42,0.00,0.42,0.01
-14.99,-8.82,-3.14,-14.99,-8.36,-3.13,2.300000E-3,-4.571700E-1,-8.350000E-3,0.46,0.00,0.46,0.01
-18.00,-8.84,-3.18,-18.00,-8.35,-3.17,-3.000000E-4,-4.953200E-1,-1.028000E-2,0.50,0.00,0.50,0.01
-21.08,-9.27,-3.26,-21.08,-8.73,-3.25,1.600000E-3,-5.377400E-1,-9.860000E-3,0.54,0.00,0.54,0.01
-24.46,-9.48,-3.40,-24.46,-8.90,-3.39,-3.100000E-3,-5.802200E-1,-1.280000E-2,0.58,0.00,0.58,0.01
-27.63,-7.88,-3.26,-27.61,-7.28,-3.25,-1.950000E-2,-6.023400E-1,-7.380000E-3,0.60,0.02,0.60,0.01
-30.41,-5.84,-3.10,-30.37,-5.22,-3.09,-3.780000E-2,-6.211300E-1,-8.870000E-3,0.62,0.04,0.62,0.01
-33.30,-4.68,-3.04,-33.25,-4.05,-3.03,-4.630000E-2,-6.385300E-1,-5.280000E-3,0.64,0.05,0.64,0.01
-36.22,-3.95,-3.02,-36.18,-3.32,-3.02,-4.680000E-2,-6.363800E-1,-4.830000E-3,0.64,0.05,0.64,0.00
-39.17,-3.36,-3.01,-39.13,-2.74,-3.01,-4.390000E-2,-6.188900E-1,-3.300000E-3,0.62,0.04,0.62,0.00
-42.13,-2.86,-3.01,-42.09,-2.28,-3.00,-3.940000E-2,-5.863300E-1,-2.880000E-3,0.59,0.04,0.59,0.00
-45.10,-2.44,-3.00,-45.06,-1.89,-3.00,-3.390000E-2,-5.416200E-1,-2.030000E-3,0.54,0.03,0.54,0.00
-48.07,-2.06,-3.00,-48.04,-1.57,-3.00,-2.840000E-2,-4.872200E-1,-1.650000E-3,0.49,0.03,0.49,0.00
-51.05,-1.71,-3.00,-51.03,-1.29,-3.00,-2.280000E-2,-4.254200E-1,-1.160000E-3,0.43,0.02,0.43,0.00
-54.04,-1.40,-3.00,-54.02,-1.05,-3.00,-1.740000E-2,-3.586000E-1,-8.900000E-4,0.36,0.02,0.36,0.00
-57.02,-1.12,-3.00,-57.01,-0.830422,-3.00,-1.250000E-2,-2.893680E-1,-6.000000E-4,0.29,0.01,0.29,0.00
-60.01,-0.860312,-3.00,-60.01,-0.640072,-3.00,-8.200000E-3,-2.202400E-1,-4.100000E-4,0.22,0.01,0.22,0.00
-63.00,-0.624275,-3.00,-63.00,-0.469976,-3.00,-4.600000E-3,-1.542990E-1,-2.500000E-4,0.15,0.00,0.15,0.00
-66.00,-0.411939,-3.00,-66.00,-0.316998,-3.00,-1.900000E-3,-9.494100E-2,-1.300000E-4,0.09,0.00,0.09,0.00
-68.99,-0.224818,-3.00,-68.99,-0.178681,-3.00,-1.000000E-4,-4.613700E-2,-6.000000E-5,0.05,0.00,0.05,0.00
-71.99,-0.068820,-3.00,-71.99,-0.056342,-3.00,6.000000E-4,-1.247780E-2,-2.000000E-5,0.01,0.00,0.01,0.00
-75,0.000000,-3,-75,0.000000,-3,0.000000E+0,0.000000E+0,0.000000E+0,0,0,0,0
75,0.000000,-6,75,0.000000,-6,0.000000E+0,0.000000E+0,0.000000E+0,0,0,0,0
71.99,-0.045955,-6.00,71.99,-0.043776,-6.00,-3.000000E-4,-2.178900E-3,4.000000E-5,0.00,0.00,0.00,0.00
68.99,-0.148392,-6.00,68.99,-0.140410,-6.00,-5.000000E-4,-7.982000E-3,6.000000E-5,0.01,0.00,0.01,0.00
66.00,-0.269516,-6.00,66.00,-0.253189,-6.00,-5.000000E-4,-1.632700E-2,6.000000E-5,0.02,0.00,0.02,0.00
63.00,-0.406089,-6.00,63.00,-0.379676,-6.00,-4.000000E-4,-2.641300E-2,8.000000E-5,0.03,0.00,0.03,0.00
60.00,-0.559521,-6.00,60.00,-0.521969,-6.00,-2.000000E-4,-3.755200E-2,3.000000E-5,0.04,0.00,0.04,0.00
57.01,-0.730983,-6.00,57.01,-0.681802,-6.00,2.000000E-4,-4.918100E-2,3.000000E-5,0.05,0.00,0.05,0.00
54.01,-0.922977,-6.00,54.01,-0.862275,-6.00,5.000000E-4,-6.070200E-2,-7.000000E-5,0.06,0.00,0.06,0.00
51.02,-1.14,-6.00,51.02,-1.07,-6.00,1.000000E-3,-7.167000E-2,-1.000000E-4,0.07,0.00,0.07,0.00
48.03,-1.38,-6.00,48.03,-1.30,-6.00,1.600000E-3,-8.175000E-2,-2.700000E-4,0.08,0.00,0.08,0.00
45.04,-1.66,-6.00,45.04,-1.57,-6.00,2.200000E-3,-9.065000E-2,-3.500000E-4,0.09,0.00,0.09,0.00
42.06,-1.98,-6.00,42.06,-1.88,-6.00,2.800000E-3,-9.812000E-2,-5.900000E-4,0.10,0.00,0.10,0.00
39.09,-2.36,-6.00,39.08,-2.25,-6.00,3.500000E-3,-1.043900E-1,-7.700000E-4,0.10,0.00,0.10,0.00
36.12,-2.81,-6.00,36.12,-2.70,-6.00,4.200000E-3,-1.095100E-1,-1.090000E-3,0.11,0.00,0.11,0.00
33.18,-3.38,-6.00,33.17,-3.27,-6.00,5.000000E-3,-1.138500E-1,-1.390000E-3,0.11,0.01,0.11,0.00
30.26,-4.13,-5.99,30.25,-4.01,-5.99,6.000000E-3,-1.174500E-1,-1.710000E-3,0.12,0.01,0.12,0.00
27.39,-5.22,-5.95,27.38,-5.10,-5.95,7.300000E-3,-1.203900E-1,-2.280000E-3,0.12,0.01,0.12,0.00
24.63,-7.06,-5.84,24.62,-6.94,-5.84,8.900000E-3,-1.230900E-1,-3.280000E-3,0.12,0.01,0.12,0.00
21.57,-8.71,-5.72,21.56,-8.58,-5.72,1.210000E-2,-1.302100E-1,-5.840000E-3,0.13,0.01,0.13,0.01
18.18,-8.74,-5.71,18.17,-8.60,-5.71,1.180000E-2,-1.443300E-1,-5.120000E-3,0.14,0.01,0.14,0.01
15.07,-8.41,-5.80,15.06,-8.25,-5.79,1.020000E-2,-1.593600E-1,-4.620000E-3,0.16,0.01,0.16,0.00
12.06,-8.45,-5.83,12.05,-8.27,-5.83,9.700000E-3,-1.776500E-1,-4.800000E-3,0.18,0.01,0.18,0.00
9.05,-8.48,-5.87,9.04,-8.28,-5.86,9.360000E-3,-1.990000E-1,-5.210000E-3,0.20,0.01,0.20,0.01
6.05,-8.50,-5.90,6.04,-8.28,-5.90,8.840000E-3,-2.227100E-1,-5.360000E-3,0.22,0.01,0.22,0.01
3.05,-8.52,-5.94,3.04,-8.28,-5.93,8.470000E-3,-2.487000E-1,-5.700000E-3,0.25,0.01,0.25,0.01
0.052111,-8.55,-5.97,0.044459,-8.28,-5.97,7.651800E-3,-2.773000E-1,-5.910000E-3,0.28,0.01,0.28,0.01
-2.95,-8.59,-6.01,-2.96,-8.28,-6.00,7.250000E-3,-3.081200E-1,-6.380000E-3,0.31,0.01,0.31,0.01
-5.95,-8.63,-6.04,-5.96,-8.29,-6.03,6.160000E-3,-3.412100E-1,-6.590000E-3,0.34,0.01,0.34,0.01
-8.95,-8.67,-6.07,-8.96,-8.29,-6.07,5.500000E-3,-3.763700E-1,-7.340000E-3,0.38,0.01,0.38,0.01
-11.95,-8.71,-6.11,-11.96,-8.30,-6.10,4.000000E-3,-4.132700E-1,-7.550000E-3,0.41,0.00,0.41,0.01
-14.96,-8.75,-6.14,-14.96,-8.30,-6.14,2.600000E-3,-4.509900E-1,-8.810000E-3,0.45,0.00,0.45,0.01
-17.96,-8.79,-6.19,-17.96,-8.30,-6.18,5.000000E-4,-4.884900E-1,-8.960000E-3,0.49,0.00,0.49,0.01
-21.04,-9.12,-6.27,-21.04,-8.59,-6.26,9.000000E-4,-5.251600E-1,-1.246000E-2,0.53,0.00,0.53,0.01
-24.37,-9.16,-6.41,-24.37,-8.60,-6.40,-8.000000E-4,-5.609400E-1,-1.385000E-2,0.56,0.00,0.56,0.01
-27.59,-7.65,-6.30,-27.57,-7.05,-6.28,-2.020000E-2,-5.936600E-1,-1.245000E-2,0.59,0.02,0.59,0.01
-30.40,-5.76,-6.13,-30.36,-5.15,-6.12,-3.890000E-2,-6.181700E-1,-8.020000E-3,0.62,0.04,0.62,0.01
-33.29,-4.64,-6.06,-33.25,-4.00,-6.05,-4.630000E-2,-6.330600E-1,-7.400000E-3,0.63,0.05,0.63,0.01
-36.22,-3.91,-6.03,-36.17,-3.27,-6.02,-4.610000E-2,-6.309400E-1,-5.320000E-3,0.63,0.05,0.63,0.01
-39.16,-3.32,-6.02,-39.12,-2.71,-6.01,-4.310000E-2,-6.124000E-1,-4.740000E-3,0.61,0.04,0.61,0.00
-42.13,-2.83,-6.01,-42.09,-2.25,-6.01,-3.860000E-2,-5.799600E-1,-3.490000E-3,0.58,0.04,0.58,0.00
-45.10,-2.41,-6.01,-45.06,-1.88,-6.00,-3.340000E-2,-5.353800E-1,-2.870000E-3,0.54,0.03,0.54,0.00
-48.07,-2.04,-6.00,-48.04,-1.56,-6.00,-2.790000E-2,-4.814200E-1,-2.040000E-3,0.48,0.03,0.48,0.00
-51.05,-1.70,-6.00,-51.03,-1.28,-6.00,-2.240000E-2,-4.202400E-1,-1.550000E-3,0.42,0.02,0.42,0.00
-54.04,-1.39,-6.00,-54.02,-1.04,-6.00,-1.710000E-2,-3.541700E-1,-1.030000E-3,0.35,0.02,0.35,0.00
-57.02,-1.11,-6.00,-57.01,-0.823601,-6.00,-1.220000E-2,-2.856990E-1,-6.800000E-4,0.29,0.01,0.29,0.00
-60.01,-0.851822,-6.00,-60.01,-0.634418,-6.00,-8.000000E-3,-2.174040E-1,-3.700000E-4,0.22,0.01,0.22,0.00
-63.00,-0.617869,-6.00,-63.00,-0.465630,-6.00,-4.600000E-3,-1.522390E-1,-1.600000E-4,0.15,0.00,0.15,0.00
-66.00,-0.407114,-6.00,-66.00,-0.313465,-6.00,-1.800000E-3,-9.364900E-2,-2.000000E-5,0.09,0.00,0.09,0.00
-68.99,-0.221935,-6.00,-68.99,-0.176460,-6.00,-1.000000E-4,-4.547500E-2,4.000000E-5,0.05,0.00,0.05,0.00
-71.99,-0.067992,-6.00,-71.99,-0.055697,-6.00,6.000000E-4,-1.229470E-2,4.000000E-5,0.01,0.00,0.01,0.00
-75,0.000000,-6,-75,0.000000,-6,0.000000E+0,0.000000E+0,0.000000E+0,0,0,0,0
75,0.000000,-9,75,0.000000,-9,0.000000E+0,0.000000E+0,0.000000E+0,0,0,0,0
71.99,-0.044409,-9.00,71.99,-0.042263,-9.00,-4.000000E-4,-2.146700E-3,3.000000E-5,0.00,0.00,0.00,0.00
68.99,-0.144729,-9.00,68.99,-0.136861,-9.00,-5.000000E-4,-7.868000E-3,4.000000E-5,0.01,0.00,0.01,0.00
66.00,-0.263727,-9.00,66.00,-0.247646,-9.00,-5.000000E-4,-1.608100E-2,6.000000E-5,0.02,0.00,0.02,0.00
63.00,-0.398336,-9.00,63.00,-0.372356,-9.00,-4.000000E-4,-2.598000E-2,2.000000E-5,0.03,0.00,0.03,0.00
60.00,-0.549001,-9.00,60.00,-0.512093,-9.00,-2.000000E-4,-3.690800E-2,1.000000E-5,0.04,0.00,0.04,0.00
57.01,-0.717892,-9.00,57.01,-0.669606,-9.00,1.000000E-4,-4.828600E-2,-1.000000E-4,0.05,0.00,0.05,0.00
54.01,-0.906884,-9.00,54.01,-0.847309,-9.00,4.000000E-4,-5.957500E-2,-1.400000E-4,0.06,0.00,0.06,0.00
51.02,-1.12,-9.00,51.02,-1.05,-9.00,9.000000E-4,-7.030000E-2,-3.100000E-4,0.07,0.00,0.07,0.00
48.03,-1.36,-9.00,48.03,-1.28,-9.00,1.400000E-3,-8.018000E-2,-4.000000E-4,0.08,0.00,0.08,0.00
45.04,-1.63,-9.01,45.04,-1.54,-9.00,2.000000E-3,-8.889000E-2,-6.300000E-4,0.09,0.00,0.09,0.00
42.06,-1.94,-9.01,42.06,-1.85,-9.01,2.500000E-3,-9.631000E-2,-8.000000E-4,0.10,0.00,0.10,0.00
39.08,-2.31,-9.01,39.08,-2.21,-9.01,3.200000E-3,-1.025000E-1,-1.110000E-3,0.10,0.00,0.10,0.00
36.12,-2.75,-9.01,36.11,-2.64,-9.01,3.900000E-3,-1.077300E-1,-1.380000E-3,0.11,0.00,0.11,0.00
33.17,-3.30,-9.01,33.16,-3.19,-9.01,4.800000E-3,-1.121200E-1,-1.700000E-3,0.11,0.00,0.11,0.00
30.25,-4.03,-9.02,30.24,-3.91,-9.01,5.800000E-3,-1.162400E-1,-2.030000E-3,0.12,0.01,0.12,0.00
27.38,-5.03,-8.99,27.37,-4.91,-8.99,7.100000E-3,-1.201300E-1,-2.360000E-3,0.12,0.01,0.12,0.00
24.59,-6.68,-8.92,24.58,-6.55,-8.92,8.800000E-3,-1.227200E-1,-2.910000E-3,0.12,0.01,0.12,0.00
21.65,-8.45,-8.83,21.64,-8.32,-8.83,1.160000E-2,-1.284700E-1,-4.230000E-3,0.13,0.01,0.13,0.00
18.28,-8.89,-8.71,18.27,-8.75,-8.71,1.320000E-2,-1.421300E-1,-5.440000E-3,0.14,0.01,0.14,0.01
15.12,-8.56,-8.79,15.11,-8.41,-8.79,1.120000E-2,-1.579600E-1,-3.740000E-3,0.16,0.01,0.16,0.00
12.09,-8.47,-8.83,12.08,-8.29,-8.83,1.030000E-2,-1.752900E-1,-4.340000E-3,0.18,0.01,0.18,0.00
9.09,-8.47,-8.87,9.08,-8.27,-8.87,9.830000E-3,-1.959700E-1,-4.480000E-3,0.20,0.01,0.20,0.00
6.09,-8.48,-8.90,6.08,-8.26,-8.90,9.390000E-3,-2.187500E-1,-4.830000E-3,0.22,0.01,0.22,0.00
3.09,-8.50,-8.94,3.08,-8.25,-8.93,8.780000E-3,-2.442000E-1,-5.060000E-3,0.24,0.01,0.24,0.01
0.084235,-8.52,-8.97,0.075782,-8.25,-8.97,8.452500E-3,-2.716400E-1,-5.450000E-3,0.27,0.01,0.27,0.01
-2.91,-8.55,-9.01,-2.92,-8.25,-9.00,7.620000E-3,-3.014500E-1,-5.710000E-3,0.30,0.01,0.30,0.01
-5.92,-8.58,-9.04,-5.92,-8.25,-9.03,7.260000E-3,-3.331400E-1,-6.300000E-3,0.33,0.01,0.33,0.01
-8.92,-8.62,-9.07,-8.92,-8.25,-9.07,6.190000E-3,-3.663100E-1,-6.600000E-3,0.37,0.01,0.37,0.01
-11.92,-8.65,-9.11,-11.93,-8.25,-9.10,5.500000E-3,-4.007100E-1,-7.580000E-3,0.40,0.01,0.40,0.01
-14.92,-8.69,-9.14,-14.93,-8.26,-9.13,4.400000E-3,-4.347100E-1,-8.210000E-3,0.43,0.00,0.43,0.01
-17.93,-8.82,-9.20,-17.94,-8.35,-9.19,4.400000E-3,-4.673500E-1,-1.015000E-2,0.47,0.00,0.47,0.01
-21.03,-9.10,-9.30,-21.03,-8.61,-9.28,6.200000E-3,-4.936800E-1,-1.457000E-2,0.49,0.01,0.49,0.01
-24.37,-8.80,-9.47,-24.37,-8.27,-9.45,3.400000E-3,-5.210800E-1,-1.669000E-2,0.52,0.00,0.52,0.02
-27.49,-7.18,-9.30,-27.47,-6.61,-9.29,-1.640000E-2,-5.643100E-1,-1.205000E-2,0.56,0.02,0.56,0.01
-30.36,-5.48,-9.14,-30.32,-4.88,-9.13,-3.800000E-2,-6.008300E-1,-9.200000E-3,0.60,0.04,0.60,0.01
-33.27,-4.49,-9.07,-33.22,-3.87,-9.06,-4.350000E-2,-6.173500E-1,-7.210000E-3,0.62,0.04,0.62,0.01
-36.20,-3.80,-9.04,-36.16,-3.18,-9.03,-4.390000E-2,-6.158300E-1,-6.700000E-3,0.62,0.04,0.62,0.01
-39.16,-3.24,-9.02,-39.11,-2.64,-9.02,-4.090000E-2,-5.986100E-1,-5.170000E-3,0.60,0.04,0.60,0.01
-42.12,-2.77,-9.02,-42.08,-2.20,-9.01,-3.690000E-2,-5.670900E-1,-4.410000E-3,0.57,0.04,0.57,0.00
-45.09,-2.36,-9.01,-45.06,-1.84,-9.01,-3.180000E-2,-5.237200E-1,-3.270000E-3,0.52,0.03,0.52,0.00
-48.07,-2.00,-9.01,-48.04,-1.53,-9.00,-2.660000E-2,-4.711500E-1,-2.530000E-3,0.47,0.03,0.47,0.00
-51.05,-1.67,-9.00,-51.03,-1.26,-9.00,-2.140000E-2,-4.113600E-1,-1.760000E-3,0.41,0.02,0.41,0.00
-54.03,-1.36,-9.00,-54.02,-1.02,-9.00,-1.640000E-2,-3.467500E-1,-1.190000E-3,0.35,0.02,0.35,0.00
-57.02,-1.09,-9.00,-57.01,-0.808471,-9.00,-1.170000E-2,-2.797390E-1,-6.900000E-4,0.28,0.01,0.28,0.00
-60.01,-0.835272,-9.00,-60.00,-0.622428,-9.00,-7.700000E-3,-2.128440E-1,-3.300000E-4,0.21,0.01,0.21,0.00
-63.00,-0.605154,-9.00,-63.00,-0.456115,-9.00,-4.300000E-3,-1.490390E-1,-8.000000E-5,0.15,0.00,0.15,0.00
-66.00,-0.398380,-9.00,-66.00,-0.306739,-9.00,-1.800000E-3,-9.164100E-2,8.000000E-5,0.09,0.00,0.09,0.00
-68.99,-0.216383,-9.00,-68.99,-0.171898,-9.00,-1.000000E-4,-4.448500E-2,1.300000E-4,0.04,0.00,0.04,0.00
-71.99,-0.066085,-9.00,-71.99,-0.054071,-9.00,6.000000E-4,-1.201400E-2,1.000000E-4,0.01,0.00,0.01,0.00
-75,0.000000,-9,-75,0.000000,-9,0.000000E+0,0.000000E+0,0.000000E+0,0,0,0,0
75,0.000000,-12,75,0.000000,-12,0.000000E+0,0.000000E+0,0.000000E+0,0,0,0,0
71.99,-0.042550,-12.00,71.99,-0.040433,-12.00,-3.000000E-4,-2.117000E-3,0.000000E+0,0.00,0.00,0.00,0
68.99,-0.139785,-12.00,68.99,-0.132023,-12.00,-5.000000E-4,-7.762000E-3,1.000000E-4,0.01,0.00,0.01,0.00
66.00,-0.255476,-12.00,66.00,-0.239632,-12.00,-6.000000E-4,-1.584400E-2,0.000000E+0,0.02,0.00,0.02,0
63.00,-0.386647,-12.00,63.00,-0.361071,-12.00,-5.000000E-4,-2.557600E-2,0.000000E+0,0.03,0.00,0.03,0
60.00,-0.533957,-12.00,60.00,-0.497671,-12.00,-2.000000E-4,-3.628600E-2,0.000000E+0,0.04,0.00,0.04,0
57.01,-0.698736,-12.00,57.01,-0.651304,-12.00,-1.000000E-4,-4.743200E-2,-2.000000E-4,0.05,0.00,0.05,0.00
54.01,-0.883046,-12.00,54.01,-0.824562,-12.00,4.000000E-4,-5.848400E-2,-3.000000E-4,0.06,0.00,0.06,0.00
51.02,-1.09,-12.00,51.02,-1.02,-12.00,7.000000E-4,-6.901000E-2,-4.000000E-4,0.07,0.00,0.07,0.00
48.03,-1.32,-12.01,48.03,-1.24,-12.00,1.200000E-3,-7.869000E-2,-6.000000E-4,0.08,0.00,0.08,0.00
45.04,-1.59,-12.01,45.04,-1.50,-12.01,1.800000E-3,-8.729000E-2,-8.000000E-4,0.09,0.00,0.09,0.00
42.06,-1.89,-12.01,42.05,-1.79,-12.01,2.300000E-3,-9.465000E-2,-1.100000E-3,0.09,0.00,0.09,0.00
39.08,-2.24,-12.01,39.07,-2.14,-12.01,2.900000E-3,-1.009300E-1,-1.300000E-3,0.10,0.00,0.10,0.00
36.11,-2.66,-12.02,36.10,-2.55,-12.02,3.500000E-3,-1.062200E-1,-1.700000E-3,0.11,0.00,0.11,0.00
33.15,-3.18,-12.03,33.15,-3.07,-12.02,4.200000E-3,-1.109600E-1,-2.000000E-3,0.11,0.00,0.11,0.00
30.22,-3.84,-12.03,30.22,-3.73,-12.03,5.200000E-3,-1.151400E-1,-2.300000E-3,0.12,0.01,0.12,0.00
27.34,-4.74,-12.03,27.34,-4.62,-12.03,6.700000E-3,-1.199700E-1,-2.400000E-3,0.12,0.01,0.12,0.00
24.53,-6.13,-11.99,24.52,-6.00,-11.99,8.600000E-3,-1.238900E-1,-3.000000E-3,0.12,0.01,0.12,0.00
21.68,-7.90,-11.96,21.67,-7.77,-11.95,1.090000E-2,-1.275600E-1,-2.900000E-3,0.13,0.01,0.13,0.00
18.47,-8.95,-11.80,18.45,-8.81,-11.80,1.370000E-2,-1.379300E-1,-4.900000E-3,0.14,0.01,0.14,0.00
15.19,-8.80,-11.79,15.18,-8.65,-11.79,1.300000E-2,-1.553900E-1,-3.800000E-3,0.16,0.01,0.16,0.00
12.14,-8.52,-11.84,12.13,-8.35,-11.83,1.150000E-2,-1.728700E-1,-3.600000E-3,0.17,0.01,0.17,0.00
9.12,-8.48,-11.87,9.11,-8.28,-11.87,1.059000E-2,-1.918000E-1,-4.000000E-3,0.19,0.01,0.19,0.00
6.12,-8.47,-11.90,6.11,-8.25,-11.90,1.014000E-2,-2.136600E-1,-4.200000E-3,0.21,0.01,0.21,0.00
3.12,-8.47,-11.94,3.11,-8.24,-11.93,9.820000E-3,-2.375000E-1,-4.600000E-3,0.24,0.01,0.24,0.00
0.119932,-8.49,-11.97,0.110698,-8.23,-11.97,9.234000E-3,-2.637500E-1,-4.900000E-3,0.26,0.01,0.26,0.00
-2.88,-8.51,-12.01,-2.89,-8.22,-12.00,9.060000E-3,-2.916900E-1,-5.400000E-3,0.29,0.01,0.29,0.01
-5.88,-8.54,-12.04,-5.89,-8.22,-12.03,8.330000E-3,-3.211600E-1,-5.700000E-3,0.32,0.01,0.32,0.01
-8.88,-8.57,-12.07,-8.89,-8.22,-12.07,8.240000E-3,-3.517600E-1,-6.600000E-3,0.35,0.01,0.35,0.01
-11.88,-8.61,-12.11,-11.89,-8.23,-12.10,7.600000E-3,-3.822300E-1,-7.200000E-3,0.38,0.01,0.38,0.01
-14.89,-8.66,-12.15,-14.90,-8.25,-12.15,7.800000E-3,-4.119300E-1,-9.000000E-3,0.41,0.01,0.41,0.01
-17.91,-8.91,-12.23,-17.92,-8.47,-12.22,1.010000E-2,-4.379700E-1,-1.230000E-2,0.44,0.01,0.44,0.01
-21.07,-9.13,-12.41,-21.08,-8.67,-12.39,1.190000E-2,-4.601600E-1,-1.770000E-2,0.46,0.01,0.46,0.02
-24.38,-8.26,-12.49,-24.38,-7.76,-12.48,5.100000E-3,-4.919000E-1,-1.430000E-2,0.49,0.01,0.49,0.01
-27.39,-6.52,-12.29,-27.37,-5.98,-12.28,-1.710000E-2,-5.342400E-1,-1.190000E-2,0.53,0.02,0.53,0.01
-30.32,-5.14,-12.15,-30.28,-4.57,-12.14,-3.380000E-2,-5.738200E-1,-8.400000E-3,0.57,0.03,0.57,0.01
-33.24,-4.28,-12.08,-33.20,-3.68,-12.07,-3.980000E-2,-5.930800E-1,-8.000000E-3,0.59,0.04,0.59,0.01
-36.18,-3.64,-12.04,-36.14,-3.05,-12.04,-3.990000E-2,-5.938800E-1,-6.700000E-3,0.60,0.04,0.59,0.01
-39.14,-3.12,-12.03,-39.10,-2.55,-12.02,-3.790000E-2,-5.782500E-1,-5.900000E-3,0.58,0.04,0.58,0.01
-42.11,-2.68,-12.02,-42.08,-2.13,-12.01,-3.410000E-2,-5.486600E-1,-4.700000E-3,0.55,0.03,0.55,0.00
-45.08,-2.29,-12.01,-45.05,-1.78,-12.01,-2.970000E-2,-5.073600E-1,-3.700000E-3,0.51,0.03,0.51,0.00
-48.06,-1.94,-12.01,-48.04,-1.48,-12.01,-2.490000E-2,-4.568100E-1,-2.700000E-3,0.46,0.02,0.46,0.00
-51.05,-1.62,-12.01,-51.03,-1.22,-12.00,-2.010000E-2,-3.991600E-1,-2.000000E-3,0.40,0.02,0.40,0.00
-54.03,-1.33,-12.00,-54.02,-0.989628,-12.00,-1.530000E-2,-3.366420E-1,-1.200000E-3,0.34,0.02,0.34,0.00
-57.02,-1.06,-12.00,-57.01,-0.785730,-12.00,-1.100000E-2,-2.716600E-1,-7.000000E-4,0.27,0.01,0.27,0.00
-60.01,-0.810931,-12.00,-60.00,-0.604206,-12.00,-7.100000E-3,-2.067250E-1,-2.000000E-4,0.21,0.01,0.21,0.00
-63.00,-0.586709,-12.00,-63.00,-0.441956,-12.00,-4.000000E-3,-1.447530E-1,0.000000E+0,0.14,0.00,0.14,0
-66.00,-0.385386,-12.00,-66.00,-0.296393,-12.00,-1.600000E-3,-8.899300E-2,2.000000E-4,0.09,0.00,0.09,0.00
-68.99,-0.208639,-12.00,-68.99,-0.165465,-12.00,-1.000000E-4,-4.317400E-2,2.000000E-4,0.04,0.00,0.04,0.00
-71.99,-0.063677,-12.00,-71.99,-0.052027,-12.00,5.000000E-4,-1.165000E-2,1.000000E-4,0.01,0.00,0.01,0.00
-75,0.000000,-12,-75,0.000000,-12,0.000000E+0,0.000000E+0,0.000000E+0,0,0,0,0
75,0.000000,-15,75,0.000000,-15,0.000000E+0,0.000000E+0,0.000000E+0,0,0,0,0
71.99,-0.040400,-15.00,71.99,-0.038310,-15.00,-4.000000E-4,-2.089200E-3,1.000000E-4,0.00,0.00,0.00,0.00
68.99,-0.132965,-15,69.00,-0.125308,-15,-5.000000E-4,-7.657000E-3,0.000000E+0,0.01,0.00,0.01,0
66.00,-0.244674,-15.00,66.00,-0.229051,-15.00,-5.000000E-4,-1.562300E-2,1.000000E-4,0.02,0.00,0.02,0.00
63.00,-0.371344,-15.00,63.00,-0.346159,-15.00,-5.000000E-4,-2.518500E-2,-1.000000E-4,0.03,0.00,0.03,0.00
60.00,-0.513988,-15.00,60.00,-0.478287,-15.00,-4.000000E-4,-3.570100E-2,0.000000E+0,0.04,0.00,0.04,0
57.00,-0.673809,-15.00,57.00,-0.627205,-15.00,-1.000000E-4,-4.660400E-2,-2.000000E-4,0.05,0.00,0.05,0.00
54.01,-0.852183,-15.00,54.01,-0.794742,-15.00,2.000000E-4,-5.744100E-2,-4.000000E-4,0.06,0.00,0.06,0.00
51.02,-1.05,-15.00,51.02,-0.983988,-15.00,6.000000E-4,-6.777200E-2,-5.000000E-4,0.07,0.00,0.07,0.00
48.02,-1.28,-15.01,48.02,-1.20,-15.01,1.000000E-3,-7.730000E-2,-8.000000E-4,0.08,0.00,0.08,0.00
45.04,-1.53,-15.01,45.03,-1.44,-15.01,1.400000E-3,-8.581000E-2,-1.000000E-3,0.09,0.00,0.09,0.00
42.05,-1.82,-15.01,42.05,-1.72,-15.01,1.900000E-3,-9.321000E-2,-1.300000E-3,0.09,0.00,0.09,0.00
39.07,-2.15,-15.02,39.07,-2.05,-15.02,2.400000E-3,-9.954000E-2,-1.600000E-3,0.10,0.00,0.10,0.00
36.10,-2.54,-15.02,36.09,-2.44,-15.02,3.000000E-3,-1.051000E-1,-1.900000E-3,0.11,0.00,0.11,0.00
33.13,-3.02,-15.03,33.13,-2.91,-15.03,3.600000E-3,-1.099600E-1,-2.300000E-3,0.11,0.00,0.11,0.00
30.19,-3.61,-15.05,30.19,-3.50,-15.04,4.500000E-3,-1.146400E-1,-2.600000E-3,0.11,0.00,0.11,0.00
27.29,-4.40,-15.06,27.28,-4.28,-15.06,5.700000E-3,-1.194500E-1,-2.600000E-3,0.12,0.01,0.12,0.00
24.45,-5.49,-15.07,24.44,-5.37,-15.07,7.800000E-3,-1.251500E-1,-3.100000E-3,0.13,0.01,0.13,0.00
21.63,-7.05,-15.06,21.62,-6.92,-15.06,9.600000E-3,-1.287300E-1,-2.700000E-3,0.13,0.01,0.13,0.00
18.67,-8.57,-15.00,18.65,-8.44,-15.00,1.270000E-2,-1.350500E-1,-2.900000E-3,0.14,0.01,0.14,0.00
15.36,-9.01,-14.83,15.34,-8.86,-14.82,1.490000E-2,-1.516600E-1,-4.500000E-3,0.15,0.01,0.15,0.00
12.20,-8.70,-14.84,12.19,-8.53,-14.84,1.330000E-2,-1.695500E-1,-3.000000E-3,0.17,0.01,0.17,0.00
9.17,-8.51,-14.87,9.16,-8.32,-14.87,1.219000E-2,-1.872200E-1,-3.600000E-3,0.19,0.01,0.19,0.00
6.16,-8.47,-14.90,6.14,-8.26,-14.90,1.150000E-2,-2.072800E-1,-3.800000E-3,0.21,0.01,0.21,0.00
3.16,-8.46,-14.94,3.15,-8.23,-14.94,1.099000E-2,-2.296900E-1,-4.200000E-3,0.23,0.01,0.23,0.00
0.153893,-8.46,-14.97,0.143088,-8.21,-14.97,1.080500E-2,-2.539600E-1,-4.600000E-3,0.25,0.01,0.25,0.00
-2.85,-8.47,-15.01,-2.86,-8.19,-15.00,1.039000E-2,-2.798500E-1,-5.000000E-3,0.28,0.01,0.28,0.01
-5.85,-8.50,-15.04,-5.86,-8.19,-15.04,1.062000E-2,-3.068500E-1,-5.700000E-3,0.31,0.01,0.31,0.01
-8.85,-8.54,-15.08,-8.86,-8.20,-15.07,1.028000E-2,-3.343300E-1,-6.300000E-3,0.33,0.01,0.33,0.01
-11.85,-8.59,-15.12,-11.86,-8.23,-15.11,1.100000E-2,-3.617500E-1,-8.000000E-3,0.36,0.01,0.36,0.01
-14.85,-8.75,-15.18,-14.87,-8.37,-15.17,1.270000E-2,-3.871200E-1,-1.020000E-2,0.39,0.01,0.39,0.01
-17.90,-9.07,-15.32,-17.92,-8.66,-15.31,1.520000E-2,-4.088000E-1,-1.570000E-2,0.41,0.02,0.41,0.02
-21.19,-8.79,-15.55,-21.20,-8.36,-15.53,1.410000E-2,-4.328100E-1,-1.560000E-2,0.43,0.01,0.43,0.02
-24.35,-7.40,-15.46,-24.35,-6.93,-15.45,9.000000E-4,-4.691800E-1,-1.310000E-2,0.47,0.00,0.47,0.01
-27.32,-5.83,-15.27,-27.30,-5.31,-15.26,-1.870000E-2,-5.109600E-1,-1.020000E-2,0.51,0.02,0.51,0.01
-30.26,-4.75,-15.15,-30.23,-4.21,-15.14,-3.050000E-2,-5.445300E-1,-8.500000E-3,0.55,0.03,0.54,0.01
-33.20,-4.02,-15.08,-33.17,-3.45,-15.07,-3.490000E-2,-5.644400E-1,-7.300000E-3,0.57,0.03,0.56,0.01
-36.16,-3.45,-15.05,-36.12,-2.88,-15.04,-3.580000E-2,-5.668700E-1,-7.000000E-3,0.57,0.04,0.57,0.01
-39.13,-2.98,-15.03,-39.09,-2.42,-15.03,-3.390000E-2,-5.533300E-1,-5.900000E-3,0.55,0.03,0.55,0.01
-42.10,-2.57,-15.02,-42.07,-2.04,-15.02,-3.100000E-2,-5.259500E-1,-4.900000E-3,0.53,0.03,0.53,0.00
-45.08,-2.20,-15.01,-45.05,-1.71,-15.01,-2.700000E-2,-4.871400E-1,-3.900000E-3,0.49,0.03,0.49,0.00
-48.06,-1.86,-15.01,-48.03,-1.43,-15.01,-2.270000E-2,-4.391800E-1,-2.900000E-3,0.44,0.02,0.44,0.00
-51.04,-1.56,-15.01,-51.02,-1.17,-15.00,-1.830000E-2,-3.841000E-1,-2.000000E-3,0.38,0.02,0.38,0.00
-54.03,-1.28,-15.00,-54.02,-0.952472,-15.00,-1.410000E-2,-3.241980E-1,-1.200000E-3,0.32,0.01,0.32,0.00
-57.02,-1.02,-15.00,-57.01,-0.755802,-15.00,-1.010000E-2,-2.617180E-1,-7.000000E-4,0.26,0.01,0.26,0.00
-60.01,-0.779729,-15.00,-60.00,-0.580512,-15.00,-6.600000E-3,-1.992170E-1,-2.000000E-4,0.20,0.01,0.20,0.00
-63.00,-0.563057,-15.00,-63.00,-0.423553,-15.00,-3.600000E-3,-1.395040E-1,2.000000E-4,0.14,0.00,0.14,0.00
-66.00,-0.368739,-15.00,-66.00,-0.282987,-15,-1.400000E-3,-8.575200E-2,3.000000E-4,0.09,0.00,0.09,0.00
-68.99,-0.198480,-15.00,-68.99,-0.156895,-15.00,0.000000E+0,-4.158500E-2,3.000000E-4,0.04,0,0.04,0.00
-71.99,-0.060223,-15.00,-71.99,-0.049015,-15.00,5.000000E-4,-1.120780E-2,2.000000E-4,0.01,0.00,0.01,0.00
-75,0.000000,-15,-75,0.000000,-15,0.000000E+0,0.000000E+0,0.000000E+0,0,0,0,0
75,0.000000,-18,75,0.000000,-18,0.000000E+0,0.000000E+0,0.000000E+0,0,0,0,0
72.00,-0.037668,-18.00,72.00,-0.035614,-18.00,-3.000000E-4,-2.054300E-3,0.000000E+0,0.00,0.00,0.00,0
69.00,-0.125123,-18,69.00,-0.117571,-18,-5.000000E-4,-7.552000E-3,0.000000E+0,0.01,0.00,0.01,0
66.00,-0.231693,-18.00,66.00,-0.216297,-18.00,-5.000000E-4,-1.539600E-2,0.000000E+0,0.02,0.00,0.02,0
63.00,-0.353152,-18.00,63.00,-0.328351,-18.00,-6.000000E-4,-2.480100E-2,0.000000E+0,0.02,0.00,0.02,0
60.00,-0.490274,-18.00,60.00,-0.455158,-18.00,-4.000000E-4,-3.511600E-2,-1.000000E-4,0.04,0.00,0.04,0.00
57.00,-0.643681,-18.00,57.00,-0.597878,-18.00,-2.000000E-4,-4.580300E-2,-3.000000E-4,0.05,0.00,0.05,0.00
54.01,-0.814885,-18.00,54.01,-0.758477,-18.00,1.000000E-4,-5.640800E-2,-4.000000E-4,0.06,0.00,0.06,0.00
51.01,-1.01,-18.01,51.01,-0.939240,-18.00,3.000000E-4,-6.658000E-2,-6.000000E-4,0.07,0.00,0.07,0.00
48.02,-1.22,-18.01,48.02,-1.14,-18.01,7.000000E-4,-7.598000E-2,-9.000000E-4,0.08,0.00,0.08,0.00
45.03,-1.46,-18.01,45.03,-1.38,-18.01,1.100000E-3,-8.446000E-2,-1.100000E-3,0.08,0.00,0.08,0.00
42.04,-1.73,-18.01,42.04,-1.64,-18.01,1.500000E-3,-9.189000E-2,-1.400000E-3,0.09,0.00,0.09,0.00
39.06,-2.04,-18.02,39.06,-1.94,-18.02,1.900000E-3,-9.844000E-2,-1.800000E-3,0.10,0.00,0.10,0.00
36.08,-2.40,-18.03,36.08,-2.30,-18.03,2.400000E-3,-1.041800E-1,-2.100000E-3,0.10,0.00,0.10,0.00
33.11,-2.83,-18.04,33.11,-2.72,-18.04,2.900000E-3,-1.094700E-1,-2.500000E-3,0.11,0.00,0.11,0.00
30.16,-3.36,-18.05,30.16,-3.24,-18.05,3.700000E-3,-1.145200E-1,-2.800000E-3,0.11,0.00,0.11,0.00
27.23,-4.01,-18.08,27.22,-3.89,-18.08,4.600000E-3,-1.197200E-1,-3.000000E-3,0.12,0.00,0.12,0.00
24.34,-4.86,-18.11,24.33,-4.74,-18.11,6.200000E-3,-1.253100E-1,-2.900000E-3,0.13,0.01,0.13,0.00
21.51,-6.06,-18.14,21.50,-5.93,-18.13,8.600000E-3,-1.317800E-1,-3.400000E-3,0.13,0.01,0.13,0.00
18.66,-7.57,-18.16,18.65,-7.43,-18.16,1.080000E-2,-1.370800E-1,-2.100000E-3,0.14,0.01,0.14,0.00
15.61,-8.75,-18.07,15.59,-8.60,-18.07,1.420000E-2,-1.462100E-1,-3.300000E-3,0.15,0.01,0.15,0.00
12.35,-9.00,-17.90,12.34,-8.83,-17.89,1.610000E-2,-1.646400E-1,-4.000000E-3,0.17,0.02,0.16,0.00
9.25,-8.75,-17.89,9.23,-8.57,-17.88,1.494000E-2,-1.827600E-1,-3.200000E-3,0.18,0.01,0.18,0.00
6.21,-8.56,-17.92,6.20,-8.36,-17.91,1.365000E-2,-2.012700E-1,-3.600000E-3,0.20,0.01,0.20,0.00
3.20,-8.46,-17.94,3.18,-8.24,-17.94,1.298000E-2,-2.213700E-1,-4.100000E-3,0.22,0.01,0.22,0.00
0.192779,-8.46,-17.98,0.180058,-8.22,-17.98,1.272100E-2,-2.430100E-1,-4.500000E-3,0.24,0.01,0.24,0.00
-2.81,-8.48,-18.02,-2.82,-8.21,-18.01,1.282000E-2,-2.669400E-1,-5.100000E-3,0.27,0.01,0.27,0.01
-5.80,-8.48,-18.05,-5.81,-8.19,-18.05,1.252000E-2,-2.919100E-1,-5.700000E-3,0.29,0.01,0.29,0.01
-8.80,-8.54,-18.10,-8.82,-8.22,-18.09,1.371000E-2,-3.168500E-1,-7.000000E-3,0.32,0.01,0.32,0.01
-11.81,-8.74,-18.16,-11.82,-8.40,-18.15,1.540000E-2,-3.409000E-1,-9.200000E-3,0.34,0.02,0.34,0.01
-14.82,-9.03,-18.30,-14.84,-8.67,-18.29,1.770000E-2,-3.624300E-1,-1.350000E-2,0.36,0.02,0.36,0.01
-18.04,-8.91,-18.54,-18.05,-8.52,-18.53,1.770000E-2,-3.835900E-1,-1.470000E-2,0.38,0.02,0.38,0.01
-21.24,-7.85,-18.58,-21.25,-7.44,-18.56,1.070000E-2,-4.133200E-1,-1.270000E-2,0.41,0.01,0.41,0.01
-24.29,-6.38,-18.39,-24.29,-5.93,-18.38,-5.300000E-3,-4.508700E-1,-1.090000E-2,0.45,0.01,0.45,0.01
-27.26,-5.18,-18.23,-27.24,-4.70,-18.22,-1.960000E-2,-4.886000E-1,-9.200000E-3,0.49,0.02,0.49,0.01
-30.21,-4.35,-18.13,-30.18,-3.83,-18.12,-2.700000E-2,-5.175400E-1,-7.700000E-3,0.52,0.03,0.52,0.01
-33.17,-3.73,-18.08,-33.14,-3.20,-18.07,-3.070000E-2,-5.349400E-1,-7.300000E-3,0.54,0.03,0.53,0.01
-36.14,-3.23,-18.05,-36.11,-2.70,-18.04,-3.110000E-2,-5.376400E-1,-6.500000E-3,0.54,0.03,0.54,0.01
-39.11,-2.81,-18.03,-39.08,-2.28,-18.03,-2.990000E-2,-5.255400E-1,-5.900000E-3,0.53,0.03,0.53,0.01
-42.09,-2.43,-18.02,-42.06,-1.93,-18.02,-2.730000E-2,-5.003800E-1,-4.800000E-3,0.50,0.03,0.50,0.00
-45.07,-2.09,-18.02,-45.04,-1.62,-18.01,-2.410000E-2,-4.641400E-1,-3.900000E-3,0.46,0.02,0.46,0.00
-48.05,-1.78,-18.01,-48.03,-1.36,-18.01,-2.030000E-2,-4.189500E-1,-2.800000E-3,0.42,0.02,0.42,0.00
-51.04,-1.49,-18.01,-51.02,-1.12,-18.01,-1.650000E-2,-3.668100E-1,-1.900000E-3,0.37,0.02,0.37,0.00
-54.03,-1.22,-18.00,-54.01,-0.907356,-18.00,-1.260000E-2,-3.098140E-1,-1.200000E-3,0.31,0.01,0.31,0.00
-57.02,-0.969816,-18.00,-57.01,-0.719578,-18.00,-9.000000E-3,-2.502380E-1,-6.000000E-4,0.25,0.01,0.25,0.00
-60.01,-0.742236,-18.00,-60.00,-0.551705,-18.00,-5.800000E-3,-1.905310E-1,-1.000000E-4,0.19,0.01,0.19,0.00
-63.00,-0.535158,-18.00,-63.00,-0.401727,-18.00,-3.200000E-3,-1.334310E-1,3.000000E-4,0.13,0.00,0.13,0.00
-66.00,-0.349062,-18.00,-66.00,-0.267061,-18.00,-1.100000E-3,-8.200100E-2,4.000000E-4,0.08,0.00,0.08,0.00
-68.99,-0.186993,-18.00,-68.99,-0.147244,-18.00,0.000000E+0,-3.974900E-2,4.000000E-4,0.04,0,0.04,0.00
-71.99,-0.056097,-18.00,-71.99,-0.045395,-18.00,5.000000E-4,-1.070180E-2,3.000000E-4,0.01,0.00,0.01,0.00
-75,0.000000,-18,-75,0.000000,-18,0.000000E+0,0.000000E+0,0.000000E+0,0,0,0,0
75,0.000000,-21,75,0.000000,-21,0.000000E+0,0.000000E+0,0.000000E+0,0,0,0,0
72.00,-0.034714,-21.00,72.00,-0.032698,-21.00,-3.000000E-4,-2.015500E-3,0.000000E+0,0.00,0.00,0.00,0
69.00,-0.116067,-21.00,69.00,-0.108635,-21.00,-5.000000E-4,-7.432000E-3,1.000000E-4,0.01,0.00,0.01,0.00
66.00,-0.216640,-21.00,66.00,-0.201484,-21.00,-6.000000E-4,-1.515600E-2,0.000000E+0,0.02,0.00,0.02,0
63.00,-0.332221,-21.00,63.00,-0.307828,-21.00,-6.000000E-4,-2.439300E-2,-1.000000E-4,0.02,0.00,0.02,0.00
60.00,-0.462783,-21.00,60.00,-0.428273,-21.00,-6.000000E-4,-3.451000E-2,-1.000000E-4,0.03,0.00,0.03,0.00
57.00,-0.608913,-21.00,57.00,-0.563937,-21.00,-4.000000E-4,-4.497600E-2,-3.000000E-4,0.04,0.00,0.04,0.00
54.01,-0.771755,-21.00,54.01,-0.716381,-21.00,-1.000000E-4,-5.537400E-2,-5.000000E-4,0.06,0.00,0.06,0.00
51.01,-0.953214,-21.01,51.01,-0.887858,-21.00,2.000000E-4,-6.535600E-2,-7.000000E-4,0.07,0.00,0.07,0.00
48.02,-1.16,-21.01,48.02,-1.08,-21.01,4.000000E-4,-7.467000E-2,-9.000000E-4,0.07,0.00,0.07,0.00
45.03,-1.38,-21.01,45.03,-1.30,-21.01,7.000000E-4,-8.313000E-2,-1.200000E-3,0.08,0.00,0.08,0.00
42.04,-1.63,-21.02,42.04,-1.54,-21.01,1.000000E-3,-9.070000E-2,-1.500000E-3,0.09,0.00,0.09,0.00
39.05,-1.92,-21.02,39.05,-1.82,-21.02,1.400000E-3,-9.744000E-2,-2.000000E-3,0.10,0.00,0.10,0.00
36.07,-2.24,-21.03,36.07,-2.14,-21.03,1.800000E-3,-1.035600E-1,-2.300000E-3,0.10,0.00,0.10,0.00
33.09,-2.63,-21.04,33.09,-2.52,-21.04,2.300000E-3,-1.092800E-1,-2.700000E-3,0.11,0.00,0.11,0.00
30.13,-3.08,-21.06,30.13,-2.97,-21.06,2.800000E-3,-1.148700E-1,-3.000000E-3,0.11,0.00,0.11,0.00
27.18,-3.63,-21.08,27.17,-3.51,-21.08,3.600000E-3,-1.205300E-1,-3.300000E-3,0.12,0.00,0.12,0.00
24.25,-4.29,-21.12,24.24,-4.17,-21.12,4.800000E-3,-1.268100E-1,-3.500000E-3,0.13,0.00,0.13,0.00
21.35,-5.15,-21.16,21.35,-5.02,-21.16,6.600000E-3,-1.337200E-1,-3.300000E-3,0.13,0.01,0.13,0.00
18.50,-6.29,-21.21,18.49,-6.15,-21.21,9.200000E-3,-1.412700E-1,-3.400000E-3,0.14,0.01,0.14,0.00
15.61,-7.61,-21.25,15.60,-7.47,-21.24,1.150000E-2,-1.482000E-1,-2.000000E-3,0.15,0.01,0.15,0.00
12.59,-8.65,-21.20,12.57,-8.49,-21.20,1.470000E-2,-1.593100E-1,-3.200000E-3,0.16,0.01,0.16,0.00
9.42,-9.00,-21.05,9.40,-8.82,-21.05,1.738000E-2,-1.775400E-1,-3.900000E-3,0.18,0.02,0.18,0.00
6.30,-8.87,-20.99,6.29,-8.68,-20.99,1.750000E-2,-1.954000E-1,-4.100000E-3,0.20,0.02,0.20,0.00
3.28,-8.75,-21.00,3.26,-8.53,-21.00,1.682000E-2,-2.133500E-1,-4.600000E-3,0.21,0.02,0.21,0.00
0.267898,-8.74,-21.04,0.250890,-8.51,-21.03,1.700800E-2,-2.337700E-1,-5.400000E-3,0.23,0.02,0.23,0.01
-2.73,-8.77,-21.07,-2.75,-8.52,-21.07,1.734000E-2,-2.552400E-1,-6.200000E-3,0.26,0.02,0.26,0.01
-5.73,-8.80,-21.12,-5.75,-8.52,-21.11,1.787000E-2,-2.775100E-1,-7.400000E-3,0.28,0.02,0.28,0.01
-8.73,-8.85,-21.20,-8.75,-8.55,-21.20,1.777000E-2,-2.999700E-1,-8.800000E-3,0.30,0.02,0.30,0.01
-11.78,-8.96,-21.36,-11.80,-8.64,-21.35,1.920000E-2,-3.203700E-1,-1.150000E-2,0.32,0.02,0.32,0.01
-14.96,-8.78,-21.59,-14.98,-8.44,-21.57,1.960000E-2,-3.412100E-1,-1.230000E-2,0.34,0.02,0.34,0.01
-18.15,-7.87,-21.63,-18.16,-7.51,-21.62,1.440000E-2,-3.681400E-1,-1.130000E-2,0.37,0.01,0.37,0.01
-21.22,-6.59,-21.48,-21.22,-6.19,-21.47,1.900000E-3,-4.006000E-1,-1.010000E-2,0.40,0.00,0.40,0.01
-24.23,-5.46,-21.32,-24.22,-5.02,-21.31,-1.010000E-2,-4.350400E-1,-9.500000E-3,0.44,0.01,0.44,0.01
-27.20,-4.59,-21.19,-27.18,-4.13,-21.18,-1.880000E-2,-4.668300E-1,-7.900000E-3,0.47,0.02,0.47,0.01
-30.17,-3.95,-21.12,-30.15,-3.46,-21.11,-2.430000E-2,-4.922900E-1,-7.400000E-3,0.49,0.02,0.49,0.01
-33.14,-3.44,-21.07,-33.11,-2.93,-21.07,-2.650000E-2,-5.064800E-1,-6.800000E-3,0.51,0.03,0.51,0.01
-36.11,-3.00,-21.05,-36.09,-2.49,-21.04,-2.710000E-2,-5.079800E-1,-6.300000E-3,0.51,0.03,0.51,0.01
-39.09,-2.62,-21.03,-39.07,-2.13,-21.03,-2.590000E-2,-4.965600E-1,-5.400000E-3,0.50,0.03,0.50,0.01
-42.07,-2.28,-21.02,-42.05,-1.81,-21.02,-2.390000E-2,-4.731000E-1,-4.600000E-3,0.47,0.02,0.47,0.00
-45.06,-1.97,-21.02,-45.04,-1.53,-21.01,-2.100000E-2,-4.393100E-1,-3.600000E-3,0.44,0.02,0.44,0.00
-48.04,-1.67,-21.01,-48.03,-1.28,-21.01,-1.790000E-2,-3.969200E-1,-2.700000E-3,0.40,0.02,0.40,0.00
-51.03,-1.40,-21.01,-51.02,-1.05,-21.01,-1.450000E-2,-3.478100E-1,-1.700000E-3,0.35,0.01,0.35,0.00
-54.02,-1.15,-21.00,-54.01,-0.855433,-21.00,-1.110000E-2,-2.939670E-1,-1.000000E-3,0.29,0.01,0.29,0.00
-57.01,-0.915259,-21.00,-57.01,-0.677718,-21.00,-8.000000E-3,-2.375410E-1,-3.000000E-4,0.24,0.01,0.24,0.00
-60.01,-0.699697,-21.00,-60.00,-0.518786,-21.00,-5.100000E-3,-1.809110E-1,1.000000E-4,0.18,0.01,0.18,0.00
-63.00,-0.502992,-21.00,-63.00,-0.376309,-21.00,-2.800000E-3,-1.266830E-1,3.000000E-4,0.13,0.00,0.13,0.00
-66.00,-0.326900,-21.00,-66.00,-0.249065,-21,-1.000000E-3,-7.783500E-2,5.000000E-4,0.08,0.00,0.08,0.00
-68.99,-0.173692,-21.00,-69.00,-0.135992,-21.00,2.000000E-4,-3.770000E-2,5.000000E-4,0.04,0.00,0.04,0.00
-71.99,-0.051933,-21.00,-71.99,-0.041797,-21.00,5.000000E-4,-1.013530E-2,3.000000E-4,0.01,0.00,0.01,0.00
-75,0.000000,-21,-75,0.000000,-21,0.000000E+0,0.000000E+0,0.000000E+0,0,0,0,0
75,0.000000,-24,75,0.000000,-24,0.000000E+0,0.000000E+0,0.000000E+0,0,0,0,0
72.00,-0.031798,-24.00,72.00,-0.029833,-24.00,-3.000000E-4,-1.965500E-3,0.000000E+0,0.00,0.00,0.00,0
69.00,-0.106339,-24.00,69.00,-0.099048,-24.00,-5.000000E-4,-7.290900E-3,0.000000E+0,0.01,0.00,0.01,0
66.00,-0.200218,-24.00,66.00,-0.185344,-24.00,-6.000000E-4,-1.487400E-2,0.000000E+0,0.01,0.00,0.01,0
63.00,-0.309212,-24.00,63.00,-0.285281,-24.00,-7.000000E-4,-2.393100E-2,-1.000000E-4,0.02,0.00,0.02,0.00
60.00,-0.432320,-24.00,60.00,-0.398489,-24.00,-6.000000E-4,-3.383100E-2,-1.000000E-4,0.03,0.00,0.03,0.00
57.00,-0.570518,-24.00,57.00,-0.526441,-24.00,-5.000000E-4,-4.407700E-2,-3.000000E-4,0.04,0.00,0.04,0.00
54.01,-0.724261,-24.00,54.01,-0.670001,-24.00,-3.000000E-4,-5.426000E-2,-5.000000E-4,0.05,0.00,0.05,0.00
51.01,-0.894740,-24.01,51.01,-0.830666,-24.00,-2.000000E-4,-6.407400E-2,-7.000000E-4,0.06,0.00,0.06,0.00
48.02,-1.08,-24.01,48.02,-1.01,-24.01,2.000000E-4,-7.329000E-2,-1.000000E-3,0.07,0.00,0.07,0.00
45.02,-1.29,-24.01,45.02,-1.21,-24.01,4.000000E-4,-8.179000E-2,-1.300000E-3,0.08,0.00,0.08,0.00
42.03,-1.53,-24.02,42.03,-1.44,-24.01,6.000000E-4,-8.951000E-2,-1.700000E-3,0.09,0.00,0.09,0.00
39.04,-1.79,-24.02,39.04,-1.69,-24.02,9.000000E-4,-9.652000E-2,-1.900000E-3,0.10,0.00,0.10,0.00
36.06,-2.08,-24.03,36.06,-1.98,-24.03,1.200000E-3,-1.030300E-1,-2.400000E-3,0.10,0.00,0.10,0.00
33.08,-2.42,-24.04,33.07,-2.31,-24.04,1.500000E-3,-1.092500E-1,-2.800000E-3,0.11,0.00,0.11,0.00
30.10,-2.80,-24.06,30.10,-2.69,-24.05,2.000000E-3,-1.154500E-1,-3.200000E-3,0.12,0.00,0.12,0.00
27.13,-3.25,-24.08,27.13,-3.13,-24.08,2.600000E-3,-1.218800E-1,-3.700000E-3,0.12,0.00,0.12,0.00
24.17,-3.78,-24.11,24.17,-3.65,-24.11,3.400000E-3,-1.286800E-1,-3.900000E-3,0.13,0.00,0.13,0.00
21.24,-4.40,-24.16,21.23,-4.26,-24.15,4.800000E-3,-1.363300E-1,-4.200000E-3,0.14,0.00,0.14,0.00
18.32,-5.18,-24.22,18.32,-5.03,-24.21,6.700000E-3,-1.448400E-1,-4.100000E-3,0.15,0.01,0.14,0.00
15.41,-6.12,-24.28,15.41,-5.96,-24.28,9.200000E-3,-1.538800E-1,-4.000000E-3,0.15,0.01,0.15,0.00
12.50,-7.20,-24.34,12.49,-7.03,-24.34,1.140000E-2,-1.629700E-1,-2.700000E-3,0.16,0.01,0.16,0.00
9.53,-8.13,-24.37,9.52,-7.96,-24.37,1.412000E-2,-1.753300E-1,-3.400000E-3,0.18,0.01,0.18,0.00
6.48,-8.67,-24.32,6.47,-8.48,-24.31,1.676000E-2,-1.906200E-1,-3.800000E-3,0.19,0.02,0.19,0.00
3.42,-8.88,-24.27,3.40,-8.67,-24.26,1.860000E-2,-2.082500E-1,-4.900000E-3,0.21,0.02,0.21,0.00
0.370165,-8.93,-24.28,0.350874,-8.70,-24.27,1.929100E-2,-2.275100E-1,-5.800000E-3,0.23,0.02,0.23,0.01
-2.65,-8.94,-24.33,-2.67,-8.70,-24.33,1.980000E-2,-2.459200E-1,-7.000000E-3,0.25,0.02,0.25,0.01
-5.70,-8.92,-24.44,-5.72,-8.65,-24.43,2.004000E-2,-2.649800E-1,-7.900000E-3,0.27,0.02,0.26,0.01
-8.78,-8.74,-24.56,-8.81,-8.46,-24.55,2.054000E-2,-2.854000E-1,-9.100000E-3,0.29,0.02,0.29,0.01
-11.93,-8.28,-24.65,-11.95,-7.97,-24.64,1.860000E-2,-3.078100E-1,-9.600000E-3,0.31,0.02,0.31,0.01
-15.06,-7.45,-24.63,-15.08,-7.12,-24.62,1.350000E-2,-3.323400E-1,-9.600000E-3,0.33,0.01,0.33,0.01
-18.14,-6.42,-24.51,-18.14,-6.06,-24.51,4.000000E-3,-3.607300E-1,-9.300000E-3,0.36,0.00,0.36,0.01
-21.18,-5.46,-24.36,-21.18,-5.07,-24.36,-4.700000E-3,-3.906000E-1,-9.100000E-3,0.39,0.00,0.39,0.01
-24.17,-4.68,-24.24,-24.16,-4.26,-24.23,-1.250000E-2,-4.206300E-1,-8.100000E-3,0.42,0.01,0.42,0.01
-27.15,-4.07,-24.15,-27.13,-3.62,-24.15,-1.820000E-2,-4.474400E-1,-7.500000E-3,0.45,0.02,0.45,0.01
-30.13,-3.57,-24.10,-30.11,-3.10,-24.10,-2.150000E-2,-4.680000E-1,-6.800000E-3,0.47,0.02,0.47,0.01
-33.11,-3.14,-24.07,-33.09,-2.66,-24.06,-2.310000E-2,-4.790100E-1,-6.400000E-3,0.48,0.02,0.48,0.01
-36.09,-2.76,-24.05,-36.07,-2.28,-24.04,-2.320000E-2,-4.788500E-1,-5.700000E-3,0.48,0.02,0.48,0.01
-39.08,-2.43,-24.03,-39.06,-1.96,-24.03,-2.230000E-2,-4.673400E-1,-5.000000E-3,0.47,0.02,0.47,0.00
-42.06,-2.12,-24.02,-42.04,-1.68,-24.02,-2.050000E-2,-4.451500E-1,-4.200000E-3,0.45,0.02,0.45,0.00
-45.05,-1.83,-24.02,-45.03,-1.42,-24.01,-1.820000E-2,-4.134600E-1,-3.300000E-3,0.41,0.02,0.41,0.00
-48.04,-1.56,-24.01,-48.02,-1.19,-24.01,-1.540000E-2,-3.737500E-1,-2.400000E-3,0.37,0.02,0.37,0.00
-51.03,-1.31,-24.01,-51.02,-0.983529,-24.01,-1.250000E-2,-3.276710E-1,-1.500000E-3,0.33,0.01,0.33,0.00
-54.02,-1.08,-24.00,-54.01,-0.798053,-24.00,-9.600000E-3,-2.770670E-1,-8.000000E-4,0.28,0.01,0.28,0.00
-57.01,-0.855386,-24.00,-57.01,-0.631431,-24.00,-6.800000E-3,-2.239550E-1,-2.000000E-4,0.22,0.01,0.22,0.00
-60.01,-0.652906,-24.00,-60.00,-0.482337,-24.00,-4.400000E-3,-1.705690E-1,2.000000E-4,0.17,0.00,0.17,0.00
-63.00,-0.467707,-24,-63.00,-0.348278,-24.00,-2.200000E-3,-1.194290E-1,5.000000E-4,0.12,0.00,0.12,0.00
-66.00,-0.302253,-24.00,-66.00,-0.228912,-24.00,-7.000000E-4,-7.334100E-2,6.000000E-4,0.07,0.00,0.07,0.00
-69.00,-0.159592,-24.00,-69.00,-0.124101,-24.00,2.000000E-4,-3.549100E-2,5.000000E-4,0.04,0.00,0.04,0.00
-71.99,-0.047238,-24.00,-72.00,-0.037716,-24.00,5.000000E-4,-9.521900E-3,3.000000E-4,0.01,0.00,0.01,0.00
-75,0.000000,-24,-75,0.000000,-24,0.000000E+0,0.000000E+0,0.000000E+0,0,0,0,0
75,0.000000,-27,75,0.000000,-27,0.000000E+0,0.000000E+0,0.000000E+0,0,0,0,0
72.00,-0.028242,-27.00,72.00,-0.026332,-27.00,-3.000000E-4,-1.910200E-3,1.000000E-4,0.00,0.00,0.00,0.00
69.00,-0.096041,-27.00,69.00,-0.088927,-27.00,-5.000000E-4,-7.114100E-3,1.000000E-4,0.01,0.00,0.01,0.00
66.00,-0.182809,-27.00,66.00,-0.168282,-27.00,-7.000000E-4,-1.452700E-2,1.000000E-4,0.01,0.00,0.01,0.00
63.00,-0.284451,-27.00,63.00,-0.261078,-27.00,-6.000000E-4,-2.337300E-2,0.000000E+0,0.02,0.00,0.02,0
60.00,-0.399500,-27.00,60,-0.366467,-27.00,-7.000000E-4,-3.303300E-2,-1.000000E-4,0.03,0.00,0.03,0.00
57.00,-0.528909,-27.00,57.00,-0.485876,-27.00,-6.000000E-4,-4.303300E-2,-3.000000E-4,0.04,0.00,0.04,0.00
54.00,-0.672689,-27.00,54.00,-0.619695,-27.00,-5.000000E-4,-5.299400E-2,-5.000000E-4,0.05,0.00,0.05,0.00
51.01,-0.831890,-27.00,51.01,-0.769253,-27.00,-2.000000E-4,-6.263700E-2,-7.000000E-4,0.06,0.00,0.06,0.00
48.01,-1.01,-27.01,48.01,-0.936075,-27.01,-1.000000E-4,-7.176500E-2,-1.000000E-3,0.07,0.00,0.07,0.00
45.02,-1.20,-27.01,45.02,-1.12,-27.01,1.000000E-4,-8.029000E-2,-1.300000E-3,0.08,0.00,0.08,0.00
42.03,-1.42,-27.02,42.02,-1.33,-27.01,2.000000E-4,-8.818000E-2,-1.600000E-3,0.09,0.00,0.09,0.00
39.03,-1.65,-27.02,39.03,-1.56,-27.02,5.000000E-4,-9.551000E-2,-2.100000E-3,0.10,0.00,0.10,0.00
36.05,-1.91,-27.03,36.04,-1.81,-27.03,6.000000E-4,-1.024300E-1,-2.400000E-3,0.10,0.00,0.10,0.00
33.06,-2.20,-27.04,33.06,-2.09,-27.04,9.000000E-4,-1.092400E-1,-3.000000E-3,0.11,0.00,0.11,0.00
30.08,-2.53,-27.05,30.07,-2.42,-27.05,1.200000E-3,-1.160700E-1,-3.300000E-3,0.12,0.00,0.12,0.00
27.10,-2.90,-27.07,27.09,-2.78,-27.07,1.700000E-3,-1.232200E-1,-3.900000E-3,0.12,0.00,0.12,0.00
24.12,-3.32,-27.10,24.12,-3.19,-27.10,2.300000E-3,-1.308500E-1,-4.300000E-3,0.13,0.00,0.13,0.00
21.15,-3.79,-27.14,21.15,-3.65,-27.13,3.100000E-3,-1.391300E-1,-4.800000E-3,0.14,0.00,0.14,0.00
18.19,-4.31,-27.18,18.19,-4.16,-27.18,4.300000E-3,-1.482400E-1,-5.100000E-3,0.15,0.00,0.15,0.01
15.24,-4.91,-27.24,15.24,-4.75,-27.24,5.900000E-3,-1.589200E-1,-5.500000E-3,0.16,0.01,0.16,0.01
12.29,-5.59,-27.31,12.28,-5.42,-27.31,8.000000E-3,-1.697000E-1,-5.600000E-3,0.17,0.01,0.17,0.01
9.31,-6.32,-27.38,9.30,-6.14,-27.38,1.003000E-2,-1.801700E-1,-4.700000E-3,0.18,0.01,0.18,0.00
6.34,-7.00,-27.47,6.33,-6.80,-27.47,1.220000E-2,-1.943300E-1,-5.000000E-3,0.19,0.01,0.19,0.00
3.33,-7.45,-27.53,3.32,-7.24,-27.53,1.381000E-2,-2.099000E-1,-5.100000E-3,0.21,0.01,0.21,0.01
0.302696,-7.65,-27.55,0.287701,-7.43,-27.55,1.499500E-2,-2.259300E-1,-5.600000E-3,0.23,0.01,0.23,0.01
-2.75,-7.70,-27.58,-2.77,-7.45,-27.57,1.567000E-2,-2.435900E-1,-6.100000E-3,0.24,0.02,0.24,0.01
-5.82,-7.56,-27.60,-5.84,-7.30,-27.59,1.562000E-2,-2.621600E-1,-7.200000E-3,0.26,0.02,0.26,0.01
-8.90,-7.19,-27.61,-8.92,-6.91,-27.60,1.321000E-2,-2.826500E-1,-7.900000E-3,0.28,0.01,0.28,0.01
-11.99,-6.61,-27.57,-12.00,-6.31,-27.56,9.000000E-3,-3.051500E-1,-8.900000E-3,0.31,0.01,0.31,0.01
-15.07,-5.87,-27.47,-15.08,-5.54,-27.46,2.700000E-3,-3.302600E-1,-9.300000E-3,0.33,0.00,0.33,0.01
-18.12,-5.17,-27.36,-18.12,-4.82,-27.35,-2.900000E-3,-3.555400E-1,-9.000000E-3,0.36,0.00,0.36,0.01
-21.14,-4.58,-27.25,-21.13,-4.20,-27.24,-8.700000E-3,-3.818200E-1,-8.300000E-3,0.38,0.01,0.38,0.01
-24.13,-4.05,-27.18,-24.11,-3.64,-27.17,-1.350000E-2,-4.070500E-1,-7.600000E-3,0.41,0.01,0.41,0.01
-27.12,-3.60,-27.12,-27.10,-3.17,-27.12,-1.690000E-2,-4.292100E-1,-7.000000E-3,0.43,0.02,0.43,0.01
-30.10,-3.20,-27.09,-30.08,-2.76,-27.08,-1.910000E-2,-4.449800E-1,-6.600000E-3,0.45,0.02,0.44,0.01
-33.09,-2.85,-27.06,-33.07,-2.39,-27.05,-2.000000E-2,-4.524200E-1,-5.800000E-3,0.45,0.02,0.45,0.01
-36.08,-2.52,-27.04,-36.06,-2.07,-27.04,-2.000000E-2,-4.503400E-1,-5.300000E-3,0.45,0.02,0.45,0.01
-39.06,-2.23,-27.03,-39.04,-1.79,-27.02,-1.900000E-2,-4.384000E-1,-4.600000E-3,0.44,0.02,0.44,0.00
-42.05,-1.95,-27.02,-42.03,-1.54,-27.02,-1.750000E-2,-4.170600E-1,-3.800000E-3,0.42,0.02,0.42,0.00
-45.04,-1.69,-27.01,-45.03,-1.31,-27.01,-1.540000E-2,-3.871700E-1,-2.900000E-3,0.39,0.02,0.39,0.00
-48.03,-1.45,-27.01,-48.02,-1.10,-27.01,-1.310000E-2,-3.499400E-1,-2.000000E-3,0.35,0.01,0.35,0.00
-51.02,-1.21,-27.01,-51.01,-0.907829,-27.01,-1.070000E-2,-3.068310E-1,-1.300000E-3,0.31,0.01,0.31,0.00
-54.02,-0.995877,-27.00,-54.01,-0.736404,-27.00,-8.100000E-3,-2.594730E-1,-6.000000E-4,0.26,0.01,0.26,0.00
-57.01,-0.791542,-27.00,-57.00,-0.581801,-27.00,-5.800000E-3,-2.097410E-1,0.000000E+0,0.21,0.01,0.21,0
-60.00,-0.602709,-27.00,-60.00,-0.442980,-27.00,-3.600000E-3,-1.597290E-1,4.000000E-4,0.16,0.00,0.16,0.00
-63.00,-0.430220,-27.00,-63.00,-0.318419,-27.00,-1.800000E-3,-1.118010E-1,6.000000E-4,0.11,0.00,0.11,0.00
-66.00,-0.276416,-27.00,-66.00,-0.207799,-27.00,-5.000000E-4,-6.861700E-2,7.000000E-4,0.07,0.00,0.07,0.00
-69.00,-0.144507,-27.00,-69.00,-0.111344,-27.00,3.000000E-4,-3.316300E-2,6.000000E-4,0.03,0.00,0.03,0.00
-72.00,-0.042218,-27.00,-72.00,-0.033342,-27.00,4.000000E-4,-8.875200E-3,3.000000E-4,0.01,0.00,0.01,0.00
-75,0.000000,-27,-75,0.000000,-27,0.000000E+0,0.000000E+0,0.000000E+0,0,0,0,0
75,0.000000,-30,75,0.000000,-30,0.000000E+0,0.000000E+0,0.000000E+0,0,0,0,0
72.00,-0.024988,-30.00,72.00,-0.023143,-30.00,-3.000000E-4,-1.845900E-3,0.000000E+0,0.00,0.00,0.00,0
69.00,-0.085341,-30.00,69.00,-0.078451,-30.00,-5.000000E-4,-6.890300E-3,1.000000E-4,0.01,0.00,0.01,0.00
66.00,-0.164572,-30.00,66.00,-0.150484,-30,-6.000000E-4,-1.408800E-2,1.000000E-4,0.01,0.00,0.01,0.00
63.00,-0.258168,-30.00,63.00,-0.235493,-30.00,-8.000000E-4,-2.267500E-2,-1.000000E-4,0.02,0.00,0.02,0.00
60.00,-0.364922,-30.00,60.00,-0.332865,-30.00,-8.000000E-4,-3.205700E-2,-2.000000E-4,0.03,0.00,0.03,0.00
57.00,-0.485140,-30.00,57.00,-0.443365,-30.00,-7.000000E-4,-4.177500E-2,-2.000000E-4,0.04,0.00,0.04,0.00
54.00,-0.618483,-30.00,54.00,-0.566993,-30.00,-6.000000E-4,-5.149000E-2,-5.000000E-4,0.05,0.00,0.05,0.00
51.01,-0.765715,-30.00,51.01,-0.704776,-30.00,-6.000000E-4,-6.093900E-2,-6.000000E-4,0.06,0.00,0.06,0.00
48.01,-0.927507,-30.01,48.01,-0.857532,-30.01,-3.000000E-4,-6.997500E-2,-1.000000E-3,0.07,0.00,0.07,0.00
45.01,-1.11,-30.01,45.01,-1.03,-30.01,-3.000000E-4,-7.851000E-2,-1.300000E-3,0.08,0.00,0.08,0.00
42.02,-1.30,-30.01,42.02,-1.21,-30.01,-1.000000E-4,-8.657000E-2,-1.600000E-3,0.09,0.00,0.09,0.00
39.03,-1.51,-30.02,39.03,-1.42,-30.02,0.000000E+0,-9.418000E-2,-2.100000E-3,0.09,0,0.09,0.00
36.03,-1.74,-30.03,36.03,-1.64,-30.02,1.000000E-4,-1.015700E-1,-2.500000E-3,0.10,0.00,0.10,0.00
33.04,-2.00,-30.04,33.04,-1.89,-30.03,3.000000E-4,-1.088600E-1,-3.000000E-3,0.11,0.00,0.11,0.00
30.06,-2.28,-30.05,30.06,-2.16,-30.05,6.000000E-4,-1.163900E-1,-3.500000E-3,0.12,0.00,0.12,0.00
27.07,-2.58,-30.07,27.07,-2.46,-30.06,8.000000E-4,-1.242200E-1,-4.000000E-3,0.12,0.00,0.12,0.00
24.08,-2.92,-30.09,24.08,-2.78,-30.08,1.200000E-3,-1.326500E-1,-4.600000E-3,0.13,0.00,0.13,0.00
21.10,-3.27,-30.11,21.10,-3.13,-30.11,1.700000E-3,-1.418000E-1,-5.300000E-3,0.14,0.00,0.14,0.01
18.12,-3.65,-30.15,18.12,-3.50,-30.14,2.400000E-3,-1.518800E-1,-5.900000E-3,0.15,0.00,0.15,0.01
15.14,-4.05,-30.19,15.13,-3.88,-30.18,3.300000E-3,-1.625500E-1,-6.500000E-3,0.16,0.00,0.16,0.01
12.15,-4.45,-30.23,12.15,-4.27,-30.23,4.100000E-3,-1.744500E-1,-7.100000E-3,0.17,0.00,0.17,0.01
9.16,-4.82,-30.28,9.16,-4.64,-30.28,5.130000E-3,-1.881300E-1,-8.000000E-3,0.19,0.01,0.19,0.01
6.16,-5.17,-30.31,6.15,-4.97,-30.30,5.780000E-3,-2.011600E-1,-8.100000E-3,0.20,0.01,0.20,0.01
3.15,-5.46,-30.34,3.14,-5.25,-30.33,6.560000E-3,-2.153600E-1,-8.400000E-3,0.22,0.01,0.22,0.01
0.131661,-5.66,-30.38,0.124755,-5.42,-30.37,6.906000E-3,-2.312100E-1,-8.600000E-3,0.23,0.01,0.23,0.01
-2.89,-5.73,-30.40,-2.89,-5.49,-30.39,6.810000E-3,-2.479700E-1,-9.300000E-3,0.25,0.01,0.25,0.01
-5.93,-5.65,-30.42,-5.93,-5.38,-30.41,5.450000E-3,-2.665000E-1,-9.700000E-3,0.27,0.01,0.27,0.01
-8.98,-5.41,-30.40,-8.98,-5.12,-30.39,3.310000E-3,-2.862000E-1,-1.020000E-2,0.29,0.00,0.29,0.01
-12.03,-5.09,-30.37,-12.03,-4.78,-30.36,2.000000E-4,-3.070700E-1,-1.010000E-2,0.31,0.00,0.31,0.01
-15.07,-4.70,-30.31,-15.07,-4.37,-30.30,-3.200000E-3,-3.281000E-1,-9.600000E-3,0.33,0.00,0.33,0.01
-18.09,-4.28,-30.24,-18.08,-3.93,-30.23,-7.100000E-3,-3.505200E-1,-8.800000E-3,0.35,0.01,0.35,0.01
-21.09,-3.89,-30.18,-21.08,-3.52,-30.17,-1.060000E-2,-3.730600E-1,-8.100000E-3,0.37,0.01,0.37,0.01
-24.09,-3.52,-30.14,-24.08,-3.13,-30.13,-1.340000E-2,-3.939000E-1,-7.400000E-3,0.39,0.01,0.39,0.01
-27.09,-3.17,-30.10,-27.07,-2.76,-30.09,-1.560000E-2,-4.109800E-1,-6.700000E-3,0.41,0.02,0.41,0.01
-30.08,-2.86,-30.07,-30.06,-2.43,-30.07,-1.670000E-2,-4.223900E-1,-6.000000E-3,0.42,0.02,0.42,0.01
-33.07,-2.56,-30.05,-33.05,-2.14,-30.05,-1.730000E-2,-4.265000E-1,-5.400000E-3,0.43,0.02,0.43,0.01
-36.06,-2.29,-30.04,-36.04,-1.87,-30.03,-1.700000E-2,-4.223700E-1,-4.800000E-3,0.42,0.02,0.42,0.00
-39.05,-2.03,-30.03,-39.04,-1.62,-30.02,-1.610000E-2,-4.098300E-1,-4.100000E-3,0.41,0.02,0.41,0.00
-42.04,-1.79,-30.02,-42.03,-1.40,-30.02,-1.480000E-2,-3.890900E-1,-3.200000E-3,0.39,0.01,0.39,0.00
-45.03,-1.55,-30.01,-45.02,-1.19,-30.01,-1.310000E-2,-3.607600E-1,-2.500000E-3,0.36,0.01,0.36,0.00
-48.03,-1.33,-30.01,-48.01,-1.00,-30.01,-1.100000E-2,-3.258500E-1,-1.700000E-3,0.33,0.01,0.33,0.00
-51.02,-1.11,-30.01,-51.01,-0.828836,-30.00,-8.900000E-3,-2.855840E-1,-1.000000E-3,0.29,0.01,0.29,0.00
-54.01,-0.913425,-30.00,-54.01,-0.671972,-30.00,-6.700000E-3,-2.414530E-1,-3.000000E-4,0.24,0.01,0.24,0.00
-57.01,-0.725172,-30.00,-57.00,-0.530052,-30.00,-4.800000E-3,-1.951200E-1,2.000000E-4,0.20,0.00,0.20,0.00
-60.00,-0.550618,-30.00,-60.00,-0.402074,-30.00,-2.900000E-3,-1.485440E-1,6.000000E-4,0.15,0.00,0.15,0.00
-63.00,-0.391264,-30.00,-63.00,-0.287342,-30.00,-1.500000E-3,-1.039220E-1,7.000000E-4,0.10,0.00,0.10,0.00
-66.00,-0.249695,-30.00,-66.00,-0.185968,-30.00,-3.000000E-4,-6.372700E-2,8.000000E-4,0.06,0.00,0.06,0.00
-69.00,-0.129274,-30.00,-69.00,-0.098518,-30.00,3.000000E-4,-3.075630E-2,6.000000E-4,0.03,0.00,0.03,0.00
-72.00,-0.037782,-30.00,-72.00,-0.029577,-30.00,4.000000E-4,-8.204800E-3,3.000000E-4,0.01,0.00,0.01,0.00
-75,0.000000,-30,-75,0.000000,-30,0.000000E+0,0.000000E+0,0.000000E+0,0,0,0,0
75,0.000000,-33,75,0.000000,-33,0.000000E+0,0.000000E+0,0.000000E+0,0,0,0,0
72.00,-0.021761,-33.00,72.00,-0.019994,-33.00,-3.000000E-4,-1.767900E-3,1.000000E-4,0.00,0.00,0.00,0.00
69.00,-0.075211,-33.00,69.00,-0.068603,-33.00,-5.000000E-4,-6.607900E-3,1.000000E-4,0.01,0.00,0.01,0.00
66.00,-0.146143,-33.00,66.00,-0.132613,-33.00,-7.000000E-4,-1.353000E-2,0.000000E+0,0.01,0.00,0.01,0
63.00,-0.231381,-33.00,63.00,-0.209580,-33.00,-8.000000E-4,-2.180100E-2,0.000000E+0,0.02,0.00,0.02,0
60.00,-0.329491,-33.00,60.00,-0.298646,-33.00,-9.000000E-4,-3.084500E-2,-1.000000E-4,0.03,0.00,0.03,0.00
57,-0.439854,-33.00,57.00,-0.399616,-33.00,-7.000000E-4,-4.023800E-2,-3.000000E-4,0.04,0.00,0.04,0.00
54.00,-0.562223,-33.00,54.00,-0.512568,-33.00,-8.000000E-4,-4.965500E-2,-4.000000E-4,0.05,0.00,0.05,0.00
51.00,-0.697201,-33.00,51.00,-0.638315,-33.00,-7.000000E-4,-5.888600E-2,-7.000000E-4,0.06,0.00,0.06,0.00
48.01,-0.844890,-33.01,48.01,-0.777114,-33.01,-6.000000E-4,-6.777600E-2,-9.000000E-4,0.07,0.00,0.07,0.00
45.01,-1.01,-33.01,45.01,-0.929941,-33.01,-5.000000E-4,-7.630900E-2,-1.200000E-3,0.08,0.00,0.08,0.00
42.01,-1.18,-33.01,42.02,-1.10,-33.01,-5.000000E-4,-8.445000E-2,-1.600000E-3,0.08,0.00,0.08,0.00
39.02,-1.37,-33.02,39.02,-1.28,-33.02,-3.000000E-4,-9.237000E-2,-2.000000E-3,0.09,0.00,0.09,0.00
36.03,-1.58,-33.02,36.03,-1.48,-33.02,-4.000000E-4,-1.001000E-1,-2.400000E-3,0.10,0.00,0.10,0.00
33.03,-1.80,-33.03,33.03,-1.69,-33.03,-2.000000E-4,-1.079200E-1,-3.000000E-3,0.11,0.00,0.11,0.00
30.04,-2.03,-33.04,30.04,-1.92,-33.04,0.000000E+0,-1.159600E-1,-3.500000E-3,0.12,0,0.12,0.00
27.05,-2.29,-33.06,27.05,-2.16,-33.05,2.000000E-4,-1.245100E-1,-4.100000E-3,0.12,0.00,0.12,0.00
24.06,-2.56,-33.07,24.06,-2.42,-33.07,3.000000E-4,-1.336100E-1,-4.800000E-3,0.13,0.00,0.13,0.00
21.07,-2.84,-33.09,21.07,-2.69,-33.09,7.000000E-4,-1.435300E-1,-5.500000E-3,0.14,0.00,0.14,0.01
18.08,-3.13,-33.12,18.07,-2.97,-33.11,1.000000E-3,-1.542600E-1,-6.400000E-3,0.15,0.00,0.15,0.01
15.08,-3.41,-33.14,15.08,-3.24,-33.14,1.400000E-3,-1.659000E-1,-7.100000E-3,0.17,0.00,0.17,0.01
12.08,-3.67,-33.18,12.08,-3.49,-33.17,1.700000E-3,-1.786600E-1,-8.100000E-3,0.18,0.00,0.18,0.01
9.08,-3.92,-33.20,9.08,-3.72,-33.19,1.900000E-3,-1.920600E-1,-8.900000E-3,0.19,0.00,0.19,0.01
6.08,-4.12,-33.23,6.07,-3.91,-33.22,2.130000E-3,-2.065800E-1,-9.800000E-3,0.21,0.00,0.21,0.01
3.06,-4.26,-33.25,3.06,-4.04,-33.24,1.820000E-3,-2.214200E-1,-1.040000E-2,0.22,0.00,0.22,0.01
0.053796,-4.37,-33.27,0.052336,-4.13,-33.25,1.460000E-3,-2.369800E-1,-1.100000E-2,0.24,0.00,0.24,0.01
-2.97,-4.42,-33.28,-2.97,-4.17,-33.27,7.200000E-4,-2.533100E-1,-1.120000E-2,0.25,0.00,0.25,0.01
-5.99,-4.40,-33.28,-5.99,-4.12,-33.27,-3.700000E-4,-2.705700E-1,-1.140000E-2,0.27,0.00,0.27,0.01
-9.02,-4.29,-33.27,-9.01,-4.00,-33.26,-2.150000E-3,-2.885000E-1,-1.110000E-2,0.29,0.00,0.29,0.01
-12.04,-4.11,-33.24,-12.03,-3.80,-33.23,-4.200000E-3,-3.066700E-1,-1.050000E-2,0.31,0.00,0.31,0.01
-15.05,-3.87,-33.20,-15.05,-3.55,-33.19,-6.600000E-3,-3.256100E-1,-9.600000E-3,0.33,0.01,0.33,0.01
-18.06,-3.61,-33.17,-18.05,-3.27,-33.16,-9.000000E-3,-3.447600E-1,-8.900000E-3,0.34,0.01,0.34,0.01
-21.07,-3.34,-33.13,-21.06,-2.97,-33.13,-1.110000E-2,-3.632600E-1,-8.000000E-3,0.36,0.01,0.36,0.01
-24.07,-3.06,-33.10,-24.06,-2.68,-33.10,-1.290000E-2,-3.795700E-1,-7.200000E-3,0.38,0.01,0.38,0.01
-27.07,-2.79,-33.08,-27.05,-2.40,-33.07,-1.410000E-2,-3.921400E-1,-6.400000E-3,0.39,0.01,0.39,0.01
-30.06,-2.54,-33.06,-30.05,-2.14,-33.05,-1.480000E-2,-3.995400E-1,-5.700000E-3,0.40,0.01,0.40,0.01
-33.06,-2.29,-33.04,-33.04,-1.89,-33.04,-1.480000E-2,-4.005700E-1,-5.000000E-3,0.40,0.01,0.40,0.00
-36.05,-2.06,-33.03,-36.03,-1.67,-33.03,-1.450000E-2,-3.946800E-1,-4.200000E-3,0.39,0.01,0.39,0.00
-39.04,-1.84,-33.02,-39.03,-1.45,-33.02,-1.360000E-2,-3.814800E-1,-3.500000E-3,0.38,0.01,0.38,0.00
-42.03,-1.62,-33.02,-42.02,-1.26,-33.01,-1.240000E-2,-3.612200E-1,-2.700000E-3,0.36,0.01,0.36,0.00
-45.03,-1.41,-33.01,-45.02,-1.07,-33.01,-1.090000E-2,-3.343100E-1,-2.000000E-3,0.33,0.01,0.33,0.00
-48.02,-1.21,-33.01,-48.01,-0.903876,-33.01,-9.200000E-3,-3.016140E-1,-1.300000E-3,0.30,0.01,0.30,0.00
-51.01,-1.01,-33.00,-51.01,-0.748267,-33.00,-7.400000E-3,-2.641230E-1,-6.000000E-4,0.26,0.01,0.26,0.00
-54.01,-0.829118,-33.00,-54.00,-0.605960,-33.00,-5.600000E-3,-2.231580E-1,0.000000E+0,0.22,0.01,0.22,0
-57.01,-0.657087,-33.00,-57.00,-0.476854,-33.00,-3.900000E-3,-1.802330E-1,4.000000E-4,0.18,0.00,0.18,0.00
-60.00,-0.497153,-33.00,-60.00,-0.360024,-33.00,-2.300000E-3,-1.371290E-1,7.000000E-4,0.14,0.00,0.14,0.00
-63.00,-0.351589,-33.00,-63.00,-0.255722,-33,-1.000000E-3,-9.586700E-2,9.000000E-4,0.10,0.00,0.10,0.00
-66.00,-0.222783,-33.00,-66.00,-0.164054,-33.00,-2.000000E-4,-5.872900E-2,8.000000E-4,0.06,0.00,0.06,0.00
-69.00,-0.114052,-33.00,-69.00,-0.085758,-33.00,3.000000E-4,-2.829420E-2,7.000000E-4,0.03,0.00,0.03,0.00
-72.00,-0.032806,-33.00,-72.00,-0.025275,-33.00,4.000000E-4,-7.531200E-3,4.000000E-4,0.01,0.00,0.01,0.00
-75,0.000000,-33,-75,0.000000,-33,0.000000E+0,0.000000E+0,0.000000E+0,0,0,0,0
75,0.000000,-36,75,0.000000,-36,0.000000E+0,0.000000E+0,0.000000E+0,0,0,0,0
72.00,-0.018461,-36.00,72.00,-0.016788,-36.00,-3.000000E-4,-1.672700E-3,1.000000E-4,0.00,0.00,0.00,0.00
69.00,-0.064502,-36.00,69.00,-0.058246,-36.00,-6.000000E-4,-6.255900E-3,1.000000E-4,0.01,0.00,0.01,0.00
66.00,-0.127582,-36.00,66.00,-0.114744,-36.00,-7.000000E-4,-1.283800E-2,0.000000E+0,0.01,0.00,0.01,0
63.00,-0.204466,-36,63.00,-0.183750,-36.00,-8.000000E-4,-2.071600E-2,1.000000E-4,0.02,0.00,0.02,0.00
60.00,-0.293234,-36.00,60.00,-0.263876,-36.00,-8.000000E-4,-2.935800E-2,0.000000E+0,0.03,0.00,0.03,0
57.00,-0.393710,-36.00,57.00,-0.355353,-36.00,-9.000000E-4,-3.835700E-2,-1.000000E-4,0.04,0.00,0.04,0.00
54.00,-0.504963,-36.00,54.00,-0.457533,-36.00,-8.000000E-4,-4.743000E-2,-3.000000E-4,0.05,0.00,0.05,0.00
51.00,-0.627399,-36.00,51.00,-0.571032,-36.00,-9.000000E-4,-5.636700E-2,-6.000000E-4,0.06,0.00,0.06,0.00
48.00,-0.761118,-36.01,48.01,-0.696041,-36.00,-8.000000E-4,-6.507700E-2,-9.000000E-4,0.07,0.00,0.07,0.00
45.01,-0.906258,-36.01,45.01,-0.832756,-36.01,-9.000000E-4,-7.350200E-2,-1.100000E-3,0.07,0.00,0.07,0.00
42.01,-1.06,-36.01,42.01,-0.981523,-36.01,-8.000000E-4,-8.171700E-2,-1.500000E-3,0.08,0.00,0.08,0.00
39.01,-1.23,-36.02,39.02,-1.14,-36.01,-8.000000E-4,-8.976000E-2,-1.900000E-3,0.09,0.00,0.09,0.00
36.02,-1.41,-36.02,36.02,-1.32,-36.02,-6.000000E-4,-9.784000E-2,-2.300000E-3,0.10,0.00,0.10,0.00
33.02,-1.60,-36.03,33.02,-1.50,-36.03,-7.000000E-4,-1.060100E-1,-2.800000E-3,0.11,0.00,0.11,0.00
30.03,-1.81,-36.04,30.03,-1.69,-36.03,-6.000000E-4,-1.145500E-1,-3.400000E-3,0.11,0.00,0.11,0.00
27.03,-2.02,-36.05,27.03,-1.89,-36.04,-5.000000E-4,-1.235600E-1,-4.000000E-3,0.12,0.00,0.12,0.00
24.04,-2.24,-36.06,24.04,-2.10,-36.06,-4.000000E-4,-1.332800E-1,-4.700000E-3,0.13,0.00,0.13,0.00
21.04,-2.46,-36.08,21.04,-2.32,-36.07,-3.000000E-4,-1.437100E-1,-5.500000E-3,0.14,0.00,0.14,0.01
18.05,-2.68,-36.09,18.05,-2.53,-36.09,-1.000000E-4,-1.550200E-1,-6.400000E-3,0.16,0.00,0.16,0.01
15.05,-2.90,-36.11,15.05,-2.73,-36.11,0.000000E+0,-1.672800E-1,-7.400000E-3,0.17,0,0.17,0.01
12.05,-3.10,-36.13,12.05,-2.92,-36.12,0.000000E+0,-1.803800E-1,-8.300000E-3,0.18,0,0.18,0.01
9.04,-3.28,-36.15,9.04,-3.08,-36.14,-3.000000E-5,-1.943200E-1,-9.200000E-3,0.19,0.00,0.19,0.01
6.04,-3.42,-36.17,6.04,-3.21,-36.16,-3.700000E-4,-2.086800E-1,-1.010000E-2,0.21,0.00,0.21,0.01
3.03,-3.54,-36.18,3.03,-3.31,-36.17,-6.700000E-4,-2.237600E-1,-1.080000E-2,0.22,0.00,0.22,0.01
0.021084,-3.61,-36.19,0.022442,-3.37,-36.18,-1.358000E-3,-2.391900E-1,-1.130000E-2,0.24,0.00,0.24,0.01
-2.99,-3.64,-36.19,-2.99,-3.38,-36.18,-2.260000E-3,-2.549900E-1,-1.170000E-2,0.26,0.00,0.25,0.01
-6.00,-3.62,-36.19,-6.00,-3.34,-36.18,-3.490000E-3,-2.711200E-1,-1.150000E-2,0.27,0.00,0.27,0.01
-9.02,-3.54,-36.18,-9.01,-3.25,-36.17,-4.810000E-3,-2.874500E-1,-1.120000E-2,0.29,0.00,0.29,0.01
-12.03,-3.42,-36.17,-12.03,-3.12,-36.16,-6.500000E-3,-3.040500E-1,-1.040000E-2,0.30,0.01,0.30,0.01
-15.04,-3.26,-36.15,-15.03,-2.94,-36.14,-8.000000E-3,-3.204600E-1,-9.600000E-3,0.32,0.01,0.32,0.01
-18.05,-3.07,-36.12,-18.04,-2.74,-36.11,-9.600000E-3,-3.363600E-1,-8.600000E-3,0.34,0.01,0.34,0.01
-21.05,-2.87,-36.10,-21.04,-2.52,-36.09,-1.090000E-2,-3.509700E-1,-7.800000E-3,0.35,0.01,0.35,0.01
-24.05,-2.66,-36.08,-24.04,-2.30,-36.07,-1.200000E-2,-3.631200E-1,-6.900000E-3,0.36,0.01,0.36,0.01
-27.05,-2.45,-36.06,-27.04,-2.08,-36.06,-1.260000E-2,-3.717200E-1,-6.000000E-3,0.37,0.01,0.37,0.01
-30.05,-2.24,-36.05,-30.03,-1.87,-36.04,-1.290000E-2,-3.756600E-1,-5.100000E-3,0.38,0.01,0.38,0.01
-33.04,-2.04,-36.04,-33.03,-1.67,-36.03,-1.270000E-2,-3.742000E-1,-4.500000E-3,0.37,0.01,0.37,0.00
-36.04,-1.84,-36.03,-36.03,-1.47,-36.02,-1.220000E-2,-3.667200E-1,-3.700000E-3,0.37,0.01,0.37,0.00
-39.03,-1.64,-36.02,-39.02,-1.29,-36.02,-1.140000E-2,-3.531000E-1,-3.000000E-3,0.35,0.01,0.35,0.00
-42.03,-1.45,-36.01,-42.02,-1.12,-36.01,-1.030000E-2,-3.333000E-1,-2.200000E-3,0.33,0.01,0.33,0.00
-45.02,-1.26,-36.01,-45.01,-0.956970,-36.01,-9.000000E-3,-3.078200E-1,-1.500000E-3,0.31,0.01,0.31,0.00
-48.02,-1.08,-36.01,-48.01,-0.806479,-36.01,-7.500000E-3,-2.772410E-1,-9.000000E-4,0.28,0.01,0.28,0.00
-51.01,-0.909874,-36.00,-51.01,-0.667385,-36.00,-6.000000E-3,-2.424890E-1,-3.000000E-4,0.24,0.01,0.24,0.00
-54.01,-0.744361,-36.00,-54.00,-0.539696,-36.00,-4.500000E-3,-2.046650E-1,2.000000E-4,0.20,0.00,0.20,0.00
-57.00,-0.588390,-36.00,-57.00,-0.423237,-36.00,-3.100000E-3,-1.651530E-1,6.000000E-4,0.17,0.00,0.17,0.00
-60.00,-0.443545,-36.00,-60.00,-0.317998,-36.00,-1.800000E-3,-1.255470E-1,9.000000E-4,0.13,0.00,0.13,0.00
-63.00,-0.311707,-36.00,-63.00,-0.224021,-36.00,-8.000000E-4,-8.768600E-2,1.000000E-3,0.09,0.00,0.09,0.00
-66.00,-0.195809,-36.00,-66.00,-0.142163,-36.00,0.000000E+0,-5.364600E-2,9.000000E-4,0.05,0,0.05,0.00
-69.00,-0.099213,-36.00,-69.00,-0.073410,-36.00,3.000000E-4,-2.580220E-2,8.000000E-4,0.03,0.00,0.03,0.00
-72.00,-0.028412,-36.00,-72.00,-0.021558,-36.00,3.000000E-4,-6.854800E-3,4.000000E-4,0.01,0.00,0.01,0.00
-75,0.000000,-36,-75,0.000000,-36,0.000000E+0,0.000000E+0,0.000000E+0,0,0,0,0
75,0.000000,-39,75,0.000000,-39,0.000000E+0,0.000000E+0,0.000000E+0,0,0,0,0
72.00,-0.015356,-39.00,72.00,-0.013807,-39.00,-3.000000E-4,-1.549600E-3,1.000000E-4,0.00,0.00,0.00,0.00
69.00,-0.054276,-39.00,69.00,-0.048446,-39.00,-5.000000E-4,-5.830200E-3,1.000000E-4,0.01,0.00,0.01,0.00
66.00,-0.109767,-39.00,66.00,-0.097764,-39.00,-7.000000E-4,-1.200270E-2,1.000000E-4,0.01,0.00,0.01,0.00
63.00,-0.177815,-39.00,63.00,-0.158404,-39.00,-8.000000E-4,-1.941100E-2,1.000000E-4,0.02,0.00,0.02,0.00
60.00,-0.257494,-39.00,60.00,-0.229928,-39.00,-1.000000E-3,-2.756600E-2,0.000000E+0,0.03,0.00,0.03,0
57.00,-0.347444,-39.00,57,-0.311344,-39.00,-1.000000E-3,-3.610000E-2,-1.000000E-4,0.04,0.00,0.04,0.00
54.00,-0.447668,-39.00,54.00,-0.402923,-39.00,-1.000000E-3,-4.474500E-2,-2.000000E-4,0.04,0.00,0.04,0.00
51.00,-0.557540,-39.00,51.00,-0.504209,-39.00,-1.000000E-3,-5.333100E-2,-5.000000E-4,0.05,0.00,0.05,0.00
48.00,-0.677189,-39.00,48.00,-0.615431,-39.00,-1.100000E-3,-6.175800E-2,-7.000000E-4,0.06,0.00,0.06,0.00
45.00,-0.806757,-39.01,45.01,-0.736734,-39.01,-1.100000E-3,-7.002300E-2,-1.000000E-3,0.07,0.00,0.07,0.00
42.01,-0.945895,-39.01,42.01,-0.867735,-39.01,-1.100000E-3,-7.816000E-2,-1.300000E-3,0.08,0.00,0.08,0.00
39.01,-1.09,-39.01,39.01,-1.01,-39.01,-1.000000E-3,-8.628000E-2,-1.700000E-3,0.09,0.00,0.09,0.00
36.01,-1.25,-39.02,36.01,-1.16,-39.02,-1.100000E-3,-9.448000E-2,-2.100000E-3,0.09,0.00,0.09,0.00
33.02,-1.42,-39.02,33.02,-1.32,-39.02,-1.100000E-3,-1.029500E-1,-2.700000E-3,0.10,0.00,0.10,0.00
30.02,-1.59,-39.03,30.02,-1.48,-39.03,-1.100000E-3,-1.117500E-1,-3.200000E-3,0.11,0.00,0.11,0.00
27.02,-1.77,-39.04,27.02,-1.65,-39.04,-1.100000E-3,-1.211200E-1,-3.800000E-3,0.12,0.00,0.12,0.00
24.03,-1.95,-39.05,24.03,-1.82,-39.05,-1.100000E-3,-1.311100E-1,-4.500000E-3,0.13,0.00,0.13,0.00
21.03,-2.13,-39.06,21.03,-1.99,-39.06,-1.000000E-3,-1.419200E-1,-5.300000E-3,0.14,0.00,0.14,0.01
18.03,-2.31,-39.07,18.03,-2.16,-39.07,-1.100000E-3,-1.535200E-1,-6.200000E-3,0.15,0.00,0.15,0.01
15.03,-2.48,-39.09,15.03,-2.32,-39.08,-1.200000E-3,-1.659200E-1,-7.100000E-3,0.17,0.00,0.17,0.01
12.03,-2.64,-39.10,12.03,-2.46,-39.09,-1.200000E-3,-1.791700E-1,-8.000000E-3,0.18,0.00,0.18,0.01
9.03,-2.77,-39.11,9.03,-2.58,-39.10,-1.490000E-3,-1.930100E-1,-9.000000E-3,0.19,0.00,0.19,0.01
6.02,-2.88,-39.12,6.02,-2.68,-39.11,-1.810000E-3,-2.074200E-1,-9.800000E-3,0.21,0.00,0.21,0.01
3.02,-2.97,-39.13,3.02,-2.75,-39.12,-2.410000E-3,-2.222200E-1,-1.050000E-2,0.22,0.00,0.22,0.01
0.009350,-3.02,-39.14,0.012422,-2.79,-39.13,-3.072850E-3,-2.372600E-1,-1.100000E-2,0.24,0.00,0.24,0.01
-3.00,-3.04,-39.14,-3.00,-2.79,-39.13,-3.990000E-3,-2.523500E-1,-1.110000E-2,0.25,0.00,0.25,0.01
-6.01,-3.02,-39.14,-6.00,-2.75,-39.12,-4.980000E-3,-2.674300E-1,-1.110000E-2,0.27,0.00,0.27,0.01
-9.02,-2.97,-39.13,-9.01,-2.69,-39.12,-6.200000E-3,-2.824400E-1,-1.060000E-2,0.28,0.01,0.28,0.01
-12.03,-2.88,-39.12,-12.02,-2.58,-39.11,-7.300000E-3,-2.970200E-1,-1.000000E-2,0.30,0.01,0.30,0.01
-15.03,-2.77,-39.11,-15.02,-2.46,-39.10,-8.500000E-3,-3.110300E-1,-9.200000E-3,0.31,0.01,0.31,0.01
-18.04,-2.63,-39.09,-18.03,-2.30,-39.08,-9.400000E-3,-3.239400E-1,-8.200000E-3,0.32,0.01,0.32,0.01
-21.04,-2.47,-39.08,-21.03,-2.14,-39.07,-1.020000E-2,-3.350900E-1,-7.300000E-3,0.34,0.01,0.34,0.01
-24.04,-2.31,-39.06,-24.03,-1.97,-39.05,-1.080000E-2,-3.437300E-1,-6.400000E-3,0.34,0.01,0.34,0.01
-27.04,-2.14,-39.05,-27.03,-1.79,-39.04,-1.110000E-2,-3.490100E-1,-5.500000E-3,0.35,0.01,0.35,0.01
-30.04,-1.97,-39.04,-30.02,-1.62,-39.03,-1.110000E-2,-3.502400E-1,-4.700000E-3,0.35,0.01,0.35,0.00
-33.03,-1.80,-39.03,-33.02,-1.45,-39.02,-1.080000E-2,-3.467700E-1,-3.900000E-3,0.35,0.01,0.35,0.00
-36.03,-1.63,-39.02,-36.02,-1.29,-39.02,-1.020000E-2,-3.381900E-1,-3.100000E-3,0.34,0.01,0.34,0.00
-39.02,-1.46,-39.02,-39.01,-1.13,-39.01,-9.400000E-3,-3.242600E-1,-2.400000E-3,0.32,0.01,0.32,0.00
-42.02,-1.29,-39.01,-42.01,-0.984431,-39.01,-8.400000E-3,-3.051490E-1,-1.700000E-3,0.31,0.01,0.31,0.00
-45.02,-1.12,-39.01,-45.01,-0.843067,-39.01,-7.300000E-3,-2.810930E-1,-1.100000E-3,0.28,0.01,0.28,0.00
-48.01,-0.963338,-39.00,-48.01,-0.710641,-39.00,-6.100000E-3,-2.526970E-1,-5.000000E-4,0.25,0.01,0.25,0.00
-51.01,-0.808308,-39.00,-51.00,-0.587652,-39.00,-4.800000E-3,-2.206560E-1,0.000000E+0,0.22,0.00,0.22,0
-54.01,-0.660046,-39.00,-54.00,-0.474049,-39.00,-3.500000E-3,-1.859970E-1,4.000000E-4,0.19,0.00,0.19,0.00
-57.00,-0.520390,-39.00,-57.00,-0.370486,-39.00,-2.300000E-3,-1.499040E-1,7.000000E-4,0.15,0.00,0.15,0.00
-60.00,-0.390416,-39.00,-60.00,-0.276593,-39,-1.300000E-3,-1.138230E-1,9.000000E-4,0.11,0.00,0.11,0.00
-63.00,-0.272737,-39.00,-63.00,-0.193344,-39.00,-5.000000E-4,-7.939300E-2,1.000000E-3,0.08,0.00,0.08,0.00
-66.00,-0.169682,-39.00,-66.00,-0.121181,-39.00,1.000000E-4,-4.850100E-2,9.000000E-4,0.05,0.00,0.05,0.00
-69.00,-0.084963,-39.00,-69.00,-0.061682,-39.00,4.000000E-4,-2.328080E-2,7.000000E-4,0.02,0.00,0.02,0.00
-72.00,-0.023962,-39.00,-72.00,-0.017783,-39.00,4.000000E-4,-6.179400E-3,3.000000E-4,0.01,0.00,0.01,0.00
-75,0.000000,-39,-75,0.000000,-39,0.000000E+0,0.000000E+0,0.000000E+0,0,0,0,0
75,-0.000001,-42,75,-0.000001,-42,0.000000E+0,0.000000E+0,0.000000E+0,0,0,0,0
72.00,-0.011973,-42.00,72.00,-0.010570,-42.00,-2.000000E-4,-1.403700E-3,1.000000E-4,0.00,0.00,0.00,0.00
69.00,-0.044984,-42.00,69.00,-0.039645,-42.00,-5.000000E-4,-5.338800E-3,2.000000E-4,0.01,0.00,0.01,0.00
66.00,-0.092588,-42.00,66.00,-0.081559,-42.00,-7.000000E-4,-1.102940E-2,2.000000E-4,0.01,0.00,0.01,0.00
63.00,-0.152347,-42.00,63.00,-0.134459,-42.00,-8.000000E-4,-1.788800E-2,2.000000E-4,0.02,0.00,0.02,0.00
60.00,-0.222435,-42.00,60.00,-0.196963,-42.00,-9.000000E-4,-2.547200E-2,0.000000E+0,0.03,0.00,0.03,0
57.00,-0.302128,-42.00,57.00,-0.268679,-42.00,-1.000000E-3,-3.344900E-2,0.000000E+0,0.03,0.00,0.03,0
54.00,-0.390884,-42.00,54.00,-0.349299,-42.00,-1.100000E-3,-4.158500E-2,-2.000000E-4,0.04,0.00,0.04,0.00
51.00,-0.488290,-42.00,51.00,-0.438570,-42.00,-1.200000E-3,-4.972000E-2,-4.000000E-4,0.05,0.00,0.05,0.00
48.00,-0.594332,-42.00,48.00,-0.536550,-42.00,-1.200000E-3,-5.778200E-2,-6.000000E-4,0.06,0.00,0.06,0.00
45.00,-0.708628,-42.00,45.00,-0.642867,-42.00,-1.200000E-3,-6.576100E-2,-8.000000E-4,0.07,0.00,0.07,0.00
42.00,-0.830906,-42.01,42.01,-0.757187,-42.01,-1.300000E-3,-7.371900E-2,-1.200000E-3,0.07,0.00,0.07,0.00
39.01,-0.961234,-42.01,39.01,-0.879504,-42.01,-1.400000E-3,-8.173000E-2,-1.500000E-3,0.08,0.00,0.08,0.00
36.01,-1.10,-42.01,36.01,-1.01,-42.01,-1.300000E-3,-8.994000E-2,-2.000000E-3,0.09,0.00,0.09,0.00
33.01,-1.24,-42.02,33.01,-1.14,-42.02,-1.400000E-3,-9.841000E-2,-2.400000E-3,0.10,0.00,0.10,0.00
30.01,-1.39,-42.02,30.01,-1.28,-42.02,-1.400000E-3,-1.073600E-1,-3.000000E-3,0.11,0.00,0.11,0.00
27.02,-1.54,-42.03,27.02,-1.43,-42.03,-1.500000E-3,-1.167900E-1,-3.600000E-3,0.12,0.00,0.12,0.00
24.02,-1.69,-42.04,24.02,-1.57,-42.03,-1.500000E-3,-1.269000E-1,-4.200000E-3,0.13,0.00,0.13,0.00
21.02,-1.84,-42.05,21.02,-1.71,-42.04,-1.600000E-3,-1.377000E-1,-4.900000E-3,0.14,0.00,0.14,0.00
18.02,-1.99,-42.06,18.02,-1.84,-42.05,-1.700000E-3,-1.492500E-1,-5.700000E-3,0.15,0.00,0.15,0.01
15.02,-2.12,-42.07,15.02,-1.96,-42.06,-1.800000E-3,-1.616000E-1,-6.600000E-3,0.16,0.00,0.16,0.01
12.02,-2.25,-42.08,12.02,-2.07,-42.07,-2.100000E-3,-1.745500E-1,-7.500000E-3,0.17,0.00,0.17,0.01
9.02,-2.35,-42.08,9.02,-2.17,-42.08,-2.380000E-3,-1.881200E-1,-8.300000E-3,0.19,0.00,0.19,0.01
6.01,-2.44,-42.09,6.01,-2.24,-42.08,-2.860000E-3,-2.021200E-1,-9.000000E-3,0.20,0.00,0.20,0.01
3.01,-2.51,-42.10,3.01,-2.29,-42.09,-3.380000E-3,-2.163600E-1,-9.600000E-3,0.22,0.00,0.22,0.01
0.002098,-2.55,-42.10,0.006190,-2.31,-42.09,-4.092810E-3,-2.307000E-1,-1.000000E-2,0.23,0.00,0.23,0.01
-3.00,-2.56,-42.10,-3.00,-2.31,-42.09,-4.850000E-3,-2.449200E-1,-1.020000E-2,0.25,0.00,0.24,0.01
-6.01,-2.55,-42.10,-6.00,-2.29,-42.09,-5.770000E-3,-2.588400E-1,-1.000000E-2,0.26,0.01,0.26,0.01
-9.02,-2.51,-42.09,-9.01,-2.23,-42.08,-6.600000E-3,-2.722300E-1,-9.700000E-3,0.27,0.01,0.27,0.01
-12.02,-2.44,-42.09,-12.01,-2.16,-42.08,-7.600000E-3,-2.849600E-1,-9.100000E-3,0.29,0.01,0.28,0.01
-15.03,-2.36,-42.08,-15.02,-2.06,-42.07,-8.200000E-3,-2.966000E-1,-8.400000E-3,0.30,0.01,0.30,0.01
-18.03,-2.25,-42.07,-18.02,-1.94,-42.06,-8.900000E-3,-3.068300E-1,-7.500000E-3,0.31,0.01,0.31,0.01
-21.03,-2.13,-42.06,-21.02,-1.82,-42.05,-9.300000E-3,-3.151100E-1,-6.600000E-3,0.32,0.01,0.32,0.01
-24.03,-2.00,-42.05,-24.02,-1.68,-42.04,-9.500000E-3,-3.209200E-1,-5.600000E-3,0.32,0.01,0.32,0.01
-27.03,-1.86,-42.04,-27.02,-1.54,-42.03,-9.500000E-3,-3.236900E-1,-4.800000E-3,0.32,0.01,0.32,0.00
-30.03,-1.72,-42.03,-30.02,-1.40,-42.03,-9.400000E-3,-3.228400E-1,-4.000000E-3,0.32,0.01,0.32,0.00
-33.02,-1.57,-42.02,-33.02,-1.26,-42.02,-9.000000E-3,-3.179200E-1,-3.200000E-3,0.32,0.01,0.32,0.00
-36.02,-1.43,-42.02,-36.01,-1.12,-42.01,-8.500000E-3,-3.085900E-1,-2.500000E-3,0.31,0.01,0.31,0.00
-39.02,-1.28,-42.01,-39.01,-0.984418,-42.01,-7.700000E-3,-2.947720E-1,-1.900000E-3,0.29,0.01,0.29,0.00
-42.02,-1.13,-42.01,-42.01,-0.855498,-42.01,-6.900000E-3,-2.764920E-1,-1.300000E-3,0.28,0.01,0.28,0.00
-45.01,-0.987103,-42.01,-45.01,-0.733054,-42.00,-5.800000E-3,-2.540490E-1,-7.000000E-4,0.25,0.01,0.25,0.00
-48.01,-0.845432,-42.00,-48.00,-0.617573,-42.00,-4.800000E-3,-2.278590E-1,-2.000000E-4,0.23,0.00,0.23,0.00
-51.01,-0.708581,-42.00,-51.00,-0.509971,-42.00,-3.700000E-3,-1.986100E-1,3.000000E-4,0.20,0.00,0.20,0.00
-54.00,-0.577395,-42.00,-54.00,-0.410269,-42.00,-2.700000E-3,-1.671260E-1,7.000000E-4,0.17,0.00,0.17,0.00
-57.00,-0.453733,-42.00,-57.00,-0.319236,-42.00,-1.800000E-3,-1.344970E-1,9.000000E-4,0.13,0.00,0.13,0.00
-60.00,-0.338704,-42.00,-60.00,-0.236741,-42.00,-9.000000E-4,-1.019630E-1,1.100000E-3,0.10,0.00,0.10,0.00
-63.00,-0.234669,-42.00,-63.00,-0.163659,-42.00,-2.000000E-4,-7.101000E-2,1.000000E-3,0.07,0.00,0.07,0.00
-66.00,-0.144626,-42.00,-66.00,-0.101325,-42.00,2.000000E-4,-4.330100E-2,9.000000E-4,0.04,0.00,0.04,0.00
-69.00,-0.071412,-42.00,-69.00,-0.050673,-42.00,3.000000E-4,-2.073920E-2,7.000000E-4,0.02,0.00,0.02,0.00
-72.00,-0.019735,-42.00,-72.00,-0.014246,-42.00,2.000000E-4,-5.489300E-3,4.000000E-4,0.01,0.00,0.01,0.00
-75,-0.000001,-42,-75,-0.000001,-42,0.000000E+0,0.000000E+0,0.000000E+0,0,0,0,0
75,-0.000001,-45,75,-0.000001,-45,0.000000E+0,0.000000E+0,0.000000E+0,0,0,0,0
72.00,-0.010052,-45.00,72.00,-0.008798,-45.00,-2.000000E-4,-1.254060E-3,1.000000E-4,0.00,0.00,0.00,0.00
69.00,-0.036621,-45.00,69.00,-0.031828,-45.00,-5.000000E-4,-4.793000E-3,1.000000E-4,0.00,0.00,0.00,0.00
66.00,-0.076573,-45.00,66.00,-0.066636,-45.00,-6.000000E-4,-9.936100E-3,1.000000E-4,0.01,0.00,0.01,0.00
63.00,-0.127851,-45.00,63.00,-0.111682,-45.00,-8.000000E-4,-1.616900E-2,2.000000E-4,0.02,0.00,0.02,0.00
60.00,-0.188657,-45.00,60.00,-0.165558,-45.00,-9.000000E-4,-2.309900E-2,1.000000E-4,0.02,0.00,0.02,0.00
57.00,-0.258189,-45,57.00,-0.227758,-45,-1.100000E-3,-3.043100E-2,0.000000E+0,0.03,0.00,0.03,0
54.00,-0.335727,-45.00,54.00,-0.297770,-45.00,-1.200000E-3,-3.795700E-2,0.000000E+0,0.04,0.00,0.04,0
51.00,-0.420541,-45.00,51.00,-0.375000,-45.00,-1.300000E-3,-4.554100E-2,-3.000000E-4,0.05,0.00,0.05,0.00
48.00,-0.513396,-45.00,48.00,-0.460276,-45.00,-1.300000E-3,-5.312000E-2,-5.000000E-4,0.05,0.00,0.05,0.00
45.00,-0.613140,-45.00,45.00,-0.552443,-45.00,-1.400000E-3,-6.069700E-2,-7.000000E-4,0.06,0.00,0.06,0.00
42.00,-0.719436,-45.01,42.00,-0.651123,-45.00,-1.400000E-3,-6.831300E-2,-9.000000E-4,0.07,0.00,0.07,0.00
39.00,-0.832253,-45.01,39.01,-0.756181,-45.01,-1.500000E-3,-7.607200E-2,-1.300000E-3,0.08,0.00,0.08,0.00
36.01,-0.950699,-45.01,36.01,-0.866652,-45.01,-1.700000E-3,-8.404700E-2,-1.600000E-3,0.08,0.00,0.08,0.00
33.01,-1.07,-45.01,33.01,-0.981375,-45.01,-1.700000E-3,-9.238500E-2,-2.100000E-3,0.09,0.00,0.09,0.00
30.01,-1.20,-45.02,30.01,-1.10,-45.02,-1.800000E-3,-1.011200E-1,-2.600000E-3,0.10,0.00,0.10,0.00
27.01,-1.33,-45.02,27.01,-1.22,-45.02,-1.800000E-3,-1.104200E-1,-3.200000E-3,0.11,0.00,0.11,0.00
24.01,-1.46,-45.03,24.01,-1.34,-45.03,-1.900000E-3,-1.203000E-1,-3.700000E-3,0.12,0.00,0.12,0.00
21.01,-1.58,-45.04,21.01,-1.45,-45.03,-2.100000E-3,-1.308500E-1,-4.400000E-3,0.13,0.00,0.13,0.00
18.01,-1.70,-45.04,18.01,-1.56,-45.04,-2.200000E-3,-1.420800E-1,-5.100000E-3,0.14,0.00,0.14,0.01
15.01,-1.81,-45.05,15.01,-1.66,-45.04,-2.500000E-3,-1.539400E-1,-5.900000E-3,0.15,0.00,0.15,0.01
12.01,-1.91,-45.06,12.01,-1.74,-45.05,-2.700000E-3,-1.664100E-1,-6.600000E-3,0.17,0.00,0.17,0.01
9.01,-2.00,-45.06,9.01,-1.82,-45.05,-3.050000E-3,-1.793400E-1,-7.300000E-3,0.18,0.00,0.18,0.01
6.01,-2.07,-45.07,6.01,-1.87,-45.06,-3.440000E-3,-1.925900E-1,-8.000000E-3,0.19,0.00,0.19,0.01
3.00,-2.12,-45.07,3.01,-1.91,-45.06,-3.990000E-3,-2.060200E-1,-8.500000E-3,0.21,0.00,0.21,0.01
-0.001440,-2.15,-45.07,0.003116,-1.93,-45.06,-4.556190E-3,-2.193600E-1,-8.900000E-3,0.22,0.00,0.22,0.01
-3.01,-2.16,-45.07,-3.00,-1.93,-45.06,-5.250000E-3,-2.324400E-1,-8.900000E-3,0.23,0.01,0.23,0.01
-6.01,-2.15,-45.07,-6.00,-1.91,-45.06,-5.880000E-3,-2.449700E-1,-8.800000E-3,0.25,0.01,0.24,0.01
-9.01,-2.12,-45.07,-9.01,-1.86,-45.06,-6.580000E-3,-2.567600E-1,-8.500000E-3,0.26,0.01,0.26,0.01
-12.02,-2.07,-45.06,-12.01,-1.80,-45.05,-7.100000E-3,-2.675300E-1,-8.000000E-3,0.27,0.01,0.27,0.01
-15.02,-2.00,-45.06,-15.01,-1.73,-45.05,-7.700000E-3,-2.770700E-1,-7.200000E-3,0.28,0.01,0.28,0.01
-18.02,-1.92,-45.05,-18.01,-1.64,-45.04,-8.000000E-3,-2.849900E-1,-6.400000E-3,0.29,0.01,0.28,0.01
-21.02,-1.82,-45.04,-21.01,-1.53,-45.04,-8.300000E-3,-2.909900E-1,-5.600000E-3,0.29,0.01,0.29,0.01
-24.02,-1.72,-45.03,-24.01,-1.42,-45.03,-8.300000E-3,-2.946500E-1,-4.900000E-3,0.29,0.01,0.29,0.00
-27.02,-1.60,-45.03,-27.01,-1.31,-45.02,-8.200000E-3,-2.955200E-1,-4.000000E-3,0.30,0.01,0.30,0.00
-30.02,-1.49,-45.02,-30.01,-1.19,-45.02,-7.900000E-3,-2.932000E-1,-3.300000E-3,0.29,0.01,0.29,0.00
-33.02,-1.36,-45.02,-33.01,-1.07,-45.01,-7.500000E-3,-2.873600E-1,-2.500000E-3,0.29,0.01,0.29,0.00
-36.02,-1.24,-45.01,-36.01,-0.957373,-45.01,-6.900000E-3,-2.777770E-1,-1.900000E-3,0.28,0.01,0.28,0.00
-39.01,-1.11,-45.01,-39.01,-0.843358,-45.01,-6.100000E-3,-2.643620E-1,-1.300000E-3,0.26,0.01,0.26,0.00
-42.01,-0.980371,-45.01,-42.01,-0.733163,-45.00,-5.400000E-3,-2.472080E-1,-8.000000E-4,0.25,0.01,0.25,0.00
-45.01,-0.854447,-45.00,-45.00,-0.627934,-45.00,-4.500000E-3,-2.265130E-1,-2.000000E-4,0.23,0.00,0.23,0.00
-48.01,-0.731197,-45.00,-48.00,-0.528500,-45.00,-3.600000E-3,-2.026970E-1,1.000000E-4,0.20,0.00,0.20,0.00
-51.00,-0.611718,-45.00,-51.00,-0.435422,-45.00,-2.800000E-3,-1.762960E-1,5.000000E-4,0.18,0.00,0.18,0.00
-54.00,-0.497104,-45.00,-54.00,-0.349032,-45.00,-2.000000E-3,-1.480720E-1,8.000000E-4,0.15,0.00,0.15,0.00
-57.00,-0.388857,-45.00,-57.00,-0.269925,-45.00,-1.200000E-3,-1.189320E-1,1.000000E-3,0.12,0.00,0.12,0.00
-60,-0.288693,-45.00,-60.00,-0.198692,-45.00,-6.000000E-4,-9.000100E-2,1.000000E-3,0.09,0.00,0.09,0.00
-63.00,-0.198616,-45.00,-63.00,-0.136063,-45.00,-1.000000E-4,-6.255300E-2,1.100000E-3,0.06,0.00,0.06,0.00
-66.00,-0.120882,-45.00,-66.00,-0.082816,-45.00,3.000000E-4,-3.806620E-2,9.000000E-4,0.04,0.00,0.04,0.00
-69.00,-0.058587,-45.00,-69.00,-0.040400,-45.00,3.000000E-4,-1.818770E-2,7.000000E-4,0.02,0.00,0.02,0.00
-72.00,-0.016043,-45.00,-72.00,-0.011254,-45.00,2.000000E-4,-4.788900E-3,4.000000E-4,0.00,0.00,0.00,0.00
-75,-0.000001,-45,-75,-0.000001,-45,0.000000E+0,0.000000E+0,0.000000E+0,0,0,0,0
75,-0.000001,-48,75,-0.000001,-48,0.000000E+0,0.000000E+0,0.000000E+0,0,0,0,0
72.00,-0.007855,-48.00,72.00,-0.006747,-48.00,-3.000000E-4,-1.107540E-3,1.000000E-4,0.00,0.00,0.00,0.00
69.00,-0.029228,-48.00,69.00,-0.025018,-48.00,-5.000000E-4,-4.209700E-3,2.000000E-4,0.00,0.00,0.00,0.00
66.00,-0.062217,-48.00,66.00,-0.053465,-48.00,-7.000000E-4,-8.751900E-3,2.000000E-4,0.01,0.00,0.01,0.00
63.00,-0.104994,-48.00,63.00,-0.090704,-48.00,-8.000000E-4,-1.429050E-2,2.000000E-4,0.01,0.00,0.01,0.00
60.00,-0.156608,-48.00,60.00,-0.136120,-48.00,-1.000000E-3,-2.048800E-2,2.000000E-4,0.02,0.00,0.02,0.00
57.00,-0.215574,-48.00,57.00,-0.188486,-48.00,-1.000000E-3,-2.708800E-2,1.000000E-4,0.03,0.00,0.03,0.00
54.00,-0.282155,-48,54.00,-0.248248,-48,-1.200000E-3,-3.390700E-2,0.000000E+0,0.03,0.00,0.03,0
51.00,-0.355295,-48.00,51.00,-0.314465,-48.00,-1.300000E-3,-4.083000E-2,-1.000000E-4,0.04,0.00,0.04,0.00
48.00,-0.435023,-48.00,48.00,-0.387220,-48.00,-1.400000E-3,-4.780300E-2,-3.000000E-4,0.05,0.00,0.05,0.00
45.00,-0.520984,-48.00,45.00,-0.466157,-48.00,-1.500000E-3,-5.482700E-2,-5.000000E-4,0.05,0.00,0.05,0.00
42.00,-0.612249,-48.00,42.00,-0.550289,-48.00,-1.600000E-3,-6.196000E-2,-7.000000E-4,0.06,0.00,0.06,0.00
39.00,-0.708973,-48.01,39.00,-0.639715,-48.00,-1.700000E-3,-6.925800E-2,-1.000000E-3,0.07,0.00,0.07,0.00
36.00,-0.809911,-48.01,36.00,-0.733077,-48.01,-1.800000E-3,-7.683400E-2,-1.300000E-3,0.08,0.00,0.08,0.00
33.00,-0.914551,-48.01,33.01,-0.829818,-48.01,-1.900000E-3,-8.473300E-2,-1.700000E-3,0.08,0.00,0.08,0.00
30.01,-1.02,-48.01,30.01,-0.928389,-48.01,-2.000000E-3,-9.309100E-2,-2.100000E-3,0.09,0.00,0.09,0.00
27.01,-1.13,-48.02,27.01,-1.03,-48.01,-2.100000E-3,-1.019100E-1,-2.600000E-3,0.10,0.00,0.10,0.00
24.01,-1.24,-48.02,24.01,-1.12,-48.02,-2.300000E-3,-1.112900E-1,-3.100000E-3,0.11,0.00,0.11,0.00
21.01,-1.34,-48.03,21.01,-1.22,-48.02,-2.500000E-3,-1.212500E-1,-3.700000E-3,0.12,0.00,0.12,0.00
18.01,-1.44,-48.03,18.01,-1.31,-48.03,-2.600000E-3,-1.318100E-1,-4.300000E-3,0.13,0.00,0.13,0.00
15.01,-1.53,-48.04,15.01,-1.39,-48.03,-2.800000E-3,-1.429600E-1,-5.000000E-3,0.14,0.00,0.14,0.01
12.01,-1.61,-48.04,12.01,-1.46,-48.04,-3.100000E-3,-1.545700E-1,-5.600000E-3,0.15,0.00,0.15,0.01
9.00,-1.68,-48.04,9.01,-1.52,-48.04,-3.410000E-3,-1.665900E-1,-6.300000E-3,0.17,0.00,0.17,0.01
6.00,-1.74,-48.05,6.01,-1.56,-48.04,-3.820000E-3,-1.788400E-1,-6.700000E-3,0.18,0.00,0.18,0.01
3.00,-1.78,-48.05,3.00,-1.59,-48.04,-4.230000E-3,-1.911300E-1,-7.200000E-3,0.19,0.00,0.19,0.01
-0.002977,-1.81,-48.05,0.001767,-1.60,-48.04,-4.744660E-3,-2.032300E-1,-7.400000E-3,0.20,0.00,0.20,0.01
-3.01,-1.82,-48.05,-3.00,-1.60,-48.04,-5.210000E-3,-2.149100E-1,-7.500000E-3,0.22,0.01,0.21,0.01
-6.01,-1.81,-48.05,-6.00,-1.58,-48.04,-5.750000E-3,-2.259200E-1,-7.300000E-3,0.23,0.01,0.23,0.01
-9.01,-1.79,-48.05,-9.00,-1.55,-48.04,-6.190000E-3,-2.360200E-1,-7.000000E-3,0.24,0.01,0.24,0.01
-12.01,-1.75,-48.04,-12.01,-1.50,-48.04,-6.600000E-3,-2.450200E-1,-6.600000E-3,0.25,0.01,0.25,0.01
-15.02,-1.69,-48.04,-15.01,-1.44,-48.03,-6.900000E-3,-2.526600E-1,-6.000000E-3,0.25,0.01,0.25,0.01
-18.02,-1.63,-48.04,-18.01,-1.37,-48.03,-7.100000E-3,-2.587200E-1,-5.200000E-3,0.26,0.01,0.26,0.01
-21.02,-1.55,-48.03,-21.01,-1.28,-48.03,-7.100000E-3,-2.629200E-1,-4.600000E-3,0.26,0.01,0.26,0.00
-24.02,-1.46,-48.02,-24.01,-1.20,-48.02,-7.000000E-3,-2.649500E-1,-3.800000E-3,0.27,0.01,0.26,0.00
-27.02,-1.37,-48.02,-27.01,-1.10,-48.02,-6.900000E-3,-2.645100E-1,-3.100000E-3,0.26,0.01,0.26,0.00
-30.02,-1.27,-48.02,-30.01,-1.00,-48.01,-6.500000E-3,-2.612900E-1,-2.400000E-3,0.26,0.01,0.26,0.00
-33.01,-1.16,-48.01,-33.01,-0.905575,-48.01,-6.000000E-3,-2.550550E-1,-1.800000E-3,0.26,0.01,0.26,0.00
-36.01,-1.05,-48.01,-36.01,-0.807593,-48.01,-5.400000E-3,-2.456370E-1,-1.200000E-3,0.25,0.01,0.25,0.00
-39.01,-0.944526,-48.01,-39.01,-0.711528,-48.00,-4.900000E-3,-2.329980E-1,-8.000000E-4,0.23,0.00,0.23,0.00
-42.01,-0.835389,-48.00,-42.00,-0.618174,-48.00,-4.100000E-3,-2.172150E-1,-3.000000E-4,0.22,0.00,0.22,0.00
-45.01,-0.727316,-48.00,-45.00,-0.528814,-48.00,-3.400000E-3,-1.985020E-1,0.000000E+0,0.20,0.00,0.20,0
-48.00,-0.621279,-48.00,-48.00,-0.444092,-48.00,-2.700000E-3,-1.771870E-1,5.000000E-4,0.18,0.00,0.18,0.00
-51.00,-0.518436,-48.00,-51.00,-0.364672,-48.00,-2.100000E-3,-1.537640E-1,7.000000E-4,0.15,0.00,0.15,0.00
-54.00,-0.419838,-48.00,-54.00,-0.290979,-48.00,-1.400000E-3,-1.288590E-1,1.000000E-3,0.13,0.00,0.13,0.00
-57.00,-0.327010,-48.00,-57.00,-0.223728,-48.00,-7.000000E-4,-1.032820E-1,1.000000E-3,0.10,0.00,0.10,0.00
-60.00,-0.241393,-48.00,-60.00,-0.163414,-48.00,-3.000000E-4,-7.797900E-2,1.100000E-3,0.08,0.00,0.08,0.00
-63.00,-0.164580,-48.00,-63.00,-0.110506,-48.00,1.000000E-4,-5.407400E-2,1.100000E-3,0.05,0.00,0.05,0.00
-66.00,-0.099149,-48.00,-66.00,-0.066328,-48.00,2.000000E-4,-3.282190E-2,9.000000E-4,0.03,0.00,0.03,0.00
-69.00,-0.047016,-48.00,-69.00,-0.031376,-48.00,3.000000E-4,-1.564030E-2,6.000000E-4,0.02,0.00,0.02,0.00
-72.00,-0.012653,-48.00,-72.00,-0.008549,-48.00,2.000000E-4,-4.104180E-3,4.000000E-4,0.00,0.00,0.00,0.00
-75,-0.000001,-48,-75,-0.000001,-48,0.000000E+0,0.000000E+0,0.000000E+0,0,0,0,0
75,-0.000001,-51,75,-0.000001,-51,0.000000E+0,0.000000E+0,0.000000E+0,0,0,0,0
72.00,-0.005503,-51.00,72.00,-0.004545,-51.00,-2.000000E-4,-9.587800E-4,1.000000E-4,0.00,0.00,0.00,0.00
69.00,-0.022367,-51.00,69.00,-0.018760,-51.00,-4.000000E-4,-3.606600E-3,2.000000E-4,0.00,0.00,0.00,0.00
66.00,-0.049108,-51.00,66.00,-0.041601,-51.00,-6.000000E-4,-7.506800E-3,2.000000E-4,0.01,0.00,0.01,0.00
63.00,-0.083909,-51.00,63.00,-0.071610,-51.00,-8.000000E-4,-1.229830E-2,2.000000E-4,0.01,0.00,0.01,0.00
60.00,-0.126711,-51.00,60.00,-0.109015,-51.00,-9.000000E-4,-1.769600E-2,2.000000E-4,0.02,0.00,0.02,0.00
57.00,-0.175960,-51.00,57.00,-0.152478,-51.00,-1.100000E-3,-2.348200E-2,2.000000E-4,0.02,0.00,0.02,0.00
54.00,-0.231577,-51.00,54.00,-0.202077,-51.00,-1.200000E-3,-2.950000E-2,1.000000E-4,0.03,0.00,0.03,0.00
51.00,-0.293160,-51,51.00,-0.257510,-51,-1.300000E-3,-3.565000E-2,0.000000E+0,0.04,0.00,0.04,0
48.00,-0.360133,-51.00,48.00,-0.318244,-51.00,-1.500000E-3,-4.188900E-2,-1.000000E-4,0.04,0.00,0.04,0.00
45.00,-0.432780,-51.00,45.00,-0.384554,-51.00,-1.500000E-3,-4.822600E-2,-3.000000E-4,0.05,0.00,0.05,0.00
42,-0.510102,-51.00,42.00,-0.455410,-51.00,-1.700000E-3,-5.469200E-2,-5.000000E-4,0.05,0.00,0.05,0.00
39.00,-0.591737,-51.00,39.00,-0.530366,-51.00,-1.800000E-3,-6.137100E-2,-7.000000E-4,0.06,0.00,0.06,0.00
36.00,-0.676965,-51.01,36.00,-0.608662,-51.00,-1.900000E-3,-6.830300E-2,-1.000000E-3,0.07,0.00,0.07,0.00
33.00,-0.764862,-51.01,33.00,-0.689268,-51.01,-2.000000E-3,-7.559400E-2,-1.300000E-3,0.08,0.00,0.08,0.00
30.00,-0.854456,-51.01,30.01,-0.771204,-51.01,-2.200000E-3,-8.325200E-2,-1.700000E-3,0.08,0.00,0.08,0.00
27.00,-0.944530,-51.01,27.01,-0.853157,-51.01,-2.300000E-3,-9.137300E-2,-2.100000E-3,0.09,0.00,0.09,0.00
24.00,-1.03,-51.02,24.01,-0.933522,-51.01,-2.500000E-3,-9.995800E-2,-2.500000E-3,0.10,0.00,0.10,0.00
21.00,-1.12,-51.02,21.01,-1.01,-51.02,-2.600000E-3,-1.090500E-1,-3.000000E-3,0.11,0.00,0.11,0.00
18.00,-1.20,-51.02,18.01,-1.08,-51.02,-2.800000E-3,-1.186300E-1,-3.500000E-3,0.12,0.00,0.12,0.00
15.00,-1.28,-51.03,15.01,-1.15,-51.02,-3.100000E-3,-1.287000E-1,-4.000000E-3,0.13,0.00,0.13,0.00
12.00,-1.34,-51.03,12.01,-1.20,-51.02,-3.300000E-3,-1.391900E-1,-4.500000E-3,0.14,0.00,0.14,0.00
9.00,-1.40,-51.03,9.01,-1.25,-51.03,-3.600000E-3,-1.499800E-1,-5.100000E-3,0.15,0.00,0.15,0.01
6.00,-1.45,-51.03,6.00,-1.29,-51.03,-3.900000E-3,-1.609400E-1,-5.400000E-3,0.16,0.00,0.16,0.01
3.00,-1.48,-51.04,3.00,-1.31,-51.03,-4.280000E-3,-1.718500E-1,-5.700000E-3,0.17,0.00,0.17,0.01
-0.003470,-1.51,-51.04,0.001154,-1.32,-51.03,-4.624270E-3,-1.825100E-1,-5.900000E-3,0.18,0.00,0.18,0.01
-3.01,-1.51,-51.04,-3.00,-1.32,-51.03,-5.030000E-3,-1.926500E-1,-5.900000E-3,0.19,0.01,0.19,0.01
-6.01,-1.51,-51.03,-6.00,-1.31,-51.03,-5.360000E-3,-2.020500E-1,-5.800000E-3,0.20,0.01,0.20,0.01
-9.01,-1.49,-51.03,-9.00,-1.28,-51.03,-5.690000E-3,-2.105300E-1,-5.500000E-3,0.21,0.01,0.21,0.01
-12.01,-1.46,-51.03,-12.00,-1.24,-51.03,-5.900000E-3,-2.178900E-1,-5.100000E-3,0.22,0.01,0.22,0.01
-15.01,-1.41,-51.03,-15.01,-1.19,-51.02,-6.100000E-3,-2.239400E-1,-4.600000E-3,0.22,0.01,0.22,0.00
-18.01,-1.36,-51.02,-18.01,-1.13,-51.02,-6.100000E-3,-2.284700E-1,-4.000000E-3,0.23,0.01,0.23,0.00
-21.01,-1.29,-51.02,-21.01,-1.06,-51.02,-6.000000E-3,-2.313100E-1,-3.400000E-3,0.23,0.01,0.23,0.00
-24.01,-1.22,-51.02,-24.01,-0.990573,-51.01,-5.900000E-3,-2.322370E-1,-2.800000E-3,0.23,0.01,0.23,0.00
-27.01,-1.14,-51.01,-27.01,-0.912956,-51.01,-5.600000E-3,-2.309840E-1,-2.200000E-3,0.23,0.01,0.23,0.00
-30.01,-1.06,-51.01,-30.01,-0.832615,-51.01,-5.200000E-3,-2.273450E-1,-1.600000E-3,0.23,0.01,0.23,0.00
-33.01,-0.972072,-51.01,-33.01,-0.750923,-51.01,-4.700000E-3,-2.211490E-1,-1.100000E-3,0.22,0.00,0.22,0.00
-36.01,-0.881739,-51.01,-36.00,-0.669448,-51.00,-4.200000E-3,-2.122910E-1,-7.000000E-4,0.21,0.00,0.21,0.00
-39.01,-0.789911,-51.00,-39.00,-0.589159,-51.00,-3.600000E-3,-2.007520E-1,-2.000000E-4,0.20,0.00,0.20,0.00
-42.01,-0.697488,-51.00,-42.00,-0.510864,-51.00,-3.100000E-3,-1.866240E-1,2.000000E-4,0.19,0.00,0.19,0.00
-45.00,-0.606260,-51.00,-45.00,-0.436171,-51.00,-2.500000E-3,-1.700890E-1,5.000000E-4,0.17,0.00,0.17,0.00
-48.00,-0.516628,-51.00,-48.00,-0.365181,-51.00,-1.900000E-3,-1.514470E-1,7.000000E-4,0.15,0.00,0.15,0.00
-51.00,-0.429464,-51.00,-51.00,-0.298360,-51.00,-1.400000E-3,-1.311040E-1,9.000000E-4,0.13,0.00,0.13,0.00
-54.00,-0.346353,-51.00,-54.00,-0.236744,-51.00,-9.000000E-4,-1.096090E-1,1.000000E-3,0.11,0.00,0.11,0.00
-57.00,-0.268454,-51.00,-57.00,-0.180824,-51.00,-4.000000E-4,-8.763000E-2,1.100000E-3,0.09,0.00,0.09,0.00
-60.00,-0.196957,-51.00,-60.00,-0.130963,-51.00,-1.000000E-4,-6.599400E-2,1.000000E-3,0.07,0.00,0.07,0.00
-63.00,-0.133123,-51.00,-63.00,-0.087490,-51.00,1.000000E-4,-4.563260E-2,1.000000E-3,0.05,0.00,0.05,0.00
-66.00,-0.079131,-51.00,-66.00,-0.051512,-51.00,3.000000E-4,-2.761860E-2,9.000000E-4,0.03,0.00,0.03,0.00
-69.00,-0.037449,-51.00,-69.00,-0.024326,-51.00,3.000000E-4,-1.312330E-2,6.000000E-4,0.01,0.00,0.01,0.00
-72.00,-0.009646,-51.00,-72.00,-0.006200,-51.00,2.000000E-4,-3.445750E-3,3.000000E-4,0.00,0.00,0.00,0.00
-75,-0.000001,-51,-75,-0.000001,-51,0.000000E+0,0.000000E+0,0.000000E+0,0,0,0,0
75,-0.000001,-54,75,-0.000001,-54,0.000000E+0,0.000000E+0,0.000000E+0,0,0,0,0
72.00,-0.004439,-54.00,72.00,-0.003632,-54.00,-2.000000E-4,-8.067600E-4,1.000000E-4,0.00,0.00,0.00,0.00
69.00,-0.016910,-54.00,69.00,-0.013917,-54.00,-4.000000E-4,-2.992700E-3,2.000000E-4,0.00,0.00,0.00,0.00
66.00,-0.037313,-54.00,66.00,-0.031080,-54.00,-5.000000E-4,-6.232800E-3,3.000000E-4,0.01,0.00,0.01,0.00
63.00,-0.065001,-54.00,63.00,-0.054760,-54.00,-7.000000E-4,-1.024140E-2,3.000000E-4,0.01,0.00,0.01,0.00
60.00,-0.098974,-54.00,60.00,-0.084186,-54.00,-9.000000E-4,-1.478820E-2,2.000000E-4,0.01,0.00,0.01,0.00
57.00,-0.138861,-54.00,57.00,-0.119170,-54.00,-1.000000E-3,-1.969100E-2,2.000000E-4,0.02,0.00,0.02,0.00
54.00,-0.184151,-54.00,54.00,-0.159327,-54.00,-1.100000E-3,-2.482400E-2,2.000000E-4,0.02,0.00,0.02,0.00
51.00,-0.234642,-54.00,51.00,-0.204540,-54.00,-1.300000E-3,-3.010200E-2,2.000000E-4,0.03,0.00,0.03,0.00
48.00,-0.289700,-54.00,48.00,-0.254208,-54.00,-1.400000E-3,-3.549200E-2,0.000000E+0,0.04,0.00,0.04,0
45.00,-0.349571,-54.00,45.00,-0.308573,-54.00,-1.500000E-3,-4.099800E-2,-1.000000E-4,0.04,0.00,0.04,0.00
42.00,-0.413635,-54.00,42.00,-0.366972,-54.00,-1.600000E-3,-4.666300E-2,-3.000000E-4,0.05,0.00,0.05,0.00
39.00,-0.481198,-54.00,39.00,-0.428677,-54.00,-1.800000E-3,-5.252100E-2,-4.000000E-4,0.05,0.00,0.05,0.00
36,-0.551904,-54.00,36.00,-0.493248,-54.00,-2.000000E-3,-5.865600E-2,-6.000000E-4,0.06,0.00,0.06,0.00
33.00,-0.624879,-54.00,33.00,-0.559795,-54.00,-2.100000E-3,-6.508400E-2,-9.000000E-4,0.07,0.00,0.07,0.00
30.00,-0.699111,-54.01,30.00,-0.627228,-54.00,-2.200000E-3,-7.188300E-2,-1.200000E-3,0.07,0.00,0.07,0.00
27.00,-0.773456,-54.01,27.00,-0.694417,-54.01,-2.300000E-3,-7.903900E-2,-1.500000E-3,0.08,0.00,0.08,0.00
24.00,-0.846787,-54.01,24.00,-0.760183,-54.01,-2.600000E-3,-8.660400E-2,-1.800000E-3,0.09,0.00,0.09,0.00
21.00,-0.917639,-54.01,21.00,-0.823077,-54.01,-2.700000E-3,-9.456200E-2,-2.200000E-3,0.09,0.00,0.09,0.00
18.00,-0.984635,-54.01,18.00,-0.881703,-54.01,-2.900000E-3,-1.029320E-1,-2.600000E-3,0.10,0.00,0.10,0.00
15.00,-1.05,-54.02,15.00,-0.934727,-54.01,-3.100000E-3,-1.116830E-1,-3.000000E-3,0.11,0.00,0.11,0.00
12.00,-1.10,-54.02,12.00,-0.980876,-54.02,-3.300000E-3,-1.207640E-1,-3.400000E-3,0.12,0.00,0.12,0.00
9.00,-1.15,-54.02,9.00,-1.02,-54.02,-3.570000E-3,-1.300900E-1,-3.700000E-3,0.13,0.00,0.13,0.00
6.00,-1.19,-54.02,6.00,-1.05,-54.02,-3.860000E-3,-1.395100E-1,-4.000000E-3,0.14,0.00,0.14,0.00
3.00,-1.22,-54.02,3.00,-1.07,-54.02,-4.100000E-3,-1.488700E-1,-4.200000E-3,0.15,0.00,0.15,0.00
-0.003740,-1.23,-54.02,0.000665,-1.08,-54.02,-4.404881E-3,-1.579100E-1,-4.300000E-3,0.16,0.00,0.16,0.00
-3.01,-1.24,-54.02,-3.00,-1.08,-54.02,-4.640000E-3,-1.664500E-1,-4.400000E-3,0.17,0.00,0.17,0.00
-6.01,-1.24,-54.02,-6.00,-1.06,-54.02,-4.880000E-3,-1.742600E-1,-4.200000E-3,0.17,0.00,0.17,0.00
-9.01,-1.22,-54.02,-9.00,-1.04,-54.02,-5.040000E-3,-1.811800E-1,-4.000000E-3,0.18,0.01,0.18,0.00
-12.01,-1.20,-54.02,-12.00,-1.01,-54.02,-5.200000E-3,-1.870500E-1,-3.700000E-3,0.19,0.01,0.19,0.00
-15.01,-1.16,-54.02,-15.00,-0.968801,-54.01,-5.200000E-3,-1.917190E-1,-3.200000E-3,0.19,0.01,0.19,0.00
-18.01,-1.12,-54.02,-18.00,-0.920573,-54.01,-5.100000E-3,-1.950570E-1,-2.700000E-3,0.20,0.01,0.20,0.00
-21.01,-1.06,-54.01,-21.00,-0.866049,-54.01,-5.000000E-3,-1.969010E-1,-2.200000E-3,0.20,0.00,0.20,0.00
-24.01,-1.00,-54.01,-24.00,-0.806286,-54.01,-4.700000E-3,-1.970840E-1,-1.700000E-3,0.20,0.00,0.20,0.00
-27.01,-0.938237,-54.01,-27.00,-0.742789,-54.01,-4.400000E-3,-1.954480E-1,-1.300000E-3,0.20,0.00,0.20,0.00
-30.01,-0.868776,-54.01,-30.00,-0.676970,-54.01,-4.000000E-3,-1.918060E-1,-8.000000E-4,0.19,0.00,0.19,0.00
-33.01,-0.795965,-54.00,-33.00,-0.609927,-54.00,-3.600000E-3,-1.860380E-1,-4.000000E-4,0.19,0.00,0.19,0.00
-36.01,-0.720675,-54.00,-36.00,-0.542604,-54.00,-3.100000E-3,-1.780710E-1,0.000000E+0,0.18,0.00,0.18,0
-39.00,-0.644109,-54.00,-39.00,-0.476183,-54.00,-2.700000E-3,-1.679260E-1,2.000000E-4,0.17,0.00,0.17,0.00
-42.00,-0.567421,-54,-42.00,-0.411735,-54.00,-2.200000E-3,-1.556860E-1,6.000000E-4,0.16,0.00,0.16,0.00
-45.00,-0.491701,-54.00,-45.00,-0.350179,-54,-1.700000E-3,-1.415220E-1,8.000000E-4,0.14,0.00,0.14,0.00
-48.00,-0.417245,-54.00,-48.00,-0.291560,-54.00,-1.300000E-3,-1.256850E-1,9.000000E-4,0.13,0.00,0.13,0.00
-51.00,-0.345588,-54.00,-51.00,-0.237061,-54.00,-8.000000E-4,-1.085270E-1,1.000000E-3,0.11,0.00,0.11,0.00
-54,-0.277614,-54.00,-54.00,-0.187121,-54.00,-4.000000E-4,-9.049300E-2,1.100000E-3,0.09,0.00,0.09,0.00
-57.00,-0.213534,-54.00,-57.00,-0.141385,-54.00,-1.000000E-4,-7.214900E-2,1.100000E-3,0.07,0.00,0.07,0.00
-60.00,-0.155428,-54.00,-60.00,-0.101262,-54.00,1.000000E-4,-5.416600E-2,1.000000E-3,0.05,0.00,0.05,0.00
-63.00,-0.104133,-54.00,-63.00,-0.066803,-54.00,2.000000E-4,-3.733000E-2,9.000000E-4,0.04,0.00,0.04,0.00
-66.00,-0.061210,-54.00,-66.00,-0.038699,-54.00,3.000000E-4,-2.251160E-2,8.000000E-4,0.02,0.00,0.02,0.00
-69.00,-0.028270,-54.00,-69.00,-0.017605,-54.00,3.000000E-4,-1.066420E-2,5.000000E-4,0.01,0.00,0.01,0.00
-72.00,-0.007481,-54.00,-72.00,-0.004674,-54.00,1.000000E-4,-2.806520E-3,3.000000E-4,0.00,0.00,0.00,0.00
-75,-0.000001,-54,-75,-0.000001,-54,0.000000E+0,0.000000E+0,0.000000E+0,0,0,0,0
75,-0.000001,-57,75,-0.000001,-57,0.000000E+0,0.000000E+0,0.000000E+0,0,0,0,0
72.00,-0.002992,-57.00,72.00,-0.002340,-57.00,-2.000000E-4,-6.516800E-4,1.000000E-4,0.00,0.00,0.00,0.00
69.00,-0.011903,-57.00,69.00,-0.009521,-57.00,-3.000000E-4,-2.381440E-3,2.000000E-4,0.00,0.00,0.00,0.00
66.00,-0.027002,-57.00,66.00,-0.022043,-57.00,-5.000000E-4,-4.958800E-3,2.000000E-4,0.00,0.00,0.00,0.00
63.00,-0.047790,-57.00,63.00,-0.039618,-57.00,-7.000000E-4,-8.172100E-3,2.000000E-4,0.01,0.00,0.01,0.00
60.00,-0.073937,-57.00,60.00,-0.062098,-57.00,-8.000000E-4,-1.183920E-2,3.000000E-4,0.01,0.00,0.01,0.00
57.00,-0.104985,-57.00,57.00,-0.089167,-57.00,-9.000000E-4,-1.581790E-2,3.000000E-4,0.02,0.00,0.02,0.00
54.00,-0.140544,-57.00,54.00,-0.120543,-57.00,-1.100000E-3,-2.000100E-2,3.000000E-4,0.02,0.00,0.02,0.00
51.00,-0.180365,-57.00,51.00,-0.156033,-57.00,-1.200000E-3,-2.433200E-2,2.000000E-4,0.02,0.00,0.02,0.00
48.00,-0.224113,-57.00,48.00,-0.195336,-57.00,-1.300000E-3,-2.877700E-2,1.000000E-4,0.03,0.00,0.03,0.00
45.00,-0.271963,-57.00,45.00,-0.238614,-57.00,-1.500000E-3,-3.334900E-2,0.000000E+0,0.03,0.00,0.03,0
42.00,-0.323288,-57,42.00,-0.285219,-57,-1.600000E-3,-3.806900E-2,0.000000E+0,0.04,0.00,0.04,0
39.00,-0.377996,-57.00,39.00,-0.335005,-57.00,-1.700000E-3,-4.299100E-2,-2.000000E-4,0.04,0.00,0.04,0.00
36.00,-0.435543,-57.00,36.00,-0.387405,-57.00,-1.900000E-3,-4.813800E-2,-3.000000E-4,0.05,0.00,0.05,0.00
33.00,-0.494655,-57.00,33.00,-0.441081,-57.00,-2.000000E-3,-5.357400E-2,-5.000000E-4,0.05,0.00,0.05,0.00
30.00,-0.555134,-57.00,30.00,-0.495840,-57.00,-2.200000E-3,-5.929400E-2,-7.000000E-4,0.06,0.00,0.06,0.00
27,-0.615453,-57.00,27.00,-0.550118,-57.00,-2.300000E-3,-6.533500E-2,-1.000000E-3,0.07,0.00,0.07,0.00
24.00,-0.675128,-57.01,24.00,-0.603450,-57.00,-2.500000E-3,-7.167800E-2,-1.200000E-3,0.07,0.00,0.07,0.00
21.00,-0.732472,-57.01,21.00,-0.654132,-57.01,-2.600000E-3,-7.834000E-2,-1.400000E-3,0.08,0.00,0.08,0.00
18.00,-0.786825,-57.01,18.00,-0.701526,-57.01,-2.800000E-3,-8.529900E-2,-1.700000E-3,0.09,0.00,0.09,0.00
15.00,-0.836965,-57.01,15.00,-0.744416,-57.01,-3.000000E-3,-9.254900E-2,-2.000000E-3,0.09,0.00,0.09,0.00
12.00,-0.881727,-57.01,12.00,-0.781672,-57.01,-3.200000E-3,-1.000550E-1,-2.300000E-3,0.10,0.00,0.10,0.00
9.00,-0.920180,-57.01,9.00,-0.812429,-57.01,-3.430000E-3,-1.077510E-1,-2.600000E-3,0.11,0.00,0.11,0.00
6.00,-0.951500,-57.01,6.00,-0.835980,-57.01,-3.630000E-3,-1.155200E-1,-2.700000E-3,0.12,0.00,0.12,0.00
3.00,-0.974753,-57.01,3.00,-0.851581,-57.01,-3.840000E-3,-1.231720E-1,-2.900000E-3,0.12,0.00,0.12,0.00
-0.003644,-0.989420,-57.01,0.000364,-0.858869,-57.01,-4.008662E-3,-1.305510E-1,-2.900000E-3,0.13,0.00,0.13,0.00
-3.00,-0.995199,-57.01,-3.00,-0.857765,-57.01,-4.190000E-3,-1.374340E-1,-2.900000E-3,0.14,0.00,0.14,0.00
-6.01,-0.991825,-57.01,-6.00,-0.848156,-57.01,-4.300000E-3,-1.436690E-1,-2.700000E-3,0.14,0.00,0.14,0.00
-9.01,-0.979449,-57.01,-9.00,-0.830347,-57.01,-4.380000E-3,-1.491020E-1,-2.600000E-3,0.15,0.00,0.15,0.00
-12.01,-0.958505,-57.01,-12.00,-0.804890,-57.01,-4.300000E-3,-1.536150E-1,-2.200000E-3,0.15,0.00,0.15,0.00
-15.01,-0.929272,-57.01,-15.00,-0.772158,-57.01,-4.400000E-3,-1.571140E-1,-1.900000E-3,0.16,0.00,0.16,0.00
-18.01,-0.892592,-57.01,-18.00,-0.733102,-57.01,-4.100000E-3,-1.594900E-1,-1.500000E-3,0.16,0.00,0.16,0.00
-21.01,-0.849767,-57.01,-21.00,-0.689131,-57.01,-4.000000E-3,-1.606360E-1,-1.100000E-3,0.16,0.00,0.16,0.00
-24.01,-0.801013,-57.01,-24.00,-0.640591,-57.00,-3.700000E-3,-1.604220E-1,-7.000000E-4,0.16,0.00,0.16,0.00
-27.01,-0.747967,-57.00,-27.00,-0.589257,-57.00,-3.400000E-3,-1.587100E-1,-4.000000E-4,0.16,0.00,0.16,0.00
-30.01,-0.691242,-57.00,-30.00,-0.535860,-57.00,-3.000000E-3,-1.553820E-1,-1.000000E-4,0.16,0.00,0.16,0.00
-33.00,-0.631537,-57.00,-33.00,-0.481200,-57.00,-2.700000E-3,-1.503370E-1,2.000000E-4,0.15,0.00,0.15,0.00
-36.00,-0.570138,-57,-36.00,-0.426595,-57.00,-2.200000E-3,-1.435430E-1,5.000000E-4,0.14,0.00,0.14,0.00
-39.00,-0.508059,-57.00,-39.00,-0.373042,-57,-1.800000E-3,-1.350170E-1,7.000000E-4,0.14,0.00,0.14,0.00
-42.00,-0.445802,-57.00,-42.00,-0.320952,-57.00,-1.500000E-3,-1.248500E-1,9.000000E-4,0.12,0.00,0.12,0.00
-45.00,-0.384490,-57.00,-45.00,-0.271295,-57.00,-1.000000E-3,-1.131950E-1,1.000000E-3,0.11,0.00,0.11,0.00
-48.00,-0.324830,-57.00,-48.00,-0.224564,-57.00,-7.000000E-4,-1.002660E-1,1.000000E-3,0.10,0.00,0.10,0.00
-51,-0.267418,-57.00,-51.00,-0.181073,-57.00,-4.000000E-4,-8.634500E-2,1.100000E-3,0.09,0.00,0.09,0.00
-54.00,-0.213467,-57.00,-54.00,-0.141674,-57.00,-1.000000E-4,-7.179300E-2,1.100000E-3,0.07,0.00,0.07,0.00
-57.00,-0.163262,-57.00,-57.00,-0.106206,-57.00,0.000000E+0,-5.705600E-2,1.100000E-3,0.06,0,0.06,0.00
-60.00,-0.117776,-57.00,-60.00,-0.075095,-57.00,2.000000E-4,-4.268090E-2,1.000000E-3,0.04,0.00,0.04,0.00
-63.00,-0.077957,-57.00,-63.00,-0.048667,-57.00,3.000000E-4,-2.928930E-2,9.000000E-4,0.03,0.00,0.03,0.00
-66.00,-0.045034,-57.00,-66.00,-0.027455,-57.00,3.000000E-4,-1.757880E-2,6.000000E-4,0.02,0.00,0.02,0.00
-69.00,-0.020588,-57.00,-69.00,-0.012298,-57.00,3.000000E-4,-8.290000E-3,5.000000E-4,0.01,0.00,0.01,0.00
-72.00,-0.005148,-57.00,-72.00,-0.002962,-57.00,2.000000E-4,-2.186540E-3,2.000000E-4,0.00,0.00,0.00,0.00
-75,-0.000001,-57,-75,-0.000001,-57,0.000000E+0,0.000000E+0,0.000000E+0,0,0,0,0
75,-0.000001,-60,75,-0.000001,-60,0.000000E+0,0.000000E+0,0.000000E+0,0,0,0,0
72.00,-0.001670,-60.00,72.00,-0.001172,-60.00,-1.000000E-4,-4.986100E-4,1.000000E-4,0.00,0.00,0.00,0.00
69.00,-0.007626,-60.00,69.00,-0.005840,-60.00,-3.000000E-4,-1.786020E-3,2.000000E-4,0.00,0.00,0.00,0.00
66.00,-0.018005,-60.00,66.00,-0.014285,-60.00,-4.000000E-4,-3.720400E-3,3.000000E-4,0.00,0.00,0.00,0.00
63.00,-0.032874,-60.00,63.00,-0.026722,-60.00,-6.000000E-4,-6.151200E-3,3.000000E-4,0.01,0.00,0.01,0.00
60.00,-0.051973,-60.00,60.00,-0.043030,-60.00,-8.000000E-4,-8.942300E-3,3.000000E-4,0.01,0.00,0.01,0.00
57.00,-0.074686,-60.00,57.00,-0.062703,-60.00,-9.000000E-4,-1.198290E-2,3.000000E-4,0.01,0.00,0.01,0.00
54.00,-0.101251,-60.00,54.00,-0.086055,-60.00,-1.000000E-3,-1.519610E-2,3.000000E-4,0.02,0.00,0.02,0.00
51.00,-0.131069,-60.00,51.00,-0.112535,-60.00,-1.100000E-3,-1.853400E-2,3.000000E-4,0.02,0.00,0.02,0.00
48.00,-0.164360,-60.00,48.00,-0.142377,-60.00,-1.300000E-3,-2.198300E-2,2.000000E-4,0.02,0.00,0.02,0.00
45.00,-0.201032,-60.00,45.00,-0.175488,-60.00,-1.400000E-3,-2.554400E-2,2.000000E-4,0.03,0.00,0.03,0.00
42.00,-0.240853,-60.00,42.00,-0.211603,-60.00,-1.500000E-3,-2.925000E-2,1.000000E-4,0.03,0.00,0.03,0.00
39.00,-0.283288,-60.00,39.00,-0.250168,-60.00,-1.700000E-3,-3.312000E-2,1.000000E-4,0.03,0.00,0.03,0.00
36.00,-0.328330,-60.00,36.00,-0.291130,-60.00,-1.800000E-3,-3.720000E-2,0.000000E+0,0.04,0.00,0.04,0
33.00,-0.374840,-60,33.00,-0.333343,-60.00,-2.000000E-3,-4.149700E-2,-2.000000E-4,0.04,0.00,0.04,0.00
30.00,-0.422387,-60.00,30.00,-0.376343,-60.00,-2.100000E-3,-4.604400E-2,-3.000000E-4,0.05,0.00,0.05,0.00
27.00,-0.470359,-60.00,27.00,-0.419537,-60.00,-2.200000E-3,-5.082200E-2,-4.000000E-4,0.05,0.00,0.05,0.00
24.00,-0.517426,-60.00,24.00,-0.461585,-60.00,-2.300000E-3,-5.584100E-2,-6.000000E-4,0.06,0.00,0.06,0.00
21.00,-0.563062,-60.00,21.00,-0.501984,-60.00,-2.500000E-3,-6.107800E-2,-8.000000E-4,0.06,0.00,0.06,0.00
18.00,-0.605941,-60.00,18.00,-0.539407,-60.00,-2.600000E-3,-6.653400E-2,-9.000000E-4,0.07,0.00,0.07,0.00
15.00,-0.645787,-60.00,15.00,-0.573597,-60.00,-2.800000E-3,-7.219000E-2,-1.100000E-3,0.07,0.00,0.07,0.00
12.00,-0.681192,-60.00,12.00,-0.603162,-60.00,-3.000000E-3,-7.803000E-2,-1.300000E-3,0.08,0.00,0.08,0.00
9.00,-0.711643,-60.01,9.00,-0.627638,-60.00,-3.130000E-3,-8.400500E-2,-1.400000E-3,0.08,0.00,0.08,0.00
6.00,-0.736607,-60.01,6.00,-0.646589,-60.00,-3.300000E-3,-9.001800E-2,-1.500000E-3,0.09,0.00,0.09,0.00
3.00,-0.755062,-60.01,3.00,-0.659113,-60.00,-3.420000E-3,-9.594900E-2,-1.600000E-3,0.10,0.00,0.10,0.00
-0.003459,-0.766615,-60.01,0.000089,-0.665001,-60.01,-3.548718E-3,-1.016140E-1,-1.600000E-3,0.10,0.00,0.10,0.00
-3.00,-0.770945,-60.01,-3.00,-0.664066,-60.00,-3.620000E-3,-1.068790E-1,-1.500000E-3,0.11,0.00,0.11,0.00
-6.00,-0.768178,-60.01,-6.00,-0.656590,-60.00,-3.670000E-3,-1.115880E-1,-1.400000E-3,0.11,0.00,0.11,0.00
-9.00,-0.758188,-60.01,-9.00,-0.642544,-60.00,-3.660000E-3,-1.156440E-1,-1.200000E-3,0.12,0.00,0.12,0.00
-12.01,-0.740977,-60.00,-12.00,-0.622017,-60.00,-3.600000E-3,-1.189600E-1,-9.000000E-4,0.12,0.00,0.12,0.00
-15.01,-0.717499,-60.00,-15.00,-0.596033,-60.00,-3.500000E-3,-1.214660E-1,-7.000000E-4,0.12,0.00,0.12,0.00
-18.01,-0.688316,-60.00,-18.00,-0.565220,-60.00,-3.300000E-3,-1.230960E-1,-4.000000E-4,0.12,0.00,0.12,0.00
-21.01,-0.653774,-60.00,-21.00,-0.530008,-60.00,-3.100000E-3,-1.237660E-1,-1.000000E-4,0.12,0.00,0.12,0.00
-24.00,-0.614796,-60.00,-24.00,-0.491414,-60.00,-2.800000E-3,-1.233820E-1,1.000000E-4,0.12,0.00,0.12,0.00
-27.00,-0.572412,-60.00,-27.00,-0.450565,-60.00,-2.500000E-3,-1.218470E-1,4.000000E-4,0.12,0.00,0.12,0.00
-30.00,-0.527026,-60.00,-30.00,-0.407970,-60.00,-2.200000E-3,-1.190560E-1,6.000000E-4,0.12,0.00,0.12,0.00
-33.00,-0.479824,-60.00,-33.00,-0.364870,-60.00,-1.900000E-3,-1.149540E-1,7.000000E-4,0.11,0.00,0.11,0.00
-36.00,-0.431122,-60.00,-36.00,-0.321612,-60.00,-1.500000E-3,-1.095100E-1,9.000000E-4,0.11,0.00,0.11,0.00
-39.00,-0.382168,-60.00,-39.00,-0.279411,-60.00,-1.200000E-3,-1.027570E-1,1.000000E-3,0.10,0.00,0.10,0.00
-42.00,-0.333578,-60.00,-42.00,-0.238801,-60.00,-8.000000E-4,-9.477700E-2,1.100000E-3,0.09,0.00,0.09,0.00
-45.00,-0.285879,-60.00,-45.00,-0.200176,-60.00,-6.000000E-4,-8.570300E-2,1.100000E-3,0.09,0.00,0.09,0.00
-48.00,-0.239926,-60.00,-48.00,-0.164218,-60.00,-3.000000E-4,-7.570800E-2,1.100000E-3,0.08,0.00,0.08,0.00
-51.00,-0.196467,-60.00,-51.00,-0.131459,-60.00,0.000000E+0,-6.500800E-2,1.100000E-3,0.07,0,0.07,0.00
-54.00,-0.155371,-60.00,-54.00,-0.101492,-60.00,2.000000E-4,-5.387900E-2,1.000000E-3,0.05,0.00,0.05,0.00
-57.00,-0.117786,-60.00,-57.00,-0.075123,-60.00,2.000000E-4,-4.266350E-2,1.000000E-3,0.04,0.00,0.04,0.00
-60.00,-0.084267,-60.00,-60.00,-0.052496,-60.00,3.000000E-4,-3.177030E-2,8.000000E-4,0.03,0.00,0.03,0.00
-63.00,-0.054929,-60.00,-63.00,-0.033250,-60.00,4.000000E-4,-2.167910E-2,7.000000E-4,0.02,0.00,0.02,0.00
-66.00,-0.031318,-60.00,-66.00,-0.018398,-60.00,3.000000E-4,-1.292000E-2,6.000000E-4,0.01,0.00,0.01,0.00
-69.00,-0.013743,-60.00,-69.00,-0.007694,-60.00,2.000000E-4,-6.049160E-3,5.000000E-4,0.01,0.00,0.01,0.00
-72.00,-0.003293,-60.00,-72.00,-0.001698,-60.00,2.000000E-4,-1.595600E-3,3.000000E-4,0.00,0.00,0.00,0.00
-75,-0.000001,-60,-75,-0.000001,-60,0.000000E+0,0.000000E+0,0.000000E+0,0,0,0,0
75,-0.000001,-63,75,-0.000001,-63,0.000000E+0,0.000000E+0,0.000000E+0,0,0,0,0
72.00,-0.000859,-63.00,72.00,-0.000507,-63.00,-2.000000E-4,-3.513200E-4,1.000000E-4,0.00,0.00,0.00,0.00
69.00,-0.004374,-63.00,69.00,-0.003147,-63.00,-2.000000E-4,-1.227840E-3,2.000000E-4,0.00,0.00,0.00,0.00
66.00,-0.011004,-63.00,66.00,-0.008442,-63.00,-4.000000E-4,-2.562060E-3,2.000000E-4,0.00,0.00,0.00,0.00
63.00,-0.020774,-63.00,63.00,-0.016519,-63.00,-5.000000E-4,-4.255500E-3,2.000000E-4,0.00,0.00,0.00,0.00
60.00,-0.033201,-63.00,60.00,-0.026990,-63.00,-7.000000E-4,-6.210400E-3,3.000000E-4,0.01,0.00,0.01,0.00
57.00,-0.048671,-63.00,57.00,-0.040325,-63.00,-8.000000E-4,-8.346300E-3,2.000000E-4,0.01,0.00,0.01,0.00
54.00,-0.067132,-63.00,54.00,-0.056525,-63.00,-9.000000E-4,-1.060760E-2,3.000000E-4,0.01,0.00,0.01,0.00
51.00,-0.088016,-63.00,51.00,-0.075049,-63.00,-9.000000E-4,-1.296670E-2,3.000000E-4,0.01,0.00,0.01,0.00
48.00,-0.111385,-63.00,48.00,-0.095971,-63.00,-1.100000E-3,-1.541380E-2,3.000000E-4,0.02,0.00,0.02,0.00
45.00,-0.137713,-63.00,45.00,-0.119755,-63.00,-1.200000E-3,-1.795800E-2,2.000000E-4,0.02,0.00,0.02,0.00
42.00,-0.166579,-63.00,42.00,-0.145965,-63.00,-1.300000E-3,-2.061400E-2,2.000000E-4,0.02,0.00,0.02,0.00
39.00,-0.197683,-63.00,39.00,-0.174271,-63.00,-1.400000E-3,-2.341200E-2,2.000000E-4,0.02,0.00,0.02,0.00
36.00,-0.231236,-63.00,36.00,-0.204871,-63.00,-1.500000E-3,-2.636500E-2,2.000000E-4,0.03,0.00,0.03,0.00
33.00,-0.266087,-63.00,33.00,-0.236589,-63.00,-1.700000E-3,-2.949800E-2,1.000000E-4,0.03,0.00,0.03,0.00
30.00,-0.301985,-63.00,30.00,-0.269183,-63.00,-1.800000E-3,-3.280200E-2,0.000000E+0,0.03,0.00,0.03,0
27.00,-0.337964,-63.00,27.00,-0.301676,-63.00,-2.000000E-3,-3.628800E-2,0.000000E+0,0.04,0.00,0.04,0
24.00,-0.373813,-63.00,24.00,-0.333886,-63.00,-2.100000E-3,-3.992700E-2,-1.000000E-4,0.04,0.00,0.04,0.00
21.00,-0.408428,-63.00,21.00,-0.364709,-63.00,-2.300000E-3,-4.371900E-2,-2.000000E-4,0.04,0.00,0.04,0.00
18.00,-0.441150,-63.00,18.00,-0.393506,-63.00,-2.300000E-3,-4.764400E-2,-2.000000E-4,0.05,0.00,0.05,0.00
15.00,-0.471578,-63.00,15.00,-0.419873,-63.00,-2.500000E-3,-5.170500E-2,-3.000000E-4,0.05,0.00,0.05,0.00
12.00,-0.498582,-63.00,12.00,-0.442695,-63.00,-2.600000E-3,-5.588700E-2,-4.000000E-4,0.06,0.00,0.06,0.00
9.00,-0.521776,-63.00,9.00,-0.461621,-63.00,-2.740000E-3,-6.015500E-2,-5.000000E-4,0.06,0.00,0.06,0.00
6.00,-0.540894,-63.00,6.00,-0.476448,-63.00,-2.840000E-3,-6.444600E-2,-6.000000E-4,0.06,0.00,0.06,0.00
3.00,-0.554790,-63.00,3.00,-0.486135,-63.00,-2.930000E-3,-6.865500E-2,-6.000000E-4,0.07,0.00,0.07,0.00
-0.003070,-0.563308,-63.00,-0.000091,-0.490627,-63.00,-2.978853E-3,-7.268100E-2,-5.000000E-4,0.07,0.00,0.07,0.00
-3.00,-0.566535,-63.00,-3.00,-0.490147,-63.00,-3.020000E-3,-7.638800E-2,-4.000000E-4,0.08,0.00,0.08,0.00
-6.00,-0.563998,-63,-6.00,-0.484312,-63.00,-3.000000E-3,-7.968600E-2,-3.000000E-4,0.08,0.00,0.08,0.00
-9.00,-0.555814,-63.00,-9.00,-0.473322,-63.00,-2.950000E-3,-8.249200E-2,-2.000000E-4,0.08,0.00,0.08,0.00
-12.00,-0.542286,-63.00,-12.00,-0.457529,-63.00,-2.900000E-3,-8.475700E-2,0.000000E+0,0.08,0.00,0.08,0
-15.00,-0.523998,-63.00,-15.00,-0.437562,-63.00,-2.700000E-3,-8.643600E-2,2.000000E-4,0.09,0.00,0.09,0.00
-18.00,-0.501107,-63.00,-18.00,-0.413624,-63.00,-2.500000E-3,-8.748300E-2,4.000000E-4,0.09,0.00,0.09,0.00
-21.00,-0.474556,-63.00,-21.00,-0.386709,-63.00,-2.300000E-3,-8.784700E-2,6.000000E-4,0.09,0.00,0.09,0.00
-24.00,-0.444325,-63.00,-24.00,-0.356866,-63.00,-2.000000E-3,-8.745900E-2,8.000000E-4,0.09,0.00,0.09,0.00
-27.00,-0.411801,-63.00,-27.00,-0.325562,-63.00,-1.700000E-3,-8.623900E-2,1.000000E-3,0.09,0.00,0.09,0.00
-30.00,-0.377122,-63.00,-30.00,-0.292993,-63.00,-1.500000E-3,-8.412900E-2,1.100000E-3,0.08,0.00,0.08,0.00
-33.00,-0.341150,-63.00,-33.00,-0.260072,-63.00,-1.200000E-3,-8.107800E-2,1.200000E-3,0.08,0.00,0.08,0.00
-36.00,-0.304739,-63.00,-36.00,-0.227664,-63.00,-9.000000E-4,-7.707500E-2,1.200000E-3,0.08,0.00,0.08,0.00
-39.00,-0.267710,-63.00,-39,-0.195560,-63.00,-6.000000E-4,-7.215000E-2,1.200000E-3,0.07,0.00,0.07,0.00
-42.00,-0.232016,-63.00,-42.00,-0.165640,-63.00,-3.000000E-4,-6.637600E-2,1.200000E-3,0.07,0.00,0.07,0.00
-45.00,-0.197321,-63.00,-45.00,-0.137466,-63.00,-1.000000E-4,-5.985500E-2,1.200000E-3,0.06,0.00,0.06,0.00
-48.00,-0.164377,-63.00,-48.00,-0.111657,-63.00,0.000000E+0,-5.272000E-2,1.100000E-3,0.05,0,0.05,0.00
-51.00,-0.133120,-63.00,-51.00,-0.087992,-63.00,2.000000E-4,-4.512810E-2,1.100000E-3,0.05,0.00,0.05,0.00
-54.00,-0.104406,-63.00,-54.00,-0.067136,-63.00,3.000000E-4,-3.727020E-2,9.000000E-4,0.04,0.00,0.04,0.00
-57.00,-0.078376,-63.00,-57.00,-0.048994,-63.00,3.000000E-4,-2.938290E-2,9.000000E-4,0.03,0.00,0.03,0.00
-60.00,-0.055184,-63.00,-60.00,-0.033429,-63.00,4.000000E-4,-2.175570E-2,7.000000E-4,0.02,0.00,0.02,0.00
-63.00,-0.035454,-63.00,-63.00,-0.020725,-63.00,4.000000E-4,-1.472880E-2,6.000000E-4,0.01,0.00,0.01,0.00
-66.00,-0.019613,-63.00,-66.00,-0.010929,-63.00,3.000000E-4,-8.683900E-3,5.000000E-4,0.01,0.00,0.01,0.00
-69.00,-0.008125,-63.00,-69.00,-0.004112,-63.00,3.000000E-4,-4.012380E-3,3.000000E-4,0.00,0.00,0.00,0.00
-72.00,-0.001936,-63.00,-72.00,-0.000880,-63.00,1.000000E-4,-1.056055E-3,2.000000E-4,0.00,0.00,0.00,0.00
-75,-0.000001,-63,-75,-0.000001,-63,0.000000E+0,0.000000E+0,0.000000E+0,0,0,0,0
75,-0.000001,-66,75,-0.000001,-66,0.000000E+0,0.000000E+0,0.000000E+0,0,0,0,0
72.00,-0.000468,-66.00,72.00,-0.000251,-66.00,-1.000000E-4,-2.179700E-4,1.000000E-4,0.00,0.00,0.00,0.00
69.00,-0.002028,-66.00,69.00,-0.001293,-66.00,-2.000000E-4,-7.358300E-4,2.000000E-4,0.00,0.00,0.00,0.00
66.00,-0.005292,-66.00,66.00,-0.003748,-66.00,-3.000000E-4,-1.544620E-3,2.000000E-4,0.00,0.00,0.00,0.00
63.00,-0.011118,-66.00,63.00,-0.008536,-66.00,-4.000000E-4,-2.582140E-3,2.000000E-4,0.00,0.00,0.00,0.00
60.00,-0.018546,-66.00,60.00,-0.014762,-66.00,-5.000000E-4,-3.783700E-3,3.000000E-4,0.00,0.00,0.00,0.00
57.00,-0.027844,-66.00,57.00,-0.022749,-66.00,-6.000000E-4,-5.095700E-3,2.000000E-4,0.01,0.00,0.01,0.00
54.00,-0.038875,-66.00,54.00,-0.032389,-66.00,-7.000000E-4,-6.485600E-3,3.000000E-4,0.01,0.00,0.01,0.00
51.00,-0.051848,-66.00,51.00,-0.043911,-66.00,-8.000000E-4,-7.936600E-3,3.000000E-4,0.01,0.00,0.01,0.00
48.00,-0.066746,-66.00,48.00,-0.057296,-66.00,-8.000000E-4,-9.450600E-3,3.000000E-4,0.01,0.00,0.01,0.00
45.00,-0.083429,-66.00,45.00,-0.072396,-66.00,-1.000000E-3,-1.103240E-2,3.000000E-4,0.01,0.00,0.01,0.00
42.00,-0.102384,-66.00,42.00,-0.089685,-66.00,-1.100000E-3,-1.269920E-2,3.000000E-4,0.01,0.00,0.01,0.00
39.00,-0.123271,-66.00,39.00,-0.108810,-66.00,-1.200000E-3,-1.446100E-2,3.000000E-4,0.01,0.00,0.01,0.00
36.00,-0.145850,-66.00,36.00,-0.129512,-66.00,-1.200000E-3,-1.633800E-2,3.000000E-4,0.02,0.00,0.02,0.00
33.00,-0.169577,-66.00,33.00,-0.151247,-66.00,-1.400000E-3,-1.833000E-2,3.000000E-4,0.02,0.00,0.02,0.00
30.00,-0.194312,-66.00,30.00,-0.173863,-66.00,-1.400000E-3,-2.044900E-2,3.000000E-4,0.02,0.00,0.02,0.00
27.00,-0.219468,-66.00,27.00,-0.196794,-66.00,-1.600000E-3,-2.267400E-2,3.000000E-4,0.02,0.00,0.02,0.00
24.00,-0.244209,-66.00,24.00,-0.219210,-66.00,-1.700000E-3,-2.499900E-2,2.000000E-4,0.03,0.00,0.02,0.00
21.00,-0.268650,-66.00,21,-0.241247,-66.00,-1.800000E-3,-2.740300E-2,3.000000E-4,0.03,0.00,0.03,0.00
18.00,-0.291986,-66.00,18.00,-0.262097,-66.00,-2.000000E-3,-2.988900E-2,1.000000E-4,0.03,0.00,0.03,0.00
15.00,-0.313473,-66.00,15.00,-0.281024,-66.00,-2.000000E-3,-3.244900E-2,2.000000E-4,0.03,0.00,0.03,0.00
12.00,-0.332665,-66.00,12.00,-0.297583,-66.00,-2.100000E-3,-3.508200E-2,2.000000E-4,0.04,0.00,0.04,0.00
9.00,-0.349216,-66.00,9.00,-0.311450,-66.00,-2.210000E-3,-3.776600E-2,2.000000E-4,0.04,0.00,0.04,0.00
6.00,-0.362697,-66.00,6.00,-0.322240,-66.00,-2.280000E-3,-4.045700E-2,2.000000E-4,0.04,0.00,0.04,0.00
3.00,-0.372561,-66.00,3.00,-0.329460,-66.00,-2.330000E-3,-4.310100E-2,2.000000E-4,0.04,0.00,0.04,0.00
-0.002617,-0.378476,-66.00,-0.000263,-0.332865,-66.00,-2.353538E-3,-4.561100E-2,3.000000E-4,0.05,0.00,0.05,0.00
-3.00,-0.380555,-66.00,-3.00,-0.332636,-66.00,-2.340000E-3,-4.791900E-2,3.000000E-4,0.05,0.00,0.05,0.00
-6.00,-0.378364,-66.00,-6.00,-0.328412,-66.00,-2.300000E-3,-4.995200E-2,5.000000E-4,0.05,0.00,0.05,0.00
-9.00,-0.372079,-66.00,-9.00,-0.320412,-66.00,-2.230000E-3,-5.166700E-2,5.000000E-4,0.05,0.00,0.05,0.00
-12.00,-0.362157,-66.00,-12.00,-0.309123,-66.00,-2.100000E-3,-5.303400E-2,7.000000E-4,0.05,0.00,0.05,0.00
-15.00,-0.348174,-65.99,-15.00,-0.294144,-66.00,-2.000000E-3,-5.403000E-2,9.000000E-4,0.05,0.00,0.05,0.00
-18.00,-0.331740,-65.99,-18.00,-0.277108,-66.00,-1.800000E-3,-5.463200E-2,1.000000E-3,0.05,0.00,0.05,0.00
-21.00,-0.312193,-65.99,-21.00,-0.257390,-66.00,-1.600000E-3,-5.480300E-2,1.100000E-3,0.05,0.00,0.05,0.00
-24.00,-0.290521,-66.00,-24.00,-0.236024,-66.00,-1.400000E-3,-5.449700E-2,1.200000E-3,0.05,0.00,0.05,0.00
-27.00,-0.267334,-66.00,-27.00,-0.213665,-66.00,-1.200000E-3,-5.366900E-2,1.200000E-3,0.05,0.00,0.05,0.00
-30.00,-0.242916,-66.00,-30.00,-0.190644,-66.00,-9.000000E-4,-5.227200E-2,1.300000E-3,0.05,0.00,0.05,0.00
-33.00,-0.217962,-66.00,-33.00,-0.167681,-66.00,-7.000000E-4,-5.028100E-2,1.300000E-3,0.05,0.00,0.05,0.00
-36.00,-0.192586,-66.00,-36.00,-0.144894,-66.00,-4.000000E-4,-4.769200E-2,1.300000E-3,0.05,0.00,0.05,0.00
-39.00,-0.167550,-66.00,-39.00,-0.123016,-66.00,-3.000000E-4,-4.453400E-2,1.300000E-3,0.04,0.00,0.04,0.00
-42.00,-0.143661,-66.00,-42.00,-0.102803,-66.00,-1.000000E-4,-4.085800E-2,1.200000E-3,0.04,0.00,0.04,0.00
-45.00,-0.120554,-66.00,-45.00,-0.083820,-66.00,1.000000E-4,-3.673430E-2,1.100000E-3,0.04,0.00,0.04,0.00
-48.00,-0.099073,-66.00,-48.00,-0.066819,-66.00,2.000000E-4,-3.225370E-2,1.000000E-3,0.03,0.00,0.03,0.00
-51.00,-0.079529,-66.00,-51.00,-0.052014,-66.00,2.000000E-4,-2.751440E-2,1.000000E-3,0.03,0.00,0.03,0.00
-54.00,-0.061607,-66.00,-54.00,-0.038973,-66.00,4.000000E-4,-2.263360E-2,8.000000E-4,0.02,0.00,0.02,0.00
-57.00,-0.045658,-66.00,-57.00,-0.027902,-66.00,4.000000E-4,-1.775510E-2,8.000000E-4,0.02,0.00,0.02,0.00
-60.00,-0.031430,-66.00,-60.00,-0.018377,-66.00,4.000000E-4,-1.305220E-2,7.000000E-4,0.01,0.00,0.01,0.00
-63.00,-0.019636,-66.00,-63.00,-0.010895,-66.00,3.000000E-4,-8.740400E-3,5.000000E-4,0.01,0.00,0.01,0.00
-66.00,-0.010533,-66.00,-66.00,-0.005467,-66.00,3.000000E-4,-5.065480E-3,4.000000E-4,0.01,0.00,0.01,0.00
-69.00,-0.004073,-66.00,-69.00,-0.001789,-66.00,2.000000E-4,-2.283960E-3,3.000000E-4,0.00,0.00,0.00,0.00
-72.00,-0.000718,-66.00,-72.00,-0.000123,-66.00,1.000000E-4,-5.952570E-4,1.000000E-4,0.00,0.00,0.00,0.00
-75,-0.000001,-66,-75,-0.000001,-66,0.000000E+0,0.000000E+0,0.000000E+0,0,0,0,0
75,-0.000001,-69,75,-0.000001,-69,0.000000E+0,0.000000E+0,0.000000E+0,0,0,0,0
72.00,-0.000148,-69.00,72.00,-0.000040,-69.00,-1.000000E-4,-1.083517E-4,1.000000E-4,0.00,0.00,0.00,0.00
69.00,-0.000505,-69.00,69.00,-0.000155,-69.00,-1.000000E-4,-3.499210E-4,1.000000E-4,0.00,0.00,0.00,0.00
66.00,-0.002172,-69.00,66.00,-0.001431,-69.00,-3.000000E-4,-7.406100E-4,2.000000E-4,0.00,0.00,0.00,0.00
63.00,-0.004376,-69.00,63.00,-0.003131,-69.00,-3.000000E-4,-1.244930E-3,1.000000E-4,0.00,0.00,0.00,0.00
60.00,-0.007910,-69.00,60.00,-0.006085,-69.00,-3.000000E-4,-1.825230E-3,2.000000E-4,0.00,0.00,0.00,0.00
57.00,-0.012168,-69.00,57.00,-0.009712,-69.00,-4.000000E-4,-2.455560E-3,1.000000E-4,0.00,0.00,0.00,0.00
54.00,-0.017625,-69.00,54.00,-0.014507,-69.00,-4.000000E-4,-3.118200E-3,2.000000E-4,0.00,0.00,0.00,0.00
51.00,-0.024091,-69.00,51.00,-0.020282,-69.00,-6.000000E-4,-3.809300E-3,2.000000E-4,0.00,0.00,0.00,0.00
48.00,-0.031709,-69.00,48.00,-0.027176,-69.00,-6.000000E-4,-4.533000E-3,2.000000E-4,0.00,0.00,0.00,0.00
45.00,-0.040195,-69.00,45.00,-0.034891,-69.00,-7.000000E-4,-5.304000E-3,3.000000E-4,0.01,0.00,0.01,0.00
42.00,-0.050299,-69.00,42.00,-0.044178,-69.00,-8.000000E-4,-6.121700E-3,3.000000E-4,0.01,0.00,0.01,0.00
39.00,-0.061825,-69.00,39.00,-0.054828,-69.00,-8.000000E-4,-6.996100E-3,3.000000E-4,0.01,0.00,0.01,0.00
36.00,-0.074458,-69.00,36.00,-0.066527,-69.00,-9.000000E-4,-7.931500E-3,3.000000E-4,0.01,0.00,0.01,0.00
33.00,-0.087608,-69.00,33.00,-0.078673,-69.00,-9.000000E-4,-8.934900E-3,3.000000E-4,0.01,0.00,0.01,0.00
30.00,-0.101757,-69.00,30.00,-0.091756,-69.00,-1.100000E-3,-1.000120E-2,3.000000E-4,0.01,0.00,0.01,0.00
27.00,-0.116071,-69.00,27.00,-0.104941,-69.00,-1.200000E-3,-1.113000E-2,4.000000E-4,0.01,0.00,0.01,0.00
24.00,-0.130900,-69.00,24.00,-0.118597,-69.00,-1.200000E-3,-1.230300E-2,4.000000E-4,0.01,0.00,0.01,0.00
21.00,-0.145086,-68.99,21.00,-0.131572,-69.00,-1.400000E-3,-1.351400E-2,4.000000E-4,0.01,0.00,0.01,0.00
18.00,-0.159136,-68.99,18.00,-0.144378,-68.99,-1.400000E-3,-1.475800E-2,5.000000E-4,0.01,0.00,0.01,0.00
15.00,-0.172093,-68.99,15.00,-0.156054,-68.99,-1.500000E-3,-1.603900E-2,5.000000E-4,0.02,0.00,0.02,0.00
12.00,-0.183951,-68.99,12.00,-0.166596,-68.99,-1.500000E-3,-1.735500E-2,4.000000E-4,0.02,0.00,0.02,0.00
9.00,-0.194029,-68.99,9.00,-0.175337,-68.99,-1.580000E-3,-1.869200E-2,5.000000E-4,0.02,0.00,0.02,0.00
6.00,-0.201982,-68.99,6.00,-0.181946,-68.99,-1.620000E-3,-2.003600E-2,5.000000E-4,0.02,0.00,0.02,0.00
3.00,-0.208011,-68.99,3.00,-0.186662,-68.99,-1.640000E-3,-2.134900E-2,6.000000E-4,0.02,0.00,0.02,0.00
-0.002047,-0.211561,-68.99,-0.000406,-0.188962,-68.99,-1.641221E-3,-2.259900E-2,7.000000E-4,0.02,0.00,0.02,0.00
-3.00,-0.212416,-68.99,-3.00,-0.188683,-68.99,-1.620000E-3,-2.373300E-2,8.000000E-4,0.02,0.00,0.02,0.00
-6.00,-0.210613,-68.99,-6.00,-0.185884,-68.99,-1.580000E-3,-2.472900E-2,8.000000E-4,0.02,0.00,0.02,0.00
-9.00,-0.206470,-68.99,-9.00,-0.180913,-68.99,-1.510000E-3,-2.555700E-2,1.000000E-3,0.03,0.00,0.03,0.00
-12.00,-0.199669,-68.99,-12.00,-0.173463,-68.99,-1.400000E-3,-2.620600E-2,1.000000E-3,0.03,0.00,0.03,0.00
-15.00,-0.191024,-68.99,-15.00,-0.164353,-68.99,-1.300000E-3,-2.667100E-2,1.100000E-3,0.03,0.00,0.03,0.00
-18.00,-0.180505,-68.99,-18,-0.153565,-68.99,-1.100000E-3,-2.694000E-2,1.100000E-3,0.03,0.00,0.03,0.00
-21.00,-0.168370,-68.99,-21.00,-0.141375,-68.99,-1.000000E-3,-2.699500E-2,1.200000E-3,0.03,0.00,0.03,0.00
-24.00,-0.155084,-68.99,-24.00,-0.128272,-68.99,-9.000000E-4,-2.681200E-2,1.200000E-3,0.03,0.00,0.03,0.00
-27.00,-0.141284,-68.99,-27.00,-0.114921,-69.00,-6.000000E-4,-2.636300E-2,1.300000E-3,0.03,0.00,0.03,0.00
-30,-0.126934,-68.99,-30.00,-0.101308,-69.00,-5.000000E-4,-2.562600E-2,1.200000E-3,0.03,0.00,0.03,0.00
-33.00,-0.112693,-69.00,-33.00,-0.088103,-69.00,-3.000000E-4,-2.459040E-2,1.200000E-3,0.02,0.00,0.02,0.00
-36.00,-0.098476,-69.00,-36.00,-0.075214,-69.00,-2.000000E-4,-2.326190E-2,1.100000E-3,0.02,0.00,0.02,0.00
-39.00,-0.084589,-69.00,-39.00,-0.062930,-69.00,0.000000E+0,-2.165910E-2,1.000000E-3,0.02,0,0.02,0.00
-42.00,-0.071249,-69.00,-42.00,-0.051444,-69.00,1.000000E-4,-1.980580E-2,9.000000E-4,0.02,0.00,0.02,0.00
-45.00,-0.058742,-69.00,-45.00,-0.040991,-69.00,2.000000E-4,-1.775030E-2,9.000000E-4,0.02,0.00,0.02,0.00
-48.00,-0.047656,-69.00,-48.00,-0.032126,-69.00,3.000000E-4,-1.553010E-2,8.000000E-4,0.02,0.00,0.02,0.00
-51.00,-0.037332,-69.00,-51.00,-0.024129,-69.00,3.000000E-4,-1.320290E-2,7.000000E-4,0.01,0.00,0.01,0.00
-54.00,-0.028572,-69.00,-54.00,-0.017751,-69.00,3.000000E-4,-1.082150E-2,6.000000E-4,0.01,0.00,0.01,0.00
-57.00,-0.020625,-69.00,-57.00,-0.012178,-69.00,3.000000E-4,-8.447600E-3,5.000000E-4,0.01,0.00,0.01,0.00
-60.00,-0.014076,-69.00,-60.00,-0.007913,-69.00,3.000000E-4,-6.162430E-3,4.000000E-4,0.01,0.00,0.01,0.00
-63.00,-0.008195,-69.00,-63.00,-0.004124,-69.00,2.000000E-4,-4.071150E-3,4.000000E-4,0.00,0.00,0.00,0.00
-66.00,-0.004054,-69.00,-66.00,-0.001752,-69.00,2.000000E-4,-2.301990E-3,3.000000E-4,0.00,0.00,0.00,0.00
-69.00,-0.001285,-69.00,-69.00,-0.000292,-69.00,2.000000E-4,-9.923860E-4,2.000000E-4,0.00,0.00,0.00,0.00
-72.00,-0.000372,-69.00,-72.00,-0.000120,-69.00,1.000000E-4,-2.518740E-4,2.000000E-4,0.00,0.00,0.00,0.00
-75,-0.000001,-69,-75,-0.000001,-69,0.000000E+0,0.000000E+0,0.000000E+0,0,0,0,0
75,-0.000001,-72,75,-0.000001,-72,0.000000E+0,0.000000E+0,0.000000E+0,0,0,0,0
72.00,-0.000230,-72.00,72.00,-0.000194,-72.00,0.000000E+0,-3.566600E-5,0.000000E+0,0.00,0,0.00,0
69.00,-0.000039,-72.00,69.00,0.000069,-72.00,-1.000000E-4,-1.087711E-4,1.000000E-4,0.00,0.00,0.00,0.00
66.00,-0.000257,-72.00,66.00,-0.000036,-72.00,-1.000000E-4,-2.205328E-4,1.000000E-4,0.00,0.00,0.00,0.00
63.00,-0.001204,-72.00,63.00,-0.000846,-72.00,-1.000000E-4,-3.577050E-4,1.000000E-4,0.00,0.00,0.00,0.00
60.00,-0.001689,-72.00,60.00,-0.001178,-72.00,-2.000000E-4,-5.113500E-4,1.000000E-4,0.00,0.00,0.00,0.00
57.00,-0.003157,-72.00,57.00,-0.002484,-72.00,-3.000000E-4,-6.736500E-4,1.000000E-4,0.00,0.00,0.00,0.00
54.00,-0.004710,-72.00,54.00,-0.003870,-72.00,-2.000000E-4,-8.397800E-4,1.000000E-4,0.00,0.00,0.00,0.00
51.00,-0.006320,-72.00,51.00,-0.005313,-72.00,-3.000000E-4,-1.007190E-3,1.000000E-4,0.00,0.00,0.00,0.00
48.00,-0.008700,-72.00,48.00,-0.007515,-72.00,-3.000000E-4,-1.185620E-3,1.000000E-4,0.00,0.00,0.00,0.00
45.00,-0.010923,-72.00,45.00,-0.009539,-72.00,-3.000000E-4,-1.383940E-3,1.000000E-4,0.00,0.00,0.00,0.00
42.00,-0.013813,-72.00,42.00,-0.012200,-72.00,-4.000000E-4,-1.613000E-3,2.000000E-4,0.00,0.00,0.00,0.00
39.00,-0.017401,-72.00,39.00,-0.015543,-72.00,-4.000000E-4,-1.858000E-3,2.000000E-4,0.00,0.00,0.00,0.00
36.00,-0.021578,-72.00,36.00,-0.019468,-72.00,-5.000000E-4,-2.110200E-3,2.000000E-4,0.00,0.00,0.00,0.00
33.00,-0.025337,-72.00,33.00,-0.022956,-72.00,-6.000000E-4,-2.381100E-3,2.000000E-4,0.00,0.00,0.00,0.00
30.00,-0.029728,-72.00,30.00,-0.027049,-72.00,-5.000000E-4,-2.679000E-3,3.000000E-4,0.00,0.00,0.00,0.00
27.00,-0.034436,-72.00,27.00,-0.031436,-72.00,-6.000000E-4,-3.000400E-3,3.000000E-4,0.00,0.00,0.00,0.00
24.00,-0.039041,-72.00,24.00,-0.035706,-72.00,-6.000000E-4,-3.335100E-3,3.000000E-4,0.00,0.00,0.00,0.00
21.00,-0.043878,-71.99,21.00,-0.040204,-71.99,-7.000000E-4,-3.673800E-3,4.000000E-4,0.00,0.00,0.00,0.00
18.00,-0.048567,-71.99,18.00,-0.044542,-71.99,-8.000000E-4,-4.024800E-3,4.000000E-4,0.00,0.00,0.00,0.00
15.00,-0.053014,-71.99,15.00,-0.048627,-71.99,-8.000000E-4,-4.387000E-3,5.000000E-4,0.00,0.00,0.00,0.00
12.00,-0.057051,-71.99,12.00,-0.052293,-71.99,-8.000000E-4,-4.758000E-3,4.000000E-4,0.00,0.00,0.00,0.00
9.00,-0.060449,-71.99,9.00,-0.055314,-71.99,-8.300000E-4,-5.134200E-3,5.000000E-4,0.01,0.00,0.01,0.00
6.00,-0.063176,-71.99,6.00,-0.057668,-71.99,-8.500000E-4,-5.508000E-3,5.000000E-4,0.01,0.00,0.01,0.00
3.00,-0.064985,-71.99,3.00,-0.059106,-71.99,-8.600000E-4,-5.878600E-3,6.000000E-4,0.01,0.00,0.01,0.00
-0.001244,-0.066102,-71.99,-0.000384,-0.059878,-71.99,-8.599470E-4,-6.224000E-3,7.000000E-4,0.01,0.00,0.01,0.00
-3.00,-0.066527,-71.99,-3.00,-0.059989,-71.99,-8.500000E-4,-6.537600E-3,7.000000E-4,0.01,0.00,0.01,0.00
-6.00,-0.065886,-71.99,-6.00,-0.059079,-71.99,-8.200000E-4,-6.806600E-3,8.000000E-4,0.01,0.00,0.01,0.00
-9.00,-0.064049,-71.99,-9.00,-0.057023,-71.99,-7.700000E-4,-7.025400E-3,8.000000E-4,0.01,0.00,0.01,0.00
-12.00,-0.061864,-71.99,-12.00,-0.054671,-71.99,-8.000000E-4,-7.193200E-3,8.000000E-4,0.01,0.00,0.01,0.00
-15.00,-0.058814,-71.99,-15.00,-0.051506,-71.99,-6.000000E-4,-7.307300E-3,9.000000E-4,0.01,0.00,0.01,0.00
-18.00,-0.054674,-71.99,-18.00,-0.047310,-71.99,-6.000000E-4,-7.363500E-3,9.000000E-4,0.01,0.00,0.01,0.00
-21,-0.050622,-71.99,-21.00,-0.043258,-71.99,-4.000000E-4,-7.364500E-3,8.000000E-4,0.01,0.00,0.01,0.00
-24.00,-0.046371,-71.99,-24.00,-0.039070,-71.99,-4.000000E-4,-7.301600E-3,9.000000E-4,0.01,0.00,0.01,0.00
-27.00,-0.041833,-71.99,-27.00,-0.034672,-72.00,-3.000000E-4,-7.160800E-3,9.000000E-4,0.01,0.00,0.01,0.00
-30.00,-0.037047,-72.00,-30.00,-0.030114,-72.00,-2.000000E-4,-6.933000E-3,7.000000E-4,0.01,0.00,0.01,0.00
-33.00,-0.032831,-72.00,-33.00,-0.026204,-72.00,-1.000000E-4,-6.627500E-3,7.000000E-4,0.01,0.00,0.01,0.00
-36.00,-0.027961,-72.00,-36.00,-0.021706,-72.00,0.000000E+0,-6.255400E-3,6.000000E-4,0.01,0,0.01,0.00
-39.00,-0.023965,-72.00,-39.00,-0.018152,-72.00,0.000000E+0,-5.813000E-3,6.000000E-4,0.01,0,0.01,0.00
-42.00,-0.019887,-72.00,-42.00,-0.014587,-72.00,1.000000E-4,-5.300100E-3,5.000000E-4,0.01,0.00,0.01,0.00
-45.00,-0.016126,-72.00,-45.00,-0.011404,-72.00,1.000000E-4,-4.721800E-3,5.000000E-4,0.00,0.00,0.00,0.00
-48.00,-0.012674,-72.00,-48.00,-0.008558,-72.00,2.000000E-4,-4.115410E-3,4.000000E-4,0.00,0.00,0.00,0.00
-51.00,-0.009994,-72.00,-51.00,-0.006496,-72.00,2.000000E-4,-3.498060E-3,3.000000E-4,0.00,0.00,0.00,0.00
-54.00,-0.007370,-72.00,-54.00,-0.004497,-72.00,2.000000E-4,-2.872800E-3,3.000000E-4,0.00,0.00,0.00,0.00
-57.00,-0.005308,-72.00,-57.00,-0.003063,-72.00,2.000000E-4,-2.245700E-3,2.000000E-4,0.00,0.00,0.00,0.00
-60.00,-0.003772,-72.00,-60.00,-0.002134,-72.00,2.000000E-4,-1.637440E-3,2.000000E-4,0.00,0.00,0.00,0.00
-63.00,-0.002270,-72.00,-63.00,-0.001192,-72.00,2.000000E-4,-1.078620E-3,2.000000E-4,0.00,0.00,0.00,0.00
-66.00,-0.000555,-72.00,-66.00,0.000049,-72.00,1.000000E-4,-6.036758E-4,1.000000E-4,0.00,0.00,0.00,0.00
-69.00,-0.000203,-72.00,-69.00,0.000051,-72.00,2.000000E-4,-2.535022E-4,1.000000E-4,0.00,0.00,0.00,0.00
-72.00,-0.000350,-72.00,-72.00,-0.000286,-72.00,1.000000E-4,-6.378600E-5,1.000000E-4,0.00,0.00,0.00,0.00
-75,-0.000001,-72,-75,-0.000001,-72,0.000000E+0,0.000000E+0,0.000000E+0,0,0,0,0
75,-0.000001,-75,75,-0.000001,-75,0.000000E+0,0.000000E+0,0.000000E+0,0,0,0,0
72,-0.000001,-75,72,-0.000001,-75,0.000000E+0,0.000000E+0,0.000000E+0,0,0,0,0
69,-0.000001,-75,69,-0.000001,-75,0.000000E+0,0.000000E+0,0.000000E+0,0,0,0,0
66,-0.000001,-75,66,-0.000001,-75,0.000000E+0,0.000000E+0,0.000000E+0,0,0,0,0
63,-0.000001,-75,63,-0.000001,-75,0.000000E+0,0.000000E+0,0.000000E+0,0,0,0,0
60,-0.000001,-75,60,-0.000001,-75,0.000000E+0,0.000000E+0,0.000000E+0,0,0,0,0
57,-0.000001,-75,57,-0.000001,-75,0.000000E+0,0.000000E+0,0.000000E+0,0,0,0,0
54,-0.000001,-75,54,-0.000001,-75,0.000000E+0,0.000000E+0,0.000000E+0,0,0,0,0
51,-0.000001,-75,51,-0.000001,-75,0.000000E+0,0.000000E+0,0.000000E+0,0,0,0,0
48,-0.000001,-75,48,-0.000001,-75,0.000000E+0,0.000000E+0,0.000000E+0,0,0,0,0
45,-0.000001,-75,45,-0.000001,-75,0.000000E+0,0.000000E+0,0.000000E+0,0,0,0,0
42,-0.000001,-75,42,-0.000001,-75,0.000000E+0,0.000000E+0,0.000000E+0,0,0,0,0
39,-0.000001,-75,39,-0.000001,-75,0.000000E+0,0.000000E+0,0.000000E+0,0,0,0,0
36,-0.000001,-75,36,-0.000001,-75,0.000000E+0,0.000000E+0,0.000000E+0,0,0,0,0
33,-0.000001,-75,33,-0.000001,-75,0.000000E+0,0.000000E+0,0.000000E+0,0,0,0,0
30,-0.000001,-75,30,-0.000001,-75,0.000000E+0,0.000000E+0,0.000000E+0,0,0,0,0
27,-0.000001,-75,27,-0.000001,-75,0.000000E+0,0.000000E+0,0.000000E+0,0,0,0,0
24,-0.000001,-75,24,-0.000001,-75,0.000000E+0,0.000000E+0,0.000000E+0,0,0,0,0
21,-0.000001,-75,21,-0.000001,-75,0.000000E+0,0.000000E+0,0.000000E+0,0,0,0,0
18,-0.000001,-75,18,-0.000001,-75,0.000000E+0,0.000000E+0,0.000000E+0,0,0,0,0
15,-0.000001,-75,15,-0.000001,-75,0.000000E+0,0.000000E+0,0.000000E+0,0,0,0,0
12,-0.000001,-75,12,-0.000001,-75,0.000000E+0,0.000000E+0,0.000000E+0,0,0,0,0
9,-0.000001,-75,9,-0.000001,-75,0.000000E+0,0.000000E+0,0.000000E+0,0,0,0,0
6,-0.000001,-75,6,-0.000001,-75,0.000000E+0,0.000000E+0,0.000000E+0,0,0,0,0
3,-0.000001,-75,3,-0.000001,-75,0.000000E+0,0.000000E+0,0.000000E+0,0,0,0,0
0,-0.000001,-75,0.000000,-0.000001,-75,6.785560E-35,0.000000E+0,0.000000E+0,0.00,0.00,0,0
-3,-0.000001,-75,-3,-0.000001,-75,0.000000E+0,0.000000E+0,0.000000E+0,0,0,0,0
-6,-0.000001,-75,-6,-0.000001,-75,0.000000E+0,0.000000E+0,0.000000E+0,0,0,0,0
-9,-0.000001,-75,-9,-0.000001,-75,0.000000E+0,0.000000E+0,0.000000E+0,0,0,0,0
-12,-0.000001,-75,-12,-0.000001,-75,0.000000E+0,0.000000E+0,0.000000E+0,0,0,0,0
-15,-0.000001,-75,-15,-0.000001,-75,0.000000E+0,0.000000E+0,0.000000E+0,0,0,0,0
-18,-0.000001,-75,-18,-0.000001,-75,0.000000E+0,0.000000E+0,0.000000E+0,0,0,0,0
-21,-0.000001,-75,-21,-0.000001,-75,0.000000E+0,0.000000E+0,0.000000E+0,0,0,0,0
-24,-0.000001,-75,-24,-0.000001,-75,0.000000E+0,0.000000E+0,0.000000E+0,0,0,0,0
-27,-0.000001,-75,-27,-0.000001,-75,0.000000E+0,0.000000E+0,0.000000E+0,0,0,0,0
-30,-0.000001,-75,-30,-0.000001,-75,0.000000E+0,0.000000E+0,0.000000E+0,0,0,0,0
-33,-0.000001,-75,-33,-0.000001,-75,0.000000E+0,0.000000E+0,0.000000E+0,0,0,0,0
-36,-0.000001,-75,-36,-0.000001,-75,0.000000E+0,0.000000E+0,0.000000E+0,0,0,0,0
-39,-0.000001,-75,-39,-0.000001,-75,0.000000E+0,0.000000E+0,0.000000E+0,0,0,0,0
-42,-0.000001,-75,-42,-0.000001,-75,0.000000E+0,0.000000E+0,0.000000E+0,0,0,0,0
-45,-0.000001,-75,-45,-0.000001,-75,0.000000E+0,0.000000E+0,0.000000E+0,0,0,0,0
-48,-0.000001,-75,-48,-0.000001,-75,0.000000E+0,0.000000E+0,0.000000E+0,0,0,0,0
-51,-0.000001,-75,-51,-0.000001,-75,0.000000E+0,0.000000E+0,0.000000E+0,0,0,0,0
-54,-0.000001,-75,-54,-0.000001,-75,0.000000E+0,0.000000E+0,0.000000E+0,0,0,0,0
-57,-0.000001,-75,-57,-0.000001,-75,0.000000E+0,0.000000E+0,0.000000E+0,0,0,0,0
-60,-0.000001,-75,-60,-0.000001,-75,0.000000E+0,0.000000E+0,0.000000E+0,0,0,0,0
-63,-0.000001,-75,-63,-0.000001,-75,0.000000E+0,0.000000E+0,0.000000E+0,0,0,0,0
-66,-0.000001,-75,-66,-0.000001,-75,0.000000E+0,0.000000E+0,0.000000E+0,0,0,0,0
-69,-0.000001,-75,-69,-0.000001,-75,0.000000E+0,0.000000E+0,0.000000E+0,0,0,0,0
-72,-0.000001,-75,-72,-0.000001,-75,0.000000E+0,0.000000E+0,0.000000E+0,0,0,0,0
-75,-0.000001,-75,-75,-0.000001,-75,0.000000E+0,0.000000E+0,0.000000E+0,0,0,0,0